==================================================================
= Multi Theft Auto: San Andreas v1.6
==================================================================
= Server name      : Direct Backup V3
= Server IP address: auto
= Server port      : 22221
= 
= Log file         : ../MTA/server/mods/deathmatch/logs/server.log
= Maximum players  : 2
= HTTP port        : 22221
= Voice Chat       : Disabled
= Bandwidth saving : None
==================================================================
[2026-09-25 03:20:12] Compacting accounts database 'internal.db' ...
[2026-09-25 03:20:12] ERROR: Couldn't find map afiss_rpboxg.map for resource LSB
[2026-09-25 03:20:12] Loading of resource 'LSB' failed
[2026-09-25 03:20:12] ERROR: Couldn't find map varti_lspd.map for resource LSgate
[2026-09-25 03:20:12] Loading of resource 'LSgate' failed
[2026-09-25 03:20:13] Resource 'acpanel' requests some acl rights. Use the command 'aclrequest list acpanel'
[2026-09-25 03:20:17] ERROR: Couldn't find map izgastuve.map for resource dumpsite
[2026-09-25 03:20:17] Loading of resource 'dumpsite' failed
[2026-09-25 03:20:23] Resource 'mapmanager' requests some acl rights. Use the command 'aclrequest list mapmanager'
[2026-09-25 03:20:29] Resource 'runcode' requests some acl rights. Use the command 'aclrequest list runcode'
[2026-09-25 03:20:31] WARNING: Ignoring duplicate client file in resource 'vrp': 'Imagens/Fundo.png'
[2026-09-25 03:20:32] ERROR: Problem with resource: LSB; Couldn't find map afiss_rpboxg.map for resource LSB
[2026-09-25 03:20:32] ERROR: Problem with resource: LSgate; Couldn't find map varti_lspd.map for resource LSgate
[2026-09-25 03:20:32] ERROR: Problem with resource: assault; Failed to link to scoreboard
[2026-09-25 03:20:32] ERROR: Not processing resource 'briefcase' as it has duplicates on different paths:
                  Path #1: "resources\briefcase"
                  Path #2: "resources\[gamemodes]\[briefcaserace]\briefcase"
[2026-09-25 03:20:32] ERROR: Problem with resource: briefcaserace; Failed to link to scoreboard
[2026-09-25 03:20:32] ERROR: Problem with resource: ctf; Failed to link to scoreboard
[2026-09-25 03:20:32] ERROR: Problem with resource: ctf-bombsite; Failed to link to scoreboard
[2026-09-25 03:20:32] ERROR: Problem with resource: ctf-canals; Failed to link to scoreboard
[2026-09-25 03:20:32] ERROR: Problem with resource: ctf-hydrastrike; 
[2026-09-25 03:20:32] ERROR: Problem with resource: ctf-tbd; Failed to link to scoreboard
[2026-09-25 03:20:32] ERROR: Problem with resource: ctv; Failed to link to scoreboard
[2026-09-25 03:20:32] ERROR: Problem with resource: deathmatch; Failed to link to scoreboard
[2026-09-25 03:20:32] ERROR: Problem with resource: dumpsite; Couldn't find map izgastuve.map for resource dumpsite
[2026-09-25 03:20:32] ERROR: Problem with resource: editor; 
[2026-09-25 03:20:32] ERROR: Problem with resource: editor_main; Failed to link to freecam
[2026-09-25 03:20:32] ERROR: Problem with resource: fallout; Failed to link to freecam
[2026-09-25 03:20:32] ERROR: Not processing resource 'freecam' as it has duplicates on different paths:
                  Path #1: "resources\freecam"
                  Path #2: "resources\[editor]\freecam"
[2026-09-25 03:20:32] ERROR: Problem with resource: hay; Failed to link to scoreboard
[2026-09-25 03:20:32] ERROR: Not processing resource 'ipb' as it has duplicates on different paths:
                  Path #1: "resources\ipb"
                  Path #2: "resources\[admin]\ipb"
[2026-09-25 03:20:32] ERROR: Not processing resource 'parachute' as it has duplicates on different paths:
                  Path #1: "resources\parachute"
                  Path #2: "resources\[gameplay]\parachute"
[2026-09-25 03:20:32] ERROR: Problem with resource: play; Failed to link to superman
[2026-09-25 03:20:32] ERROR: Problem with resource: race; Failed to link to scoreboard
[2026-09-25 03:20:32] ERROR: Not processing resource 'scoreboard' as it has duplicates on different paths:
                  Path #1: "resources\scoreboard"
                  Path #2: "resources\[gameplay]\scoreboard"
[2026-09-25 03:20:32] ERROR: Problem with resource: scores; Failed to link to scoreboard
[2026-09-25 03:20:32] ERROR: Problem with resource: stealth; Failed to link to scoreboard
[2026-09-25 03:20:32] ERROR: Not processing resource 'superman' as it has duplicates on different paths:
                  Path #1: "resources\superman"
                  Path #2: "resources\[gameplay]\superman"
[2026-09-25 03:20:32] ERROR: Problem with resource: tdm; Failed to link to scoreboard
[2026-09-25 03:20:32] ERROR: Problem with resource: tdma; Failed to link to scoreboard
[2026-09-25 03:20:32] Resources: 329 loaded, 22 failed
[2026-09-25 03:20:32] Compacting database 'registry.db' ...
[2026-09-25 03:20:32] MODULE: File not found - mods\deathmatch\modules\dbconmy.dll
[2026-09-25 03:20:32] Starting resources...
[2026-09-25 03:20:32] ERROR: mysql\connection.lua:16: attempt to call global 'mysql_connect' (a nil value)
[2026-09-25 03:20:32] ERROR: mysql\connection.lua:62: attempt to call global 'mysql_ping' (a nil value)
[2026-09-25 03:20:32] ERROR: global\s_money_globals.lua:126: call: failed to call 'mysql:query' [string "?"]
[2026-09-25 03:20:32] ERROR: mysql\connection.lua:62: attempt to call global 'mysql_ping' (a nil value)
[2026-09-25 03:20:32] ERROR: global\s_money_globals.lua:181: call: failed to call 'mysql:query' [string "?"]
[2026-09-25 03:20:32] Server minclientversion is now 1.5.9-9.21129.0
[2026-09-25 03:20:32] ERROR: mysql\connection.lua:62: attempt to call global 'mysql_ping' (a nil value)
[2026-09-25 03:20:32] ERROR: datetime\datetime_s.lua:17: call: failed to call 'mysql:query_fetch_assoc' [string "?"]
[2026-09-25 03:20:32] ERROR: datetime\datetime_s.lua:17: attempt to index a boolean value
[2026-09-25 03:20:32] WARNING: hud/c_overlay_top_right.lua(Line 106) [Client] getControlState is deprecated and may not work in future versions. Please replace with getPedControlState.
[2026-09-25 03:20:32] WARNING: hud/c_overlay_bottom_center.lua(Line 90) [Client] getControlState is deprecated and may not work in future versions. Please replace with getPedControlState.
[2026-09-25 03:20:32] Some files in 'hud' use deprecated functions.
[2026-09-25 03:20:32] Use the 'upgrade' command to perform a basic upgrade of resources.
[2026-09-25 03:20:32] WARNING: account/c_main.lua(Line 5) [Client] showPlayerHudComponent is deprecated and may not work in future versions. Please replace with setPlayerHudComponentVisible.
[2026-09-25 03:20:32] WARNING: account/c_main.lua(Line 7) [Client] showPlayerHudComponent is deprecated and may not work in future versions. Please replace with setPlayerHudComponentVisible.
[2026-09-25 03:20:32] WARNING: account/c_main.lua(Line 9) [Client] showPlayerHudComponent is deprecated and may not work in future versions. Please replace with setPlayerHudComponentVisible.
[2026-09-25 03:20:32] WARNING: account/c_main.lua(Line 11) [Client] showPlayerHudComponent is deprecated and may not work in future versions. Please replace with setPlayerHudComponentVisible.
[2026-09-25 03:20:32] WARNING: account/c_main.lua(Line 13) [Client] showPlayerHudComponent is deprecated and may not work in future versions. Please replace with setPlayerHudComponentVisible.
[2026-09-25 03:20:32] WARNING: account/c_main.lua(Line 15) [Client] showPlayerHudComponent is deprecated and may not work in future versions. Please replace with setPlayerHudComponentVisible.
[2026-09-25 03:20:32] WARNING: account/c_main.lua(Line 17) [Client] showPlayerHudComponent is deprecated and may not work in future versions. Please replace with setPlayerHudComponentVisible.
[2026-09-25 03:20:32] WARNING: account/c_main.lua(Line 19) [Client] showPlayerHudComponent is deprecated and may not work in future versions. Please replace with setPlayerHudComponentVisible.
[2026-09-25 03:20:32] WARNING: account/c_main.lua(Line 21) [Client] showPlayerHudComponent is deprecated and may not work in future versions. Please replace with setPlayerHudComponentVisible.
[2026-09-25 03:20:32] WARNING: account/c_main.lua(Line 23) [Client] showPlayerHudComponent is deprecated and may not work in future versions. Please replace with setPlayerHudComponentVisible.
[2026-09-25 03:20:32] WARNING: account/c_main.lua(Line 25) [Client] showPlayerHudComponent is deprecated and may not work in future versions. Please replace with setPlayerHudComponentVisible.
[2026-09-25 03:20:32] WARNING: account/c_characters.lua(Line 13) [Client] showPlayerHudComponent is deprecated and may not work in future versions. Please replace with setPlayerHudComponentVisible.
[2026-09-25 03:20:32] WARNING: account/c_options.lua(Line 519) [Client] setControlState is deprecated and may not work in future versions. Please replace with setPedControlState.
[2026-09-25 03:20:32] Some files in 'account' use deprecated functions.
[2026-09-25 03:20:32] Use the 'upgrade' command to perform a basic upgrade of resources.
[2026-09-25 03:20:32] WARNING: account\s_main.lua:77: Attempt to restart a stopped resource
[2026-09-25 03:20:32] Admin access list successfully updated 
[2026-09-25 03:20:32] INFO: Admin added 105 missing rights
[2026-09-25 03:20:32] ERROR: Couldn't find resource serialwhitelist. Check it exists.
[2026-09-25 03:20:32] WARNING: admin-system/Player/s_teleport.lua(Line 123) [Server] setVehicleTurnVelocity is deprecated and may not work in future versions. Please replace with setElementAngularVelocity.
[2026-09-25 03:20:32] WARNING: admin-system/Player/s_teleport.lua(Line 313) [Server] setVehicleTurnVelocity is deprecated and may not work in future versions. Please replace with setElementAngularVelocity.
[2026-09-25 03:20:32] WARNING: admin-system/Player/s_teleport.lua(Line 534) [Server] setVehicleTurnVelocity is deprecated and may not work in future versions. Please replace with setElementAngularVelocity.
[2026-09-25 03:20:32] WARNING: admin-system/Player/s_teleport.lua(Line 792) [Server] setVehicleTurnVelocity is deprecated and may not work in future versions. Please replace with setElementAngularVelocity.
[2026-09-25 03:20:32] WARNING: admin-system/Player/s_teleport.lua(Line 1176) [Server] setVehicleTurnVelocity is deprecated and may not work in future versions. Please replace with setElementAngularVelocity.
[2026-09-25 03:20:32] WARNING: admin-system/Player/s_teleport.lua(Line 1326) [Server] setVehicleTurnVelocity is deprecated and may not work in future versions. Please replace with setElementAngularVelocity.
[2026-09-25 03:20:32] WARNING: admin-system/c_overlay.lua(Line 460) [Client] getControlState is deprecated and may not work in future versions. Please replace with getPedControlState.
[2026-09-25 03:20:32] Some files in 'admin-system' use deprecated functions.
[2026-09-25 03:20:32] Use the 'upgrade' command to perform a basic upgrade of resources.
[2026-09-25 03:20:33] Server password cleared
[2026-09-25 03:20:33] WARNING: admin-system\Player\s_player_commands.lua:2933: Bad argument @ 'setWeaponProperty' [Expected number, got non-convertible string]
[2026-09-25 03:20:33] WARNING: admin-system\Player\s_player_commands.lua:2933: Bad argument @ 'setWeaponProperty' [Expected number, got non-convertible string]  [DUP x34]
[2026-09-25 03:20:33] ERROR: mysql\connection.lua:62: attempt to call global 'mysql_ping' (a nil value)
[2026-09-25 03:20:33] ERROR: camera-system\s_camera_management.lua:10: call: failed to call 'mysql:query' [string "?"]
[2026-09-25 03:20:33] WARNING: admin-system\Player\s_player_commands.lua:2933: Bad argument @ 'setWeaponProperty' [Expected number, got non-convertible string]
[2026-09-25 03:20:33] SCRIPT ERROR: ticket-system\s_vehticket.lua:389: ')' expected near 'Los'
[2026-09-25 03:20:33] WARNING: admin-system\Player\s_player_commands.lua:2933: Bad argument @ 'setWeaponProperty' [Expected number, got non-convertible string]  [DUP x13]
[2026-09-25 03:20:33] ERROR: Loading script failed: ticket-system\s_vehticket.lua:389: ')' expected near 'Los'
[2026-09-25 03:20:33] WARNING: admin-system\Player\s_player_commands.lua:2933: Bad argument @ 'setWeaponProperty' [Expected number, got non-convertible string]
[2026-09-25 03:20:33] WARNING: driveby/driveby_client.lua(Line 1024) [Client] setControlState is deprecated and may not work in future versions. Please replace with setPedControlState.
[2026-09-25 03:20:33] Some files in 'driveby' use deprecated functions.
[2026-09-25 03:20:33] Use the 'upgrade' command to perform a basic upgrade of resources.
[2026-09-25 03:20:33] WARNING: elevator-system/s_elevator_system.lua(Line 1445) [Server] setVehicleTurnVelocity is deprecated and may not work in future versions. Please replace with setElementAngularVelocity.
[2026-09-25 03:20:33] WARNING: elevator-system/s_elevator_system.lua(Line 1553) [Server] setVehicleTurnVelocity is deprecated and may not work in future versions. Please replace with setElementAngularVelocity.
[2026-09-25 03:20:33] Some files in 'elevator-system' use deprecated functions.
[2026-09-25 03:20:33] Use the 'upgrade' command to perform a basic upgrade of resources.
[2026-09-25 03:20:33] WARNING: admin-system\Player\s_player_commands.lua:2933: Bad argument @ 'setWeaponProperty' [Expected number, got non-convertible string]  [DUP x13]
[2026-09-25 03:20:33] ERROR: elevator-system\s_elevator_lift.lua:33: attempt to call global 'mysql_null' (a nil value)
[2026-09-25 03:20:33] WARNING: admin-system\Player\s_player_commands.lua:2933: Bad argument @ 'setWeaponProperty' [Expected number, got non-convertible string]
[2026-09-25 03:20:33] WARNING: admin-system\Player\s_player_commands.lua:2933: Bad argument @ 'setWeaponProperty' [Expected number, got non-convertible string]  [DUP x13]
[2026-09-25 03:20:33] ERROR: mysql\connection.lua:62: attempt to call global 'mysql_ping' (a nil value)
[2026-09-25 03:20:33] ERROR: faction-system\s_faction_system.lua:35: call: failed to call 'mysql:query' [string "?"]
[2026-09-25 03:20:33] ERROR: mysql\connection.lua:62: attempt to call global 'mysql_ping' (a nil value)
[2026-09-25 03:20:33] ERROR: faction-system\s_faction_admin.lua:1030: call: failed to call 'mysql:query_fetch_assoc' [string "?"]
[2026-09-25 03:20:33] ERROR: mysql\connection.lua:62: attempt to call global 'mysql_ping' (a nil value)
[2026-09-25 03:20:33] ERROR: faction-system\s_faction_admin.lua:1495: call: failed to call 'mysql:query' [string "?"]
[2026-09-25 03:20:33] ERROR: mysql\connection.lua:62: attempt to call global 'mysql_ping' (a nil value)
[2026-09-25 03:20:33] ERROR: faction-system\s_faction_admin.lua:1498: call: failed to call 'mysql:query' [string "?"]
[2026-09-25 03:20:33] INFO: [Factions] ERROR: Duty allow permissions failed.
[2026-09-25 03:20:33] WARNING: admin-system\Player\s_player_commands.lua:2933: Bad argument @ 'setWeaponProperty' [Expected number, got non-convertible string]
[2026-09-25 03:20:33] ERROR: Couldn't find resource freecam. Check it exists.
[2026-09-25 03:20:33] WARNING: fuel-system/s_fuel_peds.lua(Line 2522) [Server] setVehicleTurnVelocity is deprecated and may not work in future versions. Please replace with setElementAngularVelocity.
[2026-09-25 03:20:33] Some files in 'fuel-system' use deprecated functions.
[2026-09-25 03:20:33] Use the 'upgrade' command to perform a basic upgrade of resources.
[2026-09-25 03:20:33] WARNING: admin-system\Player\s_player_commands.lua:2933: Bad argument @ 'setWeaponProperty' [Expected number, got non-convertible string]  [DUP x20]
[2026-09-25 03:20:33] ERROR: mysql\connection.lua:62: attempt to call global 'mysql_ping' (a nil value)
[2026-09-25 03:20:33] ERROR: fuel-system\s_fuel_peds.lua:2205: call: failed to call 'mysql:query' [string "?"]
[2026-09-25 03:20:33] WARNING: admin-system\Player\s_player_commands.lua:2933: Bad argument @ 'setWeaponProperty' [Expected number, got non-convertible string]
[2026-09-25 03:20:33] Please wait...
[2026-09-25 03:20:33] WARNING: heligrab/c_heli.lua(Line 756) [Client] getControlState is deprecated and may not work in future versions. Please replace with getPedControlState.
[2026-09-25 03:20:33] Some files in 'heligrab' use deprecated functions.
[2026-09-25 03:20:33] Use the 'upgrade' command to perform a basic upgrade of resources.
[2026-09-25 03:20:33] WARNING: interior-system/blips_s.lua [Server] is encoded in ANSI instead of UTF-8.  Please convert your file to UTF-8.
[2026-09-25 03:20:33] Some files in 'interior-system' use deprecated functions.
[2026-09-25 03:20:33] Use the 'upgrade' command to perform a basic upgrade of resources.
[2026-09-25 03:20:33] WARNING: admin-system\Player\s_player_commands.lua:2933: Bad argument @ 'setWeaponProperty' [Expected number, got non-convertible string]  [DUP x34]
[2026-09-25 03:20:33] WARNING: Script 'interior-system\blips_s.lua' is not encoded in UTF-8.  Loading as ANSI...
[2026-09-25 03:20:33] SCRIPT ERROR: interior-system\blips_s.lua:1: unexpected symbol near 'char(28)'
[2026-09-25 03:20:33] ERROR: Loading script failed: interior-system\blips_s.lua:1: unexpected symbol near 'char(28)'
[2026-09-25 03:20:33] WARNING: admin-system\Player\s_player_commands.lua:2933: Bad argument @ 'setWeaponProperty' [Expected number, got non-convertible string]
[2026-09-25 03:20:33] WARNING: admin-system\Player\s_player_commands.lua:2933: Bad argument @ 'setWeaponProperty' [Expected number, got non-convertible string]  [DUP x13]
[2026-09-25 03:20:33] ERROR: mysql\connection.lua:62: attempt to call global 'mysql_ping' (a nil value)
[2026-09-25 03:20:33] ERROR: bank\s_bank_system.lua:67: call: failed to call 'mysql:query_free' [string "?"]
[2026-09-25 03:20:33] ERROR: mysql\connection.lua:62: attempt to call global 'mysql_ping' (a nil value)
[2026-09-25 03:20:33] ERROR: bank\s_atm_management.lua:277: call: failed to call 'mysql:query' [string "?"]
[2026-09-25 03:20:33] WARNING: admin-system\Player\s_player_commands.lua:2933: Bad argument @ 'setWeaponProperty' [Expected number, got non-convertible string]
[2026-09-25 03:20:33] WARNING: item-system/s_inventory.lua [Server] is encoded in ANSI instead of UTF-8.  Please convert your file to UTF-8.
[2026-09-25 03:20:33] WARNING: item-system/c_itemchange.lua(Line 9) [Client] showPlayerHudComponent is deprecated and may not work in future versions. Please replace with setPlayerHudComponentVisible.
[2026-09-25 03:20:33] WARNING: item-system/c_itemchange.lua(Line 13) [Client] showPlayerHudComponent is deprecated and may not work in future versions. Please replace with setPlayerHudComponentVisible.
[2026-09-25 03:20:33] Some files in 'item-system' use deprecated functions.
[2026-09-25 03:20:33] Use the 'upgrade' command to perform a basic upgrade of resources.
[2026-09-25 03:20:33] WARNING: admin-system\Player\s_player_commands.lua:2933: Bad argument @ 'setWeaponProperty' [Expected number, got non-convertible string]  [DUP x6]
[2026-09-25 03:20:33] WARNING: Script 'item-system\s_inventory.lua' is not encoded in UTF-8.  Loading as ANSI...
[2026-09-25 03:20:33] SCRIPT ERROR: item-system\s_inventory.lua:1: unexpected symbol near 'char(28)'
[2026-09-25 03:20:33] ERROR: Loading script failed: item-system\s_inventory.lua:1: unexpected symbol near 'char(28)'
[2026-09-25 03:20:33] WARNING: admin-system\Player\s_player_commands.lua:2933: Bad argument @ 'setWeaponProperty' [Expected number, got non-convertible string]
[2026-09-25 03:20:33] WARNING: admin-system\Player\s_player_commands.lua:2933: Bad argument @ 'setWeaponProperty' [Expected number, got non-convertible string]  [DUP x13]
[2026-09-25 03:20:33] WARNING: item-texture\s_itemtexture.lua:173: Bad argument @ 'getElementsByType' [Expected element at argument 2, got boolean]
[2026-09-25 03:20:33] ERROR: item-texture\s_itemtexture.lua:189: attempt to get length of local 'worldItems' (a boolean value)
[2026-09-25 03:20:33] WARNING: admin-system\Player\s_player_commands.lua:2933: Bad argument @ 'setWeaponProperty' [Expected number, got non-convertible string]
[2026-09-25 03:20:33] WARNING: admin-system\Player\s_player_commands.lua:2933: Bad argument @ 'setWeaponProperty' [Expected number, got non-convertible string]  [DUP x6]
[2026-09-25 03:20:33] ERROR: mysql\connection.lua:62: attempt to call global 'mysql_ping' (a nil value)
[2026-09-25 03:20:33] ERROR: item-world\s_load_items.lua:373: call: failed to call 'mysql:query_free' [string "?"]
[2026-09-25 03:20:33] ERROR: mysql\connection.lua:62: attempt to call global 'mysql_ping' (a nil value)
[2026-09-25 03:20:33] ERROR: item-world\s_load_items.lua:385: call: failed to call 'mysql:query' [string "?"]
[2026-09-25 03:20:33] INFO: [ITEM WORLD] Loading 0 world items will be finished in approximately 0.05 seconds.
[2026-09-25 03:20:33] WARNING: admin-system\Player\s_player_commands.lua:2933: Bad argument @ 'setWeaponProperty' [Expected number, got non-convertible string]
[2026-09-25 03:20:33] WARNING: job-system-trucker/s_trucker_job.lua(Line 2690) [Server] setVehicleTurnVelocity is deprecated and may not work in future versions. Please replace with setElementAngularVelocity.
[2026-09-25 03:20:33] WARNING: job-system-trucker/s_trucker_job.lua(Line 2750) [Server] setVehicleTurnVelocity is deprecated and may not work in future versions. Please replace with setElementAngularVelocity.
[2026-09-25 03:20:33] WARNING: job-system-trucker/s_trucker_job.lua(Line 2810) [Server] setVehicleTurnVelocity is deprecated and may not work in future versions. Please replace with setElementAngularVelocity.
[2026-09-25 03:20:33] WARNING: job-system-trucker/s_trucker_job.lua(Line 2870) [Server] setVehicleTurnVelocity is deprecated and may not work in future versions. Please replace with setElementAngularVelocity.
[2026-09-25 03:20:33] WARNING: job-system-trucker/c_overlay.lua(Line 1166) [Client] getControlState is deprecated and may not work in future versions. Please replace with getPedControlState.
[2026-09-25 03:20:33] WARNING: job-system-trucker/s_marker.lua [Server] is encoded in ANSI instead of UTF-8.  Please convert your file to UTF-8.
[2026-09-25 03:20:33] Some files in 'job-system-trucker' use deprecated functions.
[2026-09-25 03:20:33] Use the 'upgrade' command to perform a basic upgrade of resources.
[2026-09-25 03:20:33] WARNING: admin-system\Player\s_player_commands.lua:2933: Bad argument @ 'setWeaponProperty' [Expected number, got non-convertible string]  [DUP x27]
[2026-09-25 03:20:33] WARNING: Script 'job-system-trucker\s_marker.lua' is not encoded in UTF-8.  Loading as ANSI...
[2026-09-25 03:20:33] SCRIPT ERROR: job-system-trucker\s_marker.lua:1: unexpected symbol near 'char(28)'
[2026-09-25 03:20:33] ERROR: Loading script failed: job-system-trucker\s_marker.lua:1: unexpected symbol near 'char(28)'
[2026-09-25 03:20:33] ERROR: mysql\connection.lua:62: attempt to call global 'mysql_ping' (a nil value)
[2026-09-25 03:20:33] ERROR: job-system-trucker\s_trucker_job.lua:157: call: failed to call 'mysql:query' [string "?"]
[2026-09-25 03:20:33] INFO: [JOB-SYSTEM-TRUCKER] Fetched 0 actual orders sucessfully from SQL
[2026-09-25 03:20:33] WARNING: admin-system\Player\s_player_commands.lua:2933: Bad argument @ 'setWeaponProperty' [Expected number, got non-convertible string]
[2026-09-25 03:20:33] WARNING: admin-system\Player\s_player_commands.lua:2933: Bad argument @ 'setWeaponProperty' [Expected number, got non-convertible string]  [DUP x6]
[2026-09-25 03:20:33] ERROR: mysql\connection.lua:62: attempt to call global 'mysql_ping' (a nil value)
[2026-09-25 03:20:33] ERROR: license-system\s_gunlicensesmanager.lua:29: call: failed to call 'mysql:query' [string "?"]
[2026-09-25 03:20:33] WARNING: admin-system\Player\s_player_commands.lua:2933: Bad argument @ 'setWeaponProperty' [Expected number, got non-convertible string]
[2026-09-25 03:20:33] WARNING: pd-system/c_policedeagle.lua(Line 437) [Client] getControlState is deprecated and may not work in future versions. Please replace with getPedControlState.
[2026-09-25 03:20:33] WARNING: pd-system/c_policeshotgun.lua(Line 331) [Client] getControlState is deprecated and may not work in future versions. Please replace with getPedControlState.
[2026-09-25 03:20:33] Some files in 'pd-system' use deprecated functions.
[2026-09-25 03:20:33] Use the 'upgrade' command to perform a basic upgrade of resources.
[2026-09-25 03:20:33] ERROR: Couldn't find resource fbi-system. Check it exists.
[2026-09-25 03:20:33] ERROR: Couldn't find resource parachute. Check it exists.
[2026-09-25 03:20:33] WARNING: admin-system\Player\s_player_commands.lua:2933: Bad argument @ 'setWeaponProperty' [Expected number, got non-convertible string]  [DUP x27]
[2026-09-25 03:20:33] ERROR: mysql\connection.lua:62: attempt to call global 'mysql_ping' (a nil value)
[2026-09-25 03:20:33] ERROR: paynspray-system\s_paynspray_system.lua:137: call: failed to call 'mysql:query' [string "?"]
[2026-09-25 03:20:33] WARNING: admin-system\Player\s_player_commands.lua:2933: Bad argument @ 'setWeaponProperty' [Expected number, got non-convertible string]
[2026-09-25 03:20:34] WARNING: admin-system\Player\s_player_commands.lua:2933: Bad argument @ 'setWeaponProperty' [Expected number, got non-convertible string]  [DUP x6]
[2026-09-25 03:20:34] ERROR: mysql\connection.lua:62: attempt to call global 'mysql_ping' (a nil value)
[2026-09-25 03:20:34] ERROR: phone\s_public_phones.lua:17: call: failed to call 'mysql:query' [string "?"]
[2026-09-25 03:20:34] ERROR: mysql\connection.lua:62: attempt to call global 'mysql_ping' (a nil value)
[2026-09-25 03:20:34] ERROR: phone\phone_sms_s.lua:489: call: failed to call 'mysql:query_free' [string "?"]
[2026-09-25 03:20:34] WARNING: admin-system\Player\s_player_commands.lua:2933: Bad argument @ 'setWeaponProperty' [Expected number, got non-convertible string]
[2026-09-25 03:20:34] WARNING: realism-system/c_backup_bleepers.lua(Line 333) [Client] getControlState is deprecated and may not work in future versions. Please replace with getPedControlState.
[2026-09-25 03:20:34] WARNING: realism-system/c_cruise_control.lua(Line 141) [Client] setControlState is deprecated and may not work in future versions. Please replace with setPedControlState.
[2026-09-25 03:20:34] WARNING: realism-system/c_cruise_control.lua(Line 149) [Client] setControlState is deprecated and may not work in future versions. Please replace with setPedControlState.
[2026-09-25 03:20:34] WARNING: realism-system/c_cruise_control.lua(Line 201) [Client] setControlState is deprecated and may not work in future versions. Please replace with setPedControlState.
[2026-09-25 03:20:34] WARNING: realism-system/c_fpview.lua(Line 439) [Client] getControlState is deprecated and may not work in future versions. Please replace with getPedControlState.
[2026-09-25 03:20:34] WARNING: realism-system/c_fpview.lua(Line 451) [Client] getControlState is deprecated and may not work in future versions. Please replace with getPedControlState.
[2026-09-25 03:20:34] WARNING: realism-system/c_fpview.lua(Line 463) [Client] getControlState is deprecated and may not work in future versions. Please replace with getPedControlState.
[2026-09-25 03:20:34] WARNING: realism-system/c_heli_rotors.lua(Line 17) [Client] getHelicopterRotorSpeed is deprecated and may not work in future versions. Please replace with getVehicleRotorSpeed.
[2026-09-25 03:20:34] WARNING: realism-system/c_heli_rotors.lua(Line 21) [Client] getHelicopterRotorSpeed is deprecated and may not work in future versions. Please replace with getVehicleRotorSpeed.
[2026-09-25 03:20:34] WARNING: realism-system/c_heli_rotors.lua(Line 25) [Client] setHelicopterRotorSpeed is deprecated and may not work in future versions. Please replace with setVehicleRotorSpeed.
[2026-09-25 03:20:34] WARNING: realism-system/c_carrealism.lua(Line 353) [Client] getControlState is deprecated and may not work in future versions. Please replace with getPedControlState.
[2026-09-25 03:20:34] WARNING: realism-system/handbrake_c.lua(Line 217) [Client] getControlState is deprecated and may not work in future versions. Please replace with getPedControlState.
[2026-09-25 03:20:34] WARNING: realism-system/handbrake_c.lua(Line 221) [Client] setControlState is deprecated and may not work in future versions. Please replace with setPedControlState.
[2026-09-25 03:20:34] Some files in 'realism-system' use deprecated functions.
[2026-09-25 03:20:34] Use the 'upgrade' command to perform a basic upgrade of resources.
[2026-09-25 03:20:34] WARNING: admin-system\Player\s_player_commands.lua:2933: Bad argument @ 'setWeaponProperty' [Expected number, got non-convertible string]  [DUP x6]
[2026-09-25 03:20:34] ERROR: mysql\connection.lua:62: attempt to call global 'mysql_ping' (a nil value)
[2026-09-25 03:20:34] ERROR: realism-system\s_ck_corpses.lua:113: call: failed to call 'mysql:query' [string "?"]
[2026-09-25 03:20:34] ERROR: mysql\connection.lua:62: attempt to call global 'mysql_ping' (a nil value)
[2026-09-25 03:20:34] ERROR: realism-system\s_ck_corpses.lua:293: call: failed to call 'mysql:query_fetch_assoc' [string "?"]
[2026-09-25 03:20:34] WARNING: admin-system\Player\s_player_commands.lua:2933: Bad argument @ 'setWeaponProperty' [Expected number, got non-convertible string]
[2026-09-25 03:20:34] WARNING: report-system/c_external_report_box.lua(Line 265) [Client] getControlState is deprecated and may not work in future versions. Please replace with getPedControlState.
[2026-09-25 03:20:34] WARNING: report-system/c_top_right_box.lua(Line 84) [Client] getControlState is deprecated and may not work in future versions. Please replace with getPedControlState.
[2026-09-25 03:20:34] Some files in 'report-system' use deprecated functions.
[2026-09-25 03:20:34] Use the 'upgrade' command to perform a basic upgrade of resources.
[2026-09-25 03:20:34] WARNING: admin-system\Player\s_player_commands.lua:2933: Bad argument @ 'setWeaponProperty' [Expected number, got non-convertible string]  [DUP x6]
[2026-09-25 03:20:34] INFO: Loaded 0 reports.
[2026-09-25 03:20:34] WARNING: admin-system\Player\s_player_commands.lua:2933: Bad argument @ 'setWeaponProperty' [Expected number, got non-convertible string]
[2026-09-25 03:20:34] ERROR: Couldn't find resource scoreboard. Check it exists.
[2026-09-25 03:20:34] WARNING: shop-system/s_generalshop_system.lua(Line 672) [Server] setVehicleTurnVelocity is deprecated and may not work in future versions. Please replace with setElementAngularVelocity.
[2026-09-25 03:20:34] Some files in 'shop-system' use deprecated functions.
[2026-09-25 03:20:34] Use the 'upgrade' command to perform a basic upgrade of resources.
[2026-09-25 03:20:34] WARNING: admin-system\Player\s_player_commands.lua:2933: Bad argument @ 'setWeaponProperty' [Expected number, got non-convertible string]  [DUP x27]
[2026-09-25 03:20:34] ERROR: mysql\connection.lua:62: attempt to call global 'mysql_ping' (a nil value)
[2026-09-25 03:20:34] ERROR: shop-system\s_generalshop_system.lua:935: call: failed to call 'mysql:query' [string "?"]
[2026-09-25 03:20:34] ERROR: mysql\connection.lua:62: attempt to call global 'mysql_ping' (a nil value)
[2026-09-25 03:20:34] ERROR: shop-system\s_generalshop_system.lua:2291: call: failed to call 'mysql:query_fetch_assoc' [string "?"]
[2026-09-25 03:20:34] WARNING: admin-system\Player\s_player_commands.lua:2933: Bad argument @ 'setWeaponProperty' [Expected number, got non-convertible string]
[2026-09-25 03:20:34] WARNING: spike-system/c_spikes.lua(Line 93) [Client] getVehicleTurnVelocity is deprecated and may not work in future versions. Please replace with getElementAngularVelocity.
[2026-09-25 03:20:34] WARNING: spike-system/c_spikes.lua(Line 97) [Client] setVehicleTurnVelocity is deprecated and may not work in future versions. Please replace with setElementAngularVelocity.
[2026-09-25 03:20:34] Some files in 'spike-system' use deprecated functions.
[2026-09-25 03:20:34] Use the 'upgrade' command to perform a basic upgrade of resources.
[2026-09-25 03:20:34] WARNING: admin-system\Player\s_player_commands.lua:2933: Bad argument @ 'setWeaponProperty' [Expected number, got non-convertible string]  [DUP x20]
[2026-09-25 03:20:34] ERROR: mysql\connection.lua:62: attempt to call global 'mysql_ping' (a nil value)
[2026-09-25 03:20:34] ERROR: tag-system\s_tag_system.lua:413: call: failed to call 'mysql:query_free' [string "?"]
[2026-09-25 03:20:34] ERROR: mysql\connection.lua:62: attempt to call global 'mysql_ping' (a nil value)
[2026-09-25 03:20:34] ERROR: tag-system\s_tag_system.lua:425: call: failed to call 'mysql:query' [string "?"]
[2026-09-25 03:20:34] WARNING: admin-system\Player\s_player_commands.lua:2933: Bad argument @ 'setWeaponProperty' [Expected number, got non-convertible string]
[2026-09-25 03:20:34] WARNING: admin-system\Player\s_player_commands.lua:2933: Bad argument @ 'setWeaponProperty' [Expected number, got non-convertible string]  [DUP x6]
[2026-09-25 03:20:34] ERROR: mysql\connection.lua:62: attempt to call global 'mysql_ping' (a nil value)
[2026-09-25 03:20:34] ERROR: tow-system\s_tow.lua:309: call: failed to call 'mysql:query_free' [string "?"]
[2026-09-25 03:20:34] WARNING: admin-system\Player\s_player_commands.lua:2933: Bad argument @ 'setWeaponProperty' [Expected number, got non-convertible string]
[2026-09-25 03:20:34] WARNING: admin-system\Player\s_player_commands.lua:2933: Bad argument @ 'setWeaponProperty' [Expected number, got non-convertible string]  [DUP x13]
[2026-09-25 03:20:34] ERROR: vehicle-system\s_vehicle_system.lua:9: attempt to call global 'mysql_null' (a nil value)
[2026-09-25 03:20:34] WARNING: admin-system\Player\s_player_commands.lua:2933: Bad argument @ 'setWeaponProperty' [Expected number, got non-convertible string]
[2026-09-25 03:20:34] WARNING: vehicle-interiors/s_vehicle_interiors.lua(Line 1936) [Server] setVehicleTurnVelocity is deprecated and may not work in future versions. Please replace with setElementAngularVelocity.
[2026-09-25 03:20:34] Some files in 'vehicle-interiors' use deprecated functions.
[2026-09-25 03:20:34] Use the 'upgrade' command to perform a basic upgrade of resources.
[2026-09-25 03:20:34] WARNING: admin-system\Player\s_player_commands.lua:2933: Bad argument @ 'setWeaponProperty' [Expected number, got non-convertible string]  [DUP x55]
[2026-09-25 03:20:34] ERROR: mysql\connection.lua:62: attempt to call global 'mysql_ping' (a nil value)
[2026-09-25 03:20:34] ERROR: dancer-system\s_dancers.lua:97: call: failed to call 'mysql:query' [string "?"]
[2026-09-25 03:20:34] WARNING: admin-system\Player\s_player_commands.lua:2933: Bad argument @ 'setWeaponProperty' [Expected number, got non-convertible string]
[2026-09-25 03:20:34] WARNING: admin-system\Player\s_player_commands.lua:2933: Bad argument @ 'setWeaponProperty' [Expected number, got non-convertible string]  [DUP x13]
[2026-09-25 03:20:34] ERROR: mysql\connection.lua:62: attempt to call global 'mysql_ping' (a nil value)
[2026-09-25 03:20:34] ERROR: apps\app_manager_s.lua:136: call: failed to call 'mysql:query_fetch_assoc' [string "?"]
[2026-09-25 03:20:34] ERROR: apps\app_manager_s.lua:139: attempt to index local 'mQuery' (a boolean value)
[2026-09-25 03:20:34] WARNING: admin-system\Player\s_player_commands.lua:2933: Bad argument @ 'setWeaponProperty' [Expected number, got non-convertible string]
[2026-09-25 03:20:34] WARNING: admin-system\Player\s_player_commands.lua:2933: Bad argument @ 'setWeaponProperty' [Expected number, got non-convertible string]  [DUP x6]
[2026-09-25 03:20:34] ERROR: mysql\connection.lua:62: attempt to call global 'mysql_ping' (a nil value)
[2026-09-25 03:20:34] ERROR: object-system\s_object_management.lua:253: call: failed to call 'mysql:query' [string "?"]
[2026-09-25 03:20:34] WARNING: admin-system\Player\s_player_commands.lua:2933: Bad argument @ 'setWeaponProperty' [Expected number, got non-convertible string]
[2026-09-25 03:20:34] WARNING: admin-system\Player\s_player_commands.lua:2933: Bad argument @ 'setWeaponProperty' [Expected number, got non-convertible string]  [DUP x13]
[2026-09-25 03:20:34] ERROR: mysql\connection.lua:206: attempt to call global 'mysql_escape_string' (a nil value)
[2026-09-25 03:20:34] ERROR: mysql\connection.lua:206: attempt to call global 'mysql_escape_string' (a nil value)
[2026-09-25 03:20:34] ERROR: call: failed to call 'mysql:escape_string' [(tail call)]
[2026-09-25 03:20:34] ERROR: carshop-system\s_shop.lua:1829: attempt to concatenate a boolean value
[2026-09-25 03:20:34] WARNING: admin-system\Player\s_player_commands.lua:2933: Bad argument @ 'setWeaponProperty' [Expected number, got non-convertible string]
[2026-09-25 03:20:34] ERROR: Couldn't find resource superman. Check it exists.
[2026-09-25 03:20:34] WARNING: admin-system\Player\s_player_commands.lua:2933: Bad argument @ 'setWeaponProperty' [Expected number, got non-convertible string]  [DUP x6]
[2026-09-25 03:20:34] ERROR: mysql\connection.lua:62: attempt to call global 'mysql_ping' (a nil value)
[2026-09-25 03:20:34] ERROR: payday\s_payday.lua:1741: call: failed to call 'mysql:query_fetch_assoc' [string "?"]
[2026-09-25 03:20:34] WARNING: admin-system\Player\s_player_commands.lua:2933: Bad argument @ 'setWeaponProperty' [Expected number, got non-convertible string]
[2026-09-25 03:20:34] WARNING: gate-manager/s_gate_manager.lua(Line 802) [Server] setVehicleTurnVelocity is deprecated and may not work in future versions. Please replace with setElementAngularVelocity.
[2026-09-25 03:20:34] Some files in 'gate-manager' use deprecated functions.
[2026-09-25 03:20:34] Use the 'upgrade' command to perform a basic upgrade of resources.
[2026-09-25 03:20:34] WARNING: admin-system\Player\s_player_commands.lua:2933: Bad argument @ 'setWeaponProperty' [Expected number, got non-convertible string]  [DUP x6]
[2026-09-25 03:20:34] ERROR: mysql\connection.lua:62: attempt to call global 'mysql_ping' (a nil value)
[2026-09-25 03:20:34] ERROR: gate-manager\s_gates.lua:201: call: failed to call 'mysql:query' [string "?"]
[2026-09-25 03:20:34] WARNING: admin-system\Player\s_player_commands.lua:2933: Bad argument @ 'setWeaponProperty' [Expected number, got non-convertible string]
[2026-09-25 03:20:34] WARNING: admin-system\Player\s_player_commands.lua:2933: Bad argument @ 'setWeaponProperty' [Expected number, got non-convertible string]  [DUP x20]
[2026-09-25 03:20:34] ERROR: mysql\connection.lua:62: attempt to call global 'mysql_ping' (a nil value)
[2026-09-25 03:20:34] ERROR: carradio\stations_s.lua:21: call: failed to call 'mysql:query' [string "?"]
[2026-09-25 03:20:34] WARNING: admin-system\Player\s_player_commands.lua:2933: Bad argument @ 'setWeaponProperty' [Expected number, got non-convertible string]
[2026-09-25 03:20:34] WARNING: admin-system\Player\s_player_commands.lua:2933: Bad argument @ 'setWeaponProperty' [Expected number, got non-convertible string]  [DUP x13]
[2026-09-25 03:20:34] ERROR: mysql\connection.lua:62: attempt to call global 'mysql_ping' (a nil value)
[2026-09-25 03:20:34] ERROR: lottery-system\s_lottery.lua:25: call: failed to call 'mysql:query_fetch_assoc' [string "?"]
[2026-09-25 03:20:34] ERROR: mysql\connection.lua:62: attempt to call global 'mysql_ping' (a nil value)
[2026-09-25 03:20:34] ERROR: lottery-system\s_lottery.lua:33: call: failed to call 'mysql:query_free' [string "?"]
[2026-09-25 03:20:34] ERROR: mysql\connection.lua:62: attempt to call global 'mysql_ping' (a nil value)
[2026-09-25 03:20:34] ERROR: lottery-system\s_lottery.lua:69: call: failed to call 'mysql:query_fetch_assoc' [string "?"]
[2026-09-25 03:20:34] ERROR: mysql\connection.lua:62: attempt to call global 'mysql_ping' (a nil value)
[2026-09-25 03:20:34] ERROR: lottery-system\s_lottery.lua:81: call: failed to call 'mysql:query_free' [string "?"]
[2026-09-25 03:20:34] WARNING: admin-system\Player\s_player_commands.lua:2933: Bad argument @ 'setWeaponProperty' [Expected number, got non-convertible string]
[2026-09-25 03:20:34] ERROR: Couldn't find resource hardwaresurvey. Check it exists.
[2026-09-25 03:20:34] WARNING: sfia/s_airtrack.lua(Line 227) [Server] showPlayerHudComponent is deprecated and may not work in future versions. Please replace with setPlayerHudComponentVisible.
[2026-09-25 03:20:34] WARNING: sfia/s_airtrack.lua(Line 263) [Server] showPlayerHudComponent is deprecated and may not work in future versions. Please replace with setPlayerHudComponentVisible.
[2026-09-25 03:20:34] Some files in 'sfia' use deprecated functions.
[2026-09-25 03:20:34] Use the 'upgrade' command to perform a basic upgrade of resources.
[2026-09-25 03:20:34] WARNING: admin-system\Player\s_player_commands.lua:2933: Bad argument @ 'setWeaponProperty' [Expected number, got non-convertible string]  [DUP x20]
[2026-09-25 03:20:34] ERROR: mysql\connection.lua:62: attempt to call global 'mysql_ping' (a nil value)
[2026-09-25 03:20:34] ERROR: sfia\s_pilotmission.lua:61: call: failed to call 'mysql:query' [string "?"]
[2026-09-25 03:20:34] WARNING: admin-system\Player\s_player_commands.lua:2933: Bad argument @ 'setWeaponProperty' [Expected number, got non-convertible string]
[2026-09-25 03:20:34] WARNING: vehicle-manager/s_vehicle_commands.lua(Line 789) [Server] setVehicleTurnVelocity is deprecated and may not work in future versions. Please replace with setElementAngularVelocity.
[2026-09-25 03:20:34] Some files in 'vehicle-manager' use deprecated functions.
[2026-09-25 03:20:34] Use the 'upgrade' command to perform a basic upgrade of resources.
[2026-09-25 03:20:34] WARNING: admin-system\Player\s_player_commands.lua:2933: Bad argument @ 'setWeaponProperty' [Expected number, got non-convertible string]  [DUP x69]
[2026-09-25 03:20:34] ERROR: mysql\connection.lua:62: attempt to call global 'mysql_ping' (a nil value)
[2026-09-25 03:20:34] ERROR: texture-system\s_stream.lua:37: call: failed to call 'mysql:query' [string "?"]
[2026-09-25 03:20:34] WARNING: admin-system\Player\s_player_commands.lua:2933: Bad argument @ 'setWeaponProperty' [Expected number, got non-convertible string]
[2026-09-25 03:20:34] WARNING: announcement/client.lua(Line 76) [Client] getControlState is deprecated and may not work in future versions. Please replace with getPedControlState.
[2026-09-25 03:20:34] Some files in 'announcement' use deprecated functions.
[2026-09-25 03:20:34] Use the 'upgrade' command to perform a basic upgrade of resources.
[2026-09-25 03:20:34] ERROR: Couldn't find resource briefcase. Check it exists.
[2026-09-25 03:20:34] WARNING: admin-system\Player\s_player_commands.lua:2933: Bad argument @ 'setWeaponProperty' [Expected number, got non-convertible string]  [DUP x27]
[2026-09-25 03:20:34] ERROR: mysql\connection.lua:62: attempt to call global 'mysql_ping' (a nil value)
[2026-09-25 03:20:34] ERROR: ramp-system\ramp_main.lua:61: call: failed to call 'mysql:query' [string "?"]
[2026-09-25 03:20:34] WARNING: admin-system\Player\s_player_commands.lua:2933: Bad argument @ 'setWeaponProperty' [Expected number, got non-convertible string]
[2026-09-25 03:20:34] ERROR: Couldn't find resource shader_car_paint. Check it exists.
[2026-09-25 03:20:34] ERROR: Couldn't find resource shader_water. Check it exists.
[2026-09-25 03:20:34] ERROR: Couldn't find resource astro-clothing. Check it exists.
[2026-09-25 03:20:34] WARNING: admin-system\Player\s_player_commands.lua:2933: Bad argument @ 'setWeaponProperty' [Expected number, got non-convertible string]  [DUP x20]
[2026-09-25 03:20:34] INFO: LeFire Script loaded ...
[2026-09-25 03:20:34] WARNING: admin-system\Player\s_player_commands.lua:2933: Bad argument @ 'setWeaponProperty' [Expected number, got non-convertible string]
[2026-09-25 03:20:34] WARNING: admin-system\Player\s_player_commands.lua:2933: Bad argument @ 'setWeaponProperty' [Expected number, got non-convertible string]  [DUP x6]
[2026-09-25 03:20:34] ERROR: mysql\connection.lua:62: attempt to call global 'mysql_ping' (a nil value)
[2026-09-25 03:20:34] ERROR: death\graveyard\graveyard_s.lua:29: call: failed to call 'mysql:query' [string "?"]
[2026-09-25 03:20:34] WARNING: admin-system\Player\s_player_commands.lua:2933: Bad argument @ 'setWeaponProperty' [Expected number, got non-convertible string]
[2026-09-25 03:20:34] WARNING: admin-system\Player\s_player_commands.lua:2933: Bad argument @ 'setWeaponProperty' [Expected number, got non-convertible string]  [DUP x6]
[2026-09-25 03:20:34] ERROR: clubtec\s_clubtec.lua:37: exports: Call to non-running server resource (fakevideo) [string "?"]
[2026-09-25 03:20:34] WARNING: admin-system\Player\s_player_commands.lua:2933: Bad argument @ 'setWeaponProperty' [Expected number, got non-convertible string]
[2026-09-25 03:20:34] WARNING: admin-system\Player\s_player_commands.lua:2933: Bad argument @ 'setWeaponProperty' [Expected number, got non-convertible string]  [DUP x6]
[2026-09-25 03:20:34] ERROR: mysql\connection.lua:62: attempt to call global 'mysql_ping' (a nil value)
[2026-09-25 03:20:34] ERROR: fakevideo\s_fakevideo.lua:105: call: failed to call 'mysql:query' [string "?"]
[2026-09-25 03:20:34] WARNING: admin-system\Player\s_player_commands.lua:2933: Bad argument @ 'setWeaponProperty' [Expected number, got non-convertible string]
[2026-09-25 03:20:34] WARNING: admin-system\Player\s_player_commands.lua:2933: Bad argument @ 'setWeaponProperty' [Expected number, got non-convertible string]  [DUP x13]
[2026-09-25 03:20:34] INFO: PRISON-SYSTEM: Loaded 24 cell gates from s_gates.lua
[2026-09-25 03:20:34] ERROR: mysql\connection.lua:62: attempt to call global 'mysql_ping' (a nil value)
[2026-09-25 03:20:34] ERROR: prison-system\s_prison.lua:49: call: failed to call 'mysql:query' [string "?"]
[2026-09-25 03:20:34] WARNING: admin-system\Player\s_player_commands.lua:2933: Bad argument @ 'setWeaponProperty' [Expected number, got non-convertible string]
[2026-09-25 03:20:34] WARNING: admin-system\Player\s_player_commands.lua:2933: Bad argument @ 'setWeaponProperty' [Expected number, got non-convertible string]  [DUP x13]
[2026-09-25 03:20:34] ERROR: ped-system\s_peds.lua:53: attempt to call global 'mysql_null' (a nil value)
[2026-09-25 03:20:34] WARNING: admin-system\Player\s_player_commands.lua:2933: Bad argument @ 'setWeaponProperty' [Expected number, got non-convertible string]
[2026-09-25 03:20:34] ERROR: Couldn't find resource shader_lights. Check it exists.
[2026-09-25 03:20:34] ERROR: Couldn't find resource hdradar. Check it exists.
[2026-09-25 03:20:34] ERROR: Couldn't find resource w-job. Check it exists.
[2026-09-25 03:20:34] ERROR: Couldn't find resource farmarjob. Check it exists.
[2026-09-25 03:20:35] WARNING: vrp/client.lua(Line 246) [Client] showPlayerHudComponent is deprecated and may not work in future versions. Please replace with setPlayerHudComponentVisible.
[2026-09-25 03:20:35] Some files in 'vrp' use deprecated functions.
[2026-09-25 03:20:35] Use the 'upgrade' command to perform a basic upgrade of resources.
[2026-09-25 03:20:35] Querying MTA master server... success! (Auto detected IP:129.224.207.135)
[2026-09-25 03:20:35] Authorized serial account protection is enabled for the ACL group(s): `Admin`  See http://multitheftauto.com/authserial
[2026-09-25 03:20:35] WARNING: <owner_email_address> not set
[2026-09-25 03:20:35] Server started and is ready to accept connections!
[2026-09-25 03:20:35] To stop the server, type 'shutdown' or press Ctrl-C
[2026-09-25 03:20:35] Type 'help' for a list of commands.
[2026-09-25 03:20:39] WARNING: admin-system\Player\s_player_commands.lua:2933: Bad argument @ 'setWeaponProperty' [Expected number, got non-convertible string]  [DUP x69]
[2026-09-25 03:20:39] ERROR: mysql\connection.lua:62: attempt to call global 'mysql_ping' (a nil value)
[2026-09-25 03:20:39] ERROR: weather-system\s_weather_system.lua:221: call: failed to call 'mysql:query_free' [string "?"]
[2026-09-25 03:20:39] INFO: [WEATHER] / Line 60 / SQL Settings for weather was not changed.
==================================================================
= Multi Theft Auto: San Andreas v1.6
==================================================================
= Server name      : Direct Backup V3
= Server IP address: auto
= Server port      : 22221
= 
= Log file         : ../MTA/server/mods/deathmatch/logs/server.log
= Maximum players  : 2
= HTTP port        : 22221
= Voice Chat       : Disabled
= Bandwidth saving : None
==================================================================
[2026-09-25 03:20:51] ERROR: Couldn't find map afiss_rpboxg.map for resource LSB
[2026-09-25 03:20:51] Loading of resource 'LSB' failed
[2026-09-25 03:20:51] ERROR: Couldn't find map varti_lspd.map for resource LSgate
[2026-09-25 03:20:51] Loading of resource 'LSgate' failed
[2026-09-25 03:20:51] Resource 'acpanel' requests some acl rights. Use the command 'aclrequest list acpanel'
[2026-09-25 03:20:52] ERROR: Couldn't find map izgastuve.map for resource dumpsite
[2026-09-25 03:20:52] Loading of resource 'dumpsite' failed
[2026-09-25 03:20:53] Resource 'mapmanager' requests some acl rights. Use the command 'aclrequest list mapmanager'
[2026-09-25 03:20:53] Resource 'runcode' requests some acl rights. Use the command 'aclrequest list runcode'
[2026-09-25 03:20:54] WARNING: Ignoring duplicate client file in resource 'vrp': 'Imagens/Fundo.png'
[2026-09-25 03:20:54] ERROR: Problem with resource: LSB; Couldn't find map afiss_rpboxg.map for resource LSB
[2026-09-25 03:20:54] ERROR: Problem with resource: LSgate; Couldn't find map varti_lspd.map for resource LSgate
[2026-09-25 03:20:54] ERROR: Problem with resource: assault; Failed to link to scoreboard
[2026-09-25 03:20:54] ERROR: Not processing resource 'briefcase' as it has duplicates on different paths:
                  Path #1: "resources\briefcase"
                  Path #2: "resources\[gamemodes]\[briefcaserace]\briefcase"
[2026-09-25 03:20:54] ERROR: Problem with resource: briefcaserace; Failed to link to scoreboard
[2026-09-25 03:20:54] ERROR: Problem with resource: ctf; Failed to link to scoreboard
[2026-09-25 03:20:54] ERROR: Problem with resource: ctf-bombsite; Failed to link to scoreboard
[2026-09-25 03:20:54] ERROR: Problem with resource: ctf-canals; Failed to link to scoreboard
[2026-09-25 03:20:54] ERROR: Problem with resource: ctf-hydrastrike; 
[2026-09-25 03:20:54] ERROR: Problem with resource: ctf-tbd; Failed to link to scoreboard
[2026-09-25 03:20:54] ERROR: Problem with resource: ctv; Failed to link to scoreboard
[2026-09-25 03:20:54] ERROR: Problem with resource: deathmatch; Failed to link to scoreboard
[2026-09-25 03:20:54] ERROR: Problem with resource: dumpsite; Couldn't find map izgastuve.map for resource dumpsite
[2026-09-25 03:20:54] ERROR: Problem with resource: editor; 
[2026-09-25 03:20:54] ERROR: Problem with resource: editor_main; Failed to link to freecam
[2026-09-25 03:20:54] ERROR: Problem with resource: fallout; Failed to link to freecam
[2026-09-25 03:20:54] ERROR: Not processing resource 'freecam' as it has duplicates on different paths:
                  Path #1: "resources\freecam"
                  Path #2: "resources\[editor]\freecam"
[2026-09-25 03:20:54] ERROR: Problem with resource: hay; Failed to link to scoreboard
[2026-09-25 03:20:54] ERROR: Not processing resource 'ipb' as it has duplicates on different paths:
                  Path #1: "resources\ipb"
                  Path #2: "resources\[admin]\ipb"
[2026-09-25 03:20:54] ERROR: Not processing resource 'parachute' as it has duplicates on different paths:
                  Path #1: "resources\parachute"
                  Path #2: "resources\[gameplay]\parachute"
[2026-09-25 03:20:54] ERROR: Problem with resource: play; Failed to link to superman
[2026-09-25 03:20:54] ERROR: Problem with resource: race; Failed to link to scoreboard
[2026-09-25 03:20:54] ERROR: Not processing resource 'scoreboard' as it has duplicates on different paths:
                  Path #1: "resources\scoreboard"
                  Path #2: "resources\[gameplay]\scoreboard"
[2026-09-25 03:20:54] ERROR: Problem with resource: scores; Failed to link to scoreboard
[2026-09-25 03:20:54] ERROR: Problem with resource: stealth; Failed to link to scoreboard
[2026-09-25 03:20:54] ERROR: Not processing resource 'superman' as it has duplicates on different paths:
                  Path #1: "resources\superman"
                  Path #2: "resources\[gameplay]\superman"
[2026-09-25 03:20:54] ERROR: Problem with resource: tdm; Failed to link to scoreboard
[2026-09-25 03:20:54] ERROR: Problem with resource: tdma; Failed to link to scoreboard
[2026-09-25 03:20:54] Resources: 329 loaded, 22 failed
[2026-09-25 03:20:54] MODULE: Unable to initialize mods\deathmatch\modules\dbconmy.dll!
[2026-09-25 03:20:54] Starting resources...
[2026-09-25 03:20:54] ERROR: mysql\connection.lua:16: attempt to call global 'mysql_connect' (a nil value)
[2026-09-25 03:20:54] ERROR: mysql\connection.lua:62: attempt to call global 'mysql_ping' (a nil value)
[2026-09-25 03:20:54] ERROR: global\s_money_globals.lua:126: call: failed to call 'mysql:query' [string "?"]
[2026-09-25 03:20:54] ERROR: mysql\connection.lua:62: attempt to call global 'mysql_ping' (a nil value)
[2026-09-25 03:20:54] ERROR: global\s_money_globals.lua:181: call: failed to call 'mysql:query' [string "?"]
[2026-09-25 03:20:54] Server minclientversion is now 1.6.0-9.24109.0
[2026-09-25 03:20:54] ERROR: mysql\connection.lua:62: attempt to call global 'mysql_ping' (a nil value)
[2026-09-25 03:20:54] ERROR: datetime\datetime_s.lua:17: call: failed to call 'mysql:query_fetch_assoc' [string "?"]
[2026-09-25 03:20:54] ERROR: datetime\datetime_s.lua:17: attempt to index a boolean value
[2026-09-25 03:20:54] WARNING: hud/c_overlay_top_right.lua(Line 106) [Client] getControlState is deprecated and may not work in future versions. Please replace with getPedControlState.
[2026-09-25 03:20:54] WARNING: hud/c_overlay_bottom_center.lua(Line 90) [Client] getControlState is deprecated and may not work in future versions. Please replace with getPedControlState.
[2026-09-25 03:20:54] Some files in 'hud' use deprecated functions.
[2026-09-25 03:20:54] Use the 'upgrade' command to perform a basic upgrade of resources.
[2026-09-25 03:20:55] WARNING: account/c_main.lua(Line 5) [Client] showPlayerHudComponent is deprecated and may not work in future versions. Please replace with setPlayerHudComponentVisible.
[2026-09-25 03:20:55] WARNING: account/c_main.lua(Line 7) [Client] showPlayerHudComponent is deprecated and may not work in future versions. Please replace with setPlayerHudComponentVisible.
[2026-09-25 03:20:55] WARNING: account/c_main.lua(Line 9) [Client] showPlayerHudComponent is deprecated and may not work in future versions. Please replace with setPlayerHudComponentVisible.
[2026-09-25 03:20:55] WARNING: account/c_main.lua(Line 11) [Client] showPlayerHudComponent is deprecated and may not work in future versions. Please replace with setPlayerHudComponentVisible.
[2026-09-25 03:20:55] WARNING: account/c_main.lua(Line 13) [Client] showPlayerHudComponent is deprecated and may not work in future versions. Please replace with setPlayerHudComponentVisible.
[2026-09-25 03:20:55] WARNING: account/c_main.lua(Line 15) [Client] showPlayerHudComponent is deprecated and may not work in future versions. Please replace with setPlayerHudComponentVisible.
[2026-09-25 03:20:55] WARNING: account/c_main.lua(Line 17) [Client] showPlayerHudComponent is deprecated and may not work in future versions. Please replace with setPlayerHudComponentVisible.
[2026-09-25 03:20:55] WARNING: account/c_main.lua(Line 19) [Client] showPlayerHudComponent is deprecated and may not work in future versions. Please replace with setPlayerHudComponentVisible.
[2026-09-25 03:20:55] WARNING: account/c_main.lua(Line 21) [Client] showPlayerHudComponent is deprecated and may not work in future versions. Please replace with setPlayerHudComponentVisible.
[2026-09-25 03:20:55] WARNING: account/c_main.lua(Line 23) [Client] showPlayerHudComponent is deprecated and may not work in future versions. Please replace with setPlayerHudComponentVisible.
[2026-09-25 03:20:55] WARNING: account/c_main.lua(Line 25) [Client] showPlayerHudComponent is deprecated and may not work in future versions. Please replace with setPlayerHudComponentVisible.
[2026-09-25 03:20:55] WARNING: account/c_characters.lua(Line 13) [Client] showPlayerHudComponent is deprecated and may not work in future versions. Please replace with setPlayerHudComponentVisible.
[2026-09-25 03:20:55] WARNING: account/c_options.lua(Line 519) [Client] setControlState is deprecated and may not work in future versions. Please replace with setPedControlState.
[2026-09-25 03:20:55] Some files in 'account' use deprecated functions.
[2026-09-25 03:20:55] Use the 'upgrade' command to perform a basic upgrade of resources.
[2026-09-25 03:20:55] WARNING: account\s_main.lua:77: Attempt to restart a stopped resource
[2026-09-25 03:20:55] ERROR: Couldn't find resource serialwhitelist. Check it exists.
[2026-09-25 03:20:55] WARNING: admin-system/Player/s_teleport.lua(Line 123) [Server] setVehicleTurnVelocity is deprecated and may not work in future versions. Please replace with setElementAngularVelocity.
[2026-09-25 03:20:55] WARNING: admin-system/Player/s_teleport.lua(Line 313) [Server] setVehicleTurnVelocity is deprecated and may not work in future versions. Please replace with setElementAngularVelocity.
[2026-09-25 03:20:55] WARNING: admin-system/Player/s_teleport.lua(Line 534) [Server] setVehicleTurnVelocity is deprecated and may not work in future versions. Please replace with setElementAngularVelocity.
[2026-09-25 03:20:55] WARNING: admin-system/Player/s_teleport.lua(Line 792) [Server] setVehicleTurnVelocity is deprecated and may not work in future versions. Please replace with setElementAngularVelocity.
[2026-09-25 03:20:55] WARNING: admin-system/Player/s_teleport.lua(Line 1176) [Server] setVehicleTurnVelocity is deprecated and may not work in future versions. Please replace with setElementAngularVelocity.
[2026-09-25 03:20:55] WARNING: admin-system/Player/s_teleport.lua(Line 1326) [Server] setVehicleTurnVelocity is deprecated and may not work in future versions. Please replace with setElementAngularVelocity.
[2026-09-25 03:20:55] WARNING: admin-system/c_overlay.lua(Line 460) [Client] getControlState is deprecated and may not work in future versions. Please replace with getPedControlState.
[2026-09-25 03:20:55] Some files in 'admin-system' use deprecated functions.
[2026-09-25 03:20:55] Use the 'upgrade' command to perform a basic upgrade of resources.
[2026-09-25 03:20:55] Server password cleared
[2026-09-25 03:20:55] WARNING: admin-system\Player\s_player_commands.lua:2933: Bad argument @ 'setWeaponProperty' [Expected number, got non-convertible string]
[2026-09-25 03:20:55] WARNING: admin-system\Player\s_player_commands.lua:2933: Bad argument @ 'setWeaponProperty' [Expected number, got non-convertible string]  [DUP x34]
[2026-09-25 03:20:55] ERROR: mysql\connection.lua:62: attempt to call global 'mysql_ping' (a nil value)
[2026-09-25 03:20:55] ERROR: camera-system\s_camera_management.lua:10: call: failed to call 'mysql:query' [string "?"]
[2026-09-25 03:20:55] WARNING: admin-system\Player\s_player_commands.lua:2933: Bad argument @ 'setWeaponProperty' [Expected number, got non-convertible string]
[2026-09-25 03:20:55] SCRIPT ERROR: ticket-system\s_vehticket.lua:389: ')' expected near 'Los'
[2026-09-25 03:20:55] WARNING: admin-system\Player\s_player_commands.lua:2933: Bad argument @ 'setWeaponProperty' [Expected number, got non-convertible string]  [DUP x13]
[2026-09-25 03:20:55] ERROR: Loading script failed: ticket-system\s_vehticket.lua:389: ')' expected near 'Los'
[2026-09-25 03:20:55] WARNING: admin-system\Player\s_player_commands.lua:2933: Bad argument @ 'setWeaponProperty' [Expected number, got non-convertible string]
[2026-09-25 03:20:55] WARNING: driveby/driveby_client.lua(Line 1024) [Client] setControlState is deprecated and may not work in future versions. Please replace with setPedControlState.
[2026-09-25 03:20:55] Some files in 'driveby' use deprecated functions.
[2026-09-25 03:20:55] Use the 'upgrade' command to perform a basic upgrade of resources.
[2026-09-25 03:20:55] WARNING: elevator-system/s_elevator_system.lua(Line 1445) [Server] setVehicleTurnVelocity is deprecated and may not work in future versions. Please replace with setElementAngularVelocity.
[2026-09-25 03:20:55] WARNING: elevator-system/s_elevator_system.lua(Line 1553) [Server] setVehicleTurnVelocity is deprecated and may not work in future versions. Please replace with setElementAngularVelocity.
[2026-09-25 03:20:55] Some files in 'elevator-system' use deprecated functions.
[2026-09-25 03:20:55] Use the 'upgrade' command to perform a basic upgrade of resources.
[2026-09-25 03:20:55] WARNING: admin-system\Player\s_player_commands.lua:2933: Bad argument @ 'setWeaponProperty' [Expected number, got non-convertible string]  [DUP x13]
[2026-09-25 03:20:55] ERROR: elevator-system\s_elevator_lift.lua:33: attempt to call global 'mysql_null' (a nil value)
[2026-09-25 03:20:55] WARNING: admin-system\Player\s_player_commands.lua:2933: Bad argument @ 'setWeaponProperty' [Expected number, got non-convertible string]
[2026-09-25 03:20:55] WARNING: admin-system\Player\s_player_commands.lua:2933: Bad argument @ 'setWeaponProperty' [Expected number, got non-convertible string]  [DUP x13]
[2026-09-25 03:20:55] ERROR: mysql\connection.lua:62: attempt to call global 'mysql_ping' (a nil value)
[2026-09-25 03:20:55] ERROR: faction-system\s_faction_system.lua:35: call: failed to call 'mysql:query' [string "?"]
[2026-09-25 03:20:55] ERROR: mysql\connection.lua:62: attempt to call global 'mysql_ping' (a nil value)
[2026-09-25 03:20:55] ERROR: faction-system\s_faction_admin.lua:1030: call: failed to call 'mysql:query_fetch_assoc' [string "?"]
[2026-09-25 03:20:55] ERROR: mysql\connection.lua:62: attempt to call global 'mysql_ping' (a nil value)
[2026-09-25 03:20:55] ERROR: faction-system\s_faction_admin.lua:1495: call: failed to call 'mysql:query' [string "?"]
[2026-09-25 03:20:55] ERROR: mysql\connection.lua:62: attempt to call global 'mysql_ping' (a nil value)
[2026-09-25 03:20:55] ERROR: faction-system\s_faction_admin.lua:1498: call: failed to call 'mysql:query' [string "?"]
[2026-09-25 03:20:55] INFO: [Factions] ERROR: Duty allow permissions failed.
[2026-09-25 03:20:55] WARNING: admin-system\Player\s_player_commands.lua:2933: Bad argument @ 'setWeaponProperty' [Expected number, got non-convertible string]
[2026-09-25 03:20:55] ERROR: Couldn't find resource freecam. Check it exists.
[2026-09-25 03:20:55] WARNING: fuel-system/s_fuel_peds.lua(Line 2522) [Server] setVehicleTurnVelocity is deprecated and may not work in future versions. Please replace with setElementAngularVelocity.
[2026-09-25 03:20:55] Some files in 'fuel-system' use deprecated functions.
[2026-09-25 03:20:55] Use the 'upgrade' command to perform a basic upgrade of resources.
[2026-09-25 03:20:55] WARNING: admin-system\Player\s_player_commands.lua:2933: Bad argument @ 'setWeaponProperty' [Expected number, got non-convertible string]  [DUP x20]
[2026-09-25 03:20:55] ERROR: mysql\connection.lua:62: attempt to call global 'mysql_ping' (a nil value)
[2026-09-25 03:20:55] ERROR: fuel-system\s_fuel_peds.lua:2205: call: failed to call 'mysql:query' [string "?"]
[2026-09-25 03:20:55] WARNING: admin-system\Player\s_player_commands.lua:2933: Bad argument @ 'setWeaponProperty' [Expected number, got non-convertible string]
[2026-09-25 03:20:55] Please wait...
[2026-09-25 03:20:55] WARNING: heligrab/c_heli.lua(Line 756) [Client] getControlState is deprecated and may not work in future versions. Please replace with getPedControlState.
[2026-09-25 03:20:55] Some files in 'heligrab' use deprecated functions.
[2026-09-25 03:20:55] Use the 'upgrade' command to perform a basic upgrade of resources.
[2026-09-25 03:20:55] WARNING: interior-system/blips_s.lua [Server] is encoded in ANSI instead of UTF-8.  Please convert your file to UTF-8.
[2026-09-25 03:20:55] Some files in 'interior-system' use deprecated functions.
[2026-09-25 03:20:55] Use the 'upgrade' command to perform a basic upgrade of resources.
[2026-09-25 03:20:55] WARNING: admin-system\Player\s_player_commands.lua:2933: Bad argument @ 'setWeaponProperty' [Expected number, got non-convertible string]  [DUP x34]
[2026-09-25 03:20:55] WARNING: Script 'interior-system\blips_s.lua' is not encoded in UTF-8.  Loading as ANSI...
[2026-09-25 03:20:55] SCRIPT ERROR: interior-system\blips_s.lua:1: unexpected symbol near 'char(28)'
[2026-09-25 03:20:55] ERROR: Loading script failed: interior-system\blips_s.lua:1: unexpected symbol near 'char(28)'
[2026-09-25 03:20:55] WARNING: admin-system\Player\s_player_commands.lua:2933: Bad argument @ 'setWeaponProperty' [Expected number, got non-convertible string]
[2026-09-25 03:20:55] WARNING: admin-system\Player\s_player_commands.lua:2933: Bad argument @ 'setWeaponProperty' [Expected number, got non-convertible string]  [DUP x13]
[2026-09-25 03:20:55] ERROR: mysql\connection.lua:62: attempt to call global 'mysql_ping' (a nil value)
[2026-09-25 03:20:55] ERROR: bank\s_bank_system.lua:67: call: failed to call 'mysql:query_free' [string "?"]
[2026-09-25 03:20:55] ERROR: mysql\connection.lua:62: attempt to call global 'mysql_ping' (a nil value)
[2026-09-25 03:20:55] ERROR: bank\s_atm_management.lua:277: call: failed to call 'mysql:query' [string "?"]
[2026-09-25 03:20:55] WARNING: admin-system\Player\s_player_commands.lua:2933: Bad argument @ 'setWeaponProperty' [Expected number, got non-convertible string]
[2026-09-25 03:20:55] WARNING: item-system/s_inventory.lua [Server] is encoded in ANSI instead of UTF-8.  Please convert your file to UTF-8.
[2026-09-25 03:20:55] WARNING: item-system/c_itemchange.lua(Line 9) [Client] showPlayerHudComponent is deprecated and may not work in future versions. Please replace with setPlayerHudComponentVisible.
[2026-09-25 03:20:55] WARNING: item-system/c_itemchange.lua(Line 13) [Client] showPlayerHudComponent is deprecated and may not work in future versions. Please replace with setPlayerHudComponentVisible.
[2026-09-25 03:20:55] Some files in 'item-system' use deprecated functions.
[2026-09-25 03:20:55] Use the 'upgrade' command to perform a basic upgrade of resources.
[2026-09-25 03:20:56] WARNING: admin-system\Player\s_player_commands.lua:2933: Bad argument @ 'setWeaponProperty' [Expected number, got non-convertible string]  [DUP x6]
[2026-09-25 03:20:56] WARNING: Script 'item-system\s_inventory.lua' is not encoded in UTF-8.  Loading as ANSI...
[2026-09-25 03:20:56] SCRIPT ERROR: item-system\s_inventory.lua:1: unexpected symbol near 'char(28)'
[2026-09-25 03:20:56] ERROR: Loading script failed: item-system\s_inventory.lua:1: unexpected symbol near 'char(28)'
[2026-09-25 03:20:56] WARNING: admin-system\Player\s_player_commands.lua:2933: Bad argument @ 'setWeaponProperty' [Expected number, got non-convertible string]
[2026-09-25 03:20:56] WARNING: admin-system\Player\s_player_commands.lua:2933: Bad argument @ 'setWeaponProperty' [Expected number, got non-convertible string]  [DUP x13]
[2026-09-25 03:20:56] WARNING: item-texture\s_itemtexture.lua:173: Bad argument @ 'getElementsByType' [Expected element at argument 2, got boolean]
[2026-09-25 03:20:56] ERROR: item-texture\s_itemtexture.lua:189: attempt to get length of local 'worldItems' (a boolean value)
[2026-09-25 03:20:56] WARNING: admin-system\Player\s_player_commands.lua:2933: Bad argument @ 'setWeaponProperty' [Expected number, got non-convertible string]
[2026-09-25 03:20:56] WARNING: admin-system\Player\s_player_commands.lua:2933: Bad argument @ 'setWeaponProperty' [Expected number, got non-convertible string]  [DUP x6]
[2026-09-25 03:20:56] ERROR: mysql\connection.lua:62: attempt to call global 'mysql_ping' (a nil value)
[2026-09-25 03:20:56] ERROR: item-world\s_load_items.lua:373: call: failed to call 'mysql:query_free' [string "?"]
[2026-09-25 03:20:56] ERROR: mysql\connection.lua:62: attempt to call global 'mysql_ping' (a nil value)
[2026-09-25 03:20:56] ERROR: item-world\s_load_items.lua:385: call: failed to call 'mysql:query' [string "?"]
[2026-09-25 03:20:56] INFO: [ITEM WORLD] Loading 0 world items will be finished in approximately 0.05 seconds.
[2026-09-25 03:20:56] WARNING: admin-system\Player\s_player_commands.lua:2933: Bad argument @ 'setWeaponProperty' [Expected number, got non-convertible string]
[2026-09-25 03:20:56] WARNING: job-system-trucker/s_trucker_job.lua(Line 2690) [Server] setVehicleTurnVelocity is deprecated and may not work in future versions. Please replace with setElementAngularVelocity.
[2026-09-25 03:20:56] WARNING: job-system-trucker/s_trucker_job.lua(Line 2750) [Server] setVehicleTurnVelocity is deprecated and may not work in future versions. Please replace with setElementAngularVelocity.
[2026-09-25 03:20:56] WARNING: job-system-trucker/s_trucker_job.lua(Line 2810) [Server] setVehicleTurnVelocity is deprecated and may not work in future versions. Please replace with setElementAngularVelocity.
[2026-09-25 03:20:56] WARNING: job-system-trucker/s_trucker_job.lua(Line 2870) [Server] setVehicleTurnVelocity is deprecated and may not work in future versions. Please replace with setElementAngularVelocity.
[2026-09-25 03:20:56] WARNING: job-system-trucker/c_overlay.lua(Line 1166) [Client] getControlState is deprecated and may not work in future versions. Please replace with getPedControlState.
[2026-09-25 03:20:56] WARNING: job-system-trucker/s_marker.lua [Server] is encoded in ANSI instead of UTF-8.  Please convert your file to UTF-8.
[2026-09-25 03:20:56] Some files in 'job-system-trucker' use deprecated functions.
[2026-09-25 03:20:56] Use the 'upgrade' command to perform a basic upgrade of resources.
[2026-09-25 03:20:56] WARNING: admin-system\Player\s_player_commands.lua:2933: Bad argument @ 'setWeaponProperty' [Expected number, got non-convertible string]  [DUP x27]
[2026-09-25 03:20:56] WARNING: Script 'job-system-trucker\s_marker.lua' is not encoded in UTF-8.  Loading as ANSI...
[2026-09-25 03:20:56] SCRIPT ERROR: job-system-trucker\s_marker.lua:1: unexpected symbol near 'char(28)'
[2026-09-25 03:20:56] ERROR: Loading script failed: job-system-trucker\s_marker.lua:1: unexpected symbol near 'char(28)'
[2026-09-25 03:20:56] ERROR: mysql\connection.lua:62: attempt to call global 'mysql_ping' (a nil value)
[2026-09-25 03:20:56] ERROR: job-system-trucker\s_trucker_job.lua:157: call: failed to call 'mysql:query' [string "?"]
[2026-09-25 03:20:56] INFO: [JOB-SYSTEM-TRUCKER] Fetched 0 actual orders sucessfully from SQL
[2026-09-25 03:20:56] WARNING: admin-system\Player\s_player_commands.lua:2933: Bad argument @ 'setWeaponProperty' [Expected number, got non-convertible string]
[2026-09-25 03:20:56] WARNING: admin-system\Player\s_player_commands.lua:2933: Bad argument @ 'setWeaponProperty' [Expected number, got non-convertible string]  [DUP x6]
[2026-09-25 03:20:56] ERROR: mysql\connection.lua:62: attempt to call global 'mysql_ping' (a nil value)
[2026-09-25 03:20:56] ERROR: license-system\s_gunlicensesmanager.lua:29: call: failed to call 'mysql:query' [string "?"]
[2026-09-25 03:20:56] WARNING: admin-system\Player\s_player_commands.lua:2933: Bad argument @ 'setWeaponProperty' [Expected number, got non-convertible string]
[2026-09-25 03:20:56] WARNING: pd-system/c_policedeagle.lua(Line 437) [Client] getControlState is deprecated and may not work in future versions. Please replace with getPedControlState.
[2026-09-25 03:20:56] WARNING: pd-system/c_policeshotgun.lua(Line 331) [Client] getControlState is deprecated and may not work in future versions. Please replace with getPedControlState.
[2026-09-25 03:20:56] Some files in 'pd-system' use deprecated functions.
[2026-09-25 03:20:56] Use the 'upgrade' command to perform a basic upgrade of resources.
[2026-09-25 03:20:56] ERROR: Couldn't find resource fbi-system. Check it exists.
[2026-09-25 03:20:56] ERROR: Couldn't find resource parachute. Check it exists.
[2026-09-25 03:20:56] WARNING: admin-system\Player\s_player_commands.lua:2933: Bad argument @ 'setWeaponProperty' [Expected number, got non-convertible string]  [DUP x27]
[2026-09-25 03:20:56] ERROR: mysql\connection.lua:62: attempt to call global 'mysql_ping' (a nil value)
[2026-09-25 03:20:56] ERROR: paynspray-system\s_paynspray_system.lua:137: call: failed to call 'mysql:query' [string "?"]
[2026-09-25 03:20:56] WARNING: admin-system\Player\s_player_commands.lua:2933: Bad argument @ 'setWeaponProperty' [Expected number, got non-convertible string]
[2026-09-25 03:20:56] WARNING: admin-system\Player\s_player_commands.lua:2933: Bad argument @ 'setWeaponProperty' [Expected number, got non-convertible string]  [DUP x6]
[2026-09-25 03:20:56] ERROR: mysql\connection.lua:62: attempt to call global 'mysql_ping' (a nil value)
[2026-09-25 03:20:56] ERROR: phone\s_public_phones.lua:17: call: failed to call 'mysql:query' [string "?"]
[2026-09-25 03:20:56] ERROR: mysql\connection.lua:62: attempt to call global 'mysql_ping' (a nil value)
[2026-09-25 03:20:56] ERROR: phone\phone_sms_s.lua:489: call: failed to call 'mysql:query_free' [string "?"]
[2026-09-25 03:20:56] WARNING: admin-system\Player\s_player_commands.lua:2933: Bad argument @ 'setWeaponProperty' [Expected number, got non-convertible string]
[2026-09-25 03:20:56] WARNING: realism-system/c_backup_bleepers.lua(Line 333) [Client] getControlState is deprecated and may not work in future versions. Please replace with getPedControlState.
[2026-09-25 03:20:56] WARNING: realism-system/c_cruise_control.lua(Line 141) [Client] setControlState is deprecated and may not work in future versions. Please replace with setPedControlState.
[2026-09-25 03:20:56] WARNING: realism-system/c_cruise_control.lua(Line 149) [Client] setControlState is deprecated and may not work in future versions. Please replace with setPedControlState.
[2026-09-25 03:20:56] WARNING: realism-system/c_cruise_control.lua(Line 201) [Client] setControlState is deprecated and may not work in future versions. Please replace with setPedControlState.
[2026-09-25 03:20:56] WARNING: realism-system/c_fpview.lua(Line 439) [Client] getControlState is deprecated and may not work in future versions. Please replace with getPedControlState.
[2026-09-25 03:20:56] WARNING: realism-system/c_fpview.lua(Line 451) [Client] getControlState is deprecated and may not work in future versions. Please replace with getPedControlState.
[2026-09-25 03:20:56] WARNING: realism-system/c_fpview.lua(Line 463) [Client] getControlState is deprecated and may not work in future versions. Please replace with getPedControlState.
[2026-09-25 03:20:56] WARNING: realism-system/c_heli_rotors.lua(Line 17) [Client] getHelicopterRotorSpeed is deprecated and may not work in future versions. Please replace with getVehicleRotorSpeed.
[2026-09-25 03:20:56] WARNING: realism-system/c_heli_rotors.lua(Line 21) [Client] getHelicopterRotorSpeed is deprecated and may not work in future versions. Please replace with getVehicleRotorSpeed.
[2026-09-25 03:20:56] WARNING: realism-system/c_heli_rotors.lua(Line 25) [Client] setHelicopterRotorSpeed is deprecated and may not work in future versions. Please replace with setVehicleRotorSpeed.
[2026-09-25 03:20:56] WARNING: realism-system/c_carrealism.lua(Line 353) [Client] getControlState is deprecated and may not work in future versions. Please replace with getPedControlState.
[2026-09-25 03:20:56] WARNING: realism-system/handbrake_c.lua(Line 217) [Client] getControlState is deprecated and may not work in future versions. Please replace with getPedControlState.
[2026-09-25 03:20:56] WARNING: realism-system/handbrake_c.lua(Line 221) [Client] setControlState is deprecated and may not work in future versions. Please replace with setPedControlState.
[2026-09-25 03:20:56] Some files in 'realism-system' use deprecated functions.
[2026-09-25 03:20:56] Use the 'upgrade' command to perform a basic upgrade of resources.
[2026-09-25 03:20:56] WARNING: admin-system\Player\s_player_commands.lua:2933: Bad argument @ 'setWeaponProperty' [Expected number, got non-convertible string]  [DUP x6]
[2026-09-25 03:20:56] ERROR: mysql\connection.lua:62: attempt to call global 'mysql_ping' (a nil value)
[2026-09-25 03:20:56] ERROR: realism-system\s_ck_corpses.lua:113: call: failed to call 'mysql:query' [string "?"]
[2026-09-25 03:20:56] ERROR: mysql\connection.lua:62: attempt to call global 'mysql_ping' (a nil value)
[2026-09-25 03:20:56] ERROR: realism-system\s_ck_corpses.lua:293: call: failed to call 'mysql:query_fetch_assoc' [string "?"]
[2026-09-25 03:20:56] WARNING: admin-system\Player\s_player_commands.lua:2933: Bad argument @ 'setWeaponProperty' [Expected number, got non-convertible string]
[2026-09-25 03:20:56] WARNING: report-system/c_external_report_box.lua(Line 265) [Client] getControlState is deprecated and may not work in future versions. Please replace with getPedControlState.
[2026-09-25 03:20:56] WARNING: report-system/c_top_right_box.lua(Line 84) [Client] getControlState is deprecated and may not work in future versions. Please replace with getPedControlState.
[2026-09-25 03:20:56] Some files in 'report-system' use deprecated functions.
[2026-09-25 03:20:56] Use the 'upgrade' command to perform a basic upgrade of resources.
[2026-09-25 03:20:56] WARNING: admin-system\Player\s_player_commands.lua:2933: Bad argument @ 'setWeaponProperty' [Expected number, got non-convertible string]  [DUP x6]
[2026-09-25 03:20:56] INFO: Loaded 0 reports.
[2026-09-25 03:20:56] WARNING: admin-system\Player\s_player_commands.lua:2933: Bad argument @ 'setWeaponProperty' [Expected number, got non-convertible string]
[2026-09-25 03:20:56] ERROR: Couldn't find resource scoreboard. Check it exists.
[2026-09-25 03:20:56] WARNING: shop-system/s_generalshop_system.lua(Line 672) [Server] setVehicleTurnVelocity is deprecated and may not work in future versions. Please replace with setElementAngularVelocity.
[2026-09-25 03:20:56] Some files in 'shop-system' use deprecated functions.
[2026-09-25 03:20:56] Use the 'upgrade' command to perform a basic upgrade of resources.
[2026-09-25 03:20:56] WARNING: admin-system\Player\s_player_commands.lua:2933: Bad argument @ 'setWeaponProperty' [Expected number, got non-convertible string]  [DUP x27]
[2026-09-25 03:20:56] ERROR: mysql\connection.lua:62: attempt to call global 'mysql_ping' (a nil value)
[2026-09-25 03:20:56] ERROR: shop-system\s_generalshop_system.lua:935: call: failed to call 'mysql:query' [string "?"]
[2026-09-25 03:20:56] ERROR: mysql\connection.lua:62: attempt to call global 'mysql_ping' (a nil value)
[2026-09-25 03:20:56] ERROR: shop-system\s_generalshop_system.lua:2291: call: failed to call 'mysql:query_fetch_assoc' [string "?"]
[2026-09-25 03:20:56] WARNING: admin-system\Player\s_player_commands.lua:2933: Bad argument @ 'setWeaponProperty' [Expected number, got non-convertible string]
[2026-09-25 03:20:56] WARNING: spike-system/c_spikes.lua(Line 93) [Client] getVehicleTurnVelocity is deprecated and may not work in future versions. Please replace with getElementAngularVelocity.
[2026-09-25 03:20:56] WARNING: spike-system/c_spikes.lua(Line 97) [Client] setVehicleTurnVelocity is deprecated and may not work in future versions. Please replace with setElementAngularVelocity.
[2026-09-25 03:20:56] Some files in 'spike-system' use deprecated functions.
[2026-09-25 03:20:56] Use the 'upgrade' command to perform a basic upgrade of resources.
[2026-09-25 03:20:56] WARNING: admin-system\Player\s_player_commands.lua:2933: Bad argument @ 'setWeaponProperty' [Expected number, got non-convertible string]  [DUP x20]
[2026-09-25 03:20:56] ERROR: mysql\connection.lua:62: attempt to call global 'mysql_ping' (a nil value)
[2026-09-25 03:20:56] ERROR: tag-system\s_tag_system.lua:413: call: failed to call 'mysql:query_free' [string "?"]
[2026-09-25 03:20:56] ERROR: mysql\connection.lua:62: attempt to call global 'mysql_ping' (a nil value)
[2026-09-25 03:20:56] ERROR: tag-system\s_tag_system.lua:425: call: failed to call 'mysql:query' [string "?"]
[2026-09-25 03:20:56] WARNING: admin-system\Player\s_player_commands.lua:2933: Bad argument @ 'setWeaponProperty' [Expected number, got non-convertible string]
[2026-09-25 03:20:56] WARNING: admin-system\Player\s_player_commands.lua:2933: Bad argument @ 'setWeaponProperty' [Expected number, got non-convertible string]  [DUP x6]
[2026-09-25 03:20:56] ERROR: mysql\connection.lua:62: attempt to call global 'mysql_ping' (a nil value)
[2026-09-25 03:20:56] ERROR: tow-system\s_tow.lua:309: call: failed to call 'mysql:query_free' [string "?"]
[2026-09-25 03:20:56] WARNING: admin-system\Player\s_player_commands.lua:2933: Bad argument @ 'setWeaponProperty' [Expected number, got non-convertible string]
[2026-09-25 03:20:56] WARNING: admin-system\Player\s_player_commands.lua:2933: Bad argument @ 'setWeaponProperty' [Expected number, got non-convertible string]  [DUP x13]
[2026-09-25 03:20:56] ERROR: vehicle-system\s_vehicle_system.lua:9: attempt to call global 'mysql_null' (a nil value)
[2026-09-25 03:20:56] WARNING: admin-system\Player\s_player_commands.lua:2933: Bad argument @ 'setWeaponProperty' [Expected number, got non-convertible string]
[2026-09-25 03:20:56] WARNING: vehicle-interiors/s_vehicle_interiors.lua(Line 1936) [Server] setVehicleTurnVelocity is deprecated and may not work in future versions. Please replace with setElementAngularVelocity.
[2026-09-25 03:20:56] Some files in 'vehicle-interiors' use deprecated functions.
[2026-09-25 03:20:56] Use the 'upgrade' command to perform a basic upgrade of resources.
[2026-09-25 03:20:56] WARNING: admin-system\Player\s_player_commands.lua:2933: Bad argument @ 'setWeaponProperty' [Expected number, got non-convertible string]  [DUP x55]
[2026-09-25 03:20:56] ERROR: mysql\connection.lua:62: attempt to call global 'mysql_ping' (a nil value)
[2026-09-25 03:20:56] ERROR: dancer-system\s_dancers.lua:97: call: failed to call 'mysql:query' [string "?"]
[2026-09-25 03:20:56] WARNING: admin-system\Player\s_player_commands.lua:2933: Bad argument @ 'setWeaponProperty' [Expected number, got non-convertible string]
[2026-09-25 03:20:56] WARNING: admin-system\Player\s_player_commands.lua:2933: Bad argument @ 'setWeaponProperty' [Expected number, got non-convertible string]  [DUP x13]
[2026-09-25 03:20:56] ERROR: mysql\connection.lua:62: attempt to call global 'mysql_ping' (a nil value)
[2026-09-25 03:20:56] ERROR: apps\app_manager_s.lua:136: call: failed to call 'mysql:query_fetch_assoc' [string "?"]
[2026-09-25 03:20:56] ERROR: apps\app_manager_s.lua:139: attempt to index local 'mQuery' (a boolean value)
[2026-09-25 03:20:56] WARNING: admin-system\Player\s_player_commands.lua:2933: Bad argument @ 'setWeaponProperty' [Expected number, got non-convertible string]
[2026-09-25 03:20:56] WARNING: admin-system\Player\s_player_commands.lua:2933: Bad argument @ 'setWeaponProperty' [Expected number, got non-convertible string]  [DUP x6]
[2026-09-25 03:20:56] ERROR: mysql\connection.lua:62: attempt to call global 'mysql_ping' (a nil value)
[2026-09-25 03:20:56] ERROR: object-system\s_object_management.lua:253: call: failed to call 'mysql:query' [string "?"]
[2026-09-25 03:20:56] WARNING: admin-system\Player\s_player_commands.lua:2933: Bad argument @ 'setWeaponProperty' [Expected number, got non-convertible string]
[2026-09-25 03:20:56] WARNING: admin-system\Player\s_player_commands.lua:2933: Bad argument @ 'setWeaponProperty' [Expected number, got non-convertible string]  [DUP x13]
[2026-09-25 03:20:56] ERROR: mysql\connection.lua:206: attempt to call global 'mysql_escape_string' (a nil value)
[2026-09-25 03:20:56] ERROR: mysql\connection.lua:206: attempt to call global 'mysql_escape_string' (a nil value)
[2026-09-25 03:20:56] ERROR: call: failed to call 'mysql:escape_string' [(tail call)]
[2026-09-25 03:20:56] ERROR: carshop-system\s_shop.lua:1829: attempt to concatenate a boolean value
[2026-09-25 03:20:56] WARNING: admin-system\Player\s_player_commands.lua:2933: Bad argument @ 'setWeaponProperty' [Expected number, got non-convertible string]
[2026-09-25 03:20:56] ERROR: Couldn't find resource superman. Check it exists.
[2026-09-25 03:20:56] WARNING: admin-system\Player\s_player_commands.lua:2933: Bad argument @ 'setWeaponProperty' [Expected number, got non-convertible string]  [DUP x6]
[2026-09-25 03:20:56] ERROR: mysql\connection.lua:62: attempt to call global 'mysql_ping' (a nil value)
[2026-09-25 03:20:56] ERROR: payday\s_payday.lua:1741: call: failed to call 'mysql:query_fetch_assoc' [string "?"]
[2026-09-25 03:20:56] WARNING: admin-system\Player\s_player_commands.lua:2933: Bad argument @ 'setWeaponProperty' [Expected number, got non-convertible string]
[2026-09-25 03:20:56] WARNING: gate-manager/s_gate_manager.lua(Line 802) [Server] setVehicleTurnVelocity is deprecated and may not work in future versions. Please replace with setElementAngularVelocity.
[2026-09-25 03:20:56] Some files in 'gate-manager' use deprecated functions.
[2026-09-25 03:20:56] Use the 'upgrade' command to perform a basic upgrade of resources.
[2026-09-25 03:20:56] WARNING: admin-system\Player\s_player_commands.lua:2933: Bad argument @ 'setWeaponProperty' [Expected number, got non-convertible string]  [DUP x6]
[2026-09-25 03:20:56] ERROR: mysql\connection.lua:62: attempt to call global 'mysql_ping' (a nil value)
[2026-09-25 03:20:56] ERROR: gate-manager\s_gates.lua:201: call: failed to call 'mysql:query' [string "?"]
[2026-09-25 03:20:56] WARNING: admin-system\Player\s_player_commands.lua:2933: Bad argument @ 'setWeaponProperty' [Expected number, got non-convertible string]
[2026-09-25 03:20:56] WARNING: admin-system\Player\s_player_commands.lua:2933: Bad argument @ 'setWeaponProperty' [Expected number, got non-convertible string]  [DUP x20]
[2026-09-25 03:20:56] ERROR: mysql\connection.lua:62: attempt to call global 'mysql_ping' (a nil value)
[2026-09-25 03:20:56] ERROR: carradio\stations_s.lua:21: call: failed to call 'mysql:query' [string "?"]
[2026-09-25 03:20:56] WARNING: admin-system\Player\s_player_commands.lua:2933: Bad argument @ 'setWeaponProperty' [Expected number, got non-convertible string]
[2026-09-25 03:20:56] WARNING: admin-system\Player\s_player_commands.lua:2933: Bad argument @ 'setWeaponProperty' [Expected number, got non-convertible string]  [DUP x13]
[2026-09-25 03:20:56] ERROR: mysql\connection.lua:62: attempt to call global 'mysql_ping' (a nil value)
[2026-09-25 03:20:56] ERROR: lottery-system\s_lottery.lua:25: call: failed to call 'mysql:query_fetch_assoc' [string "?"]
[2026-09-25 03:20:56] ERROR: mysql\connection.lua:62: attempt to call global 'mysql_ping' (a nil value)
[2026-09-25 03:20:56] ERROR: lottery-system\s_lottery.lua:33: call: failed to call 'mysql:query_free' [string "?"]
[2026-09-25 03:20:56] ERROR: mysql\connection.lua:62: attempt to call global 'mysql_ping' (a nil value)
[2026-09-25 03:20:56] ERROR: lottery-system\s_lottery.lua:69: call: failed to call 'mysql:query_fetch_assoc' [string "?"]
[2026-09-25 03:20:56] ERROR: mysql\connection.lua:62: attempt to call global 'mysql_ping' (a nil value)
[2026-09-25 03:20:56] ERROR: lottery-system\s_lottery.lua:81: call: failed to call 'mysql:query_free' [string "?"]
[2026-09-25 03:20:56] WARNING: admin-system\Player\s_player_commands.lua:2933: Bad argument @ 'setWeaponProperty' [Expected number, got non-convertible string]
[2026-09-25 03:20:56] ERROR: Couldn't find resource hardwaresurvey. Check it exists.
[2026-09-25 03:20:56] WARNING: sfia/s_airtrack.lua(Line 227) [Server] showPlayerHudComponent is deprecated and may not work in future versions. Please replace with setPlayerHudComponentVisible.
[2026-09-25 03:20:56] WARNING: sfia/s_airtrack.lua(Line 263) [Server] showPlayerHudComponent is deprecated and may not work in future versions. Please replace with setPlayerHudComponentVisible.
[2026-09-25 03:20:56] Some files in 'sfia' use deprecated functions.
[2026-09-25 03:20:56] Use the 'upgrade' command to perform a basic upgrade of resources.
[2026-09-25 03:20:56] WARNING: admin-system\Player\s_player_commands.lua:2933: Bad argument @ 'setWeaponProperty' [Expected number, got non-convertible string]  [DUP x20]
[2026-09-25 03:20:56] ERROR: mysql\connection.lua:62: attempt to call global 'mysql_ping' (a nil value)
[2026-09-25 03:20:56] ERROR: sfia\s_pilotmission.lua:61: call: failed to call 'mysql:query' [string "?"]
[2026-09-25 03:20:56] WARNING: admin-system\Player\s_player_commands.lua:2933: Bad argument @ 'setWeaponProperty' [Expected number, got non-convertible string]
[2026-09-25 03:20:56] WARNING: vehicle-manager/s_vehicle_commands.lua(Line 789) [Server] setVehicleTurnVelocity is deprecated and may not work in future versions. Please replace with setElementAngularVelocity.
[2026-09-25 03:20:56] Some files in 'vehicle-manager' use deprecated functions.
[2026-09-25 03:20:56] Use the 'upgrade' command to perform a basic upgrade of resources.
[2026-09-25 03:20:57] WARNING: admin-system\Player\s_player_commands.lua:2933: Bad argument @ 'setWeaponProperty' [Expected number, got non-convertible string]  [DUP x69]
[2026-09-25 03:20:57] ERROR: mysql\connection.lua:62: attempt to call global 'mysql_ping' (a nil value)
[2026-09-25 03:20:57] ERROR: texture-system\s_stream.lua:37: call: failed to call 'mysql:query' [string "?"]
[2026-09-25 03:20:57] WARNING: admin-system\Player\s_player_commands.lua:2933: Bad argument @ 'setWeaponProperty' [Expected number, got non-convertible string]
[2026-09-25 03:20:57] WARNING: announcement/client.lua(Line 76) [Client] getControlState is deprecated and may not work in future versions. Please replace with getPedControlState.
[2026-09-25 03:20:57] Some files in 'announcement' use deprecated functions.
[2026-09-25 03:20:57] Use the 'upgrade' command to perform a basic upgrade of resources.
[2026-09-25 03:20:57] ERROR: Couldn't find resource briefcase. Check it exists.
[2026-09-25 03:20:57] WARNING: admin-system\Player\s_player_commands.lua:2933: Bad argument @ 'setWeaponProperty' [Expected number, got non-convertible string]  [DUP x27]
[2026-09-25 03:20:57] ERROR: mysql\connection.lua:62: attempt to call global 'mysql_ping' (a nil value)
[2026-09-25 03:20:57] ERROR: ramp-system\ramp_main.lua:61: call: failed to call 'mysql:query' [string "?"]
[2026-09-25 03:20:57] WARNING: admin-system\Player\s_player_commands.lua:2933: Bad argument @ 'setWeaponProperty' [Expected number, got non-convertible string]
[2026-09-25 03:20:57] ERROR: Couldn't find resource shader_car_paint. Check it exists.
[2026-09-25 03:20:57] ERROR: Couldn't find resource shader_water. Check it exists.
[2026-09-25 03:20:57] ERROR: Couldn't find resource astro-clothing. Check it exists.
[2026-09-25 03:20:57] WARNING: admin-system\Player\s_player_commands.lua:2933: Bad argument @ 'setWeaponProperty' [Expected number, got non-convertible string]  [DUP x20]
[2026-09-25 03:20:57] INFO: LeFire Script loaded ...
[2026-09-25 03:20:57] WARNING: admin-system\Player\s_player_commands.lua:2933: Bad argument @ 'setWeaponProperty' [Expected number, got non-convertible string]
[2026-09-25 03:20:57] WARNING: admin-system\Player\s_player_commands.lua:2933: Bad argument @ 'setWeaponProperty' [Expected number, got non-convertible string]  [DUP x6]
[2026-09-25 03:20:57] ERROR: mysql\connection.lua:62: attempt to call global 'mysql_ping' (a nil value)
[2026-09-25 03:20:57] ERROR: death\graveyard\graveyard_s.lua:29: call: failed to call 'mysql:query' [string "?"]
[2026-09-25 03:20:57] WARNING: admin-system\Player\s_player_commands.lua:2933: Bad argument @ 'setWeaponProperty' [Expected number, got non-convertible string]
[2026-09-25 03:20:57] WARNING: admin-system\Player\s_player_commands.lua:2933: Bad argument @ 'setWeaponProperty' [Expected number, got non-convertible string]  [DUP x6]
[2026-09-25 03:20:57] ERROR: clubtec\s_clubtec.lua:37: exports: Call to non-running server resource (fakevideo) [string "?"]
[2026-09-25 03:20:57] WARNING: admin-system\Player\s_player_commands.lua:2933: Bad argument @ 'setWeaponProperty' [Expected number, got non-convertible string]
[2026-09-25 03:20:57] WARNING: admin-system\Player\s_player_commands.lua:2933: Bad argument @ 'setWeaponProperty' [Expected number, got non-convertible string]  [DUP x6]
[2026-09-25 03:20:57] ERROR: mysql\connection.lua:62: attempt to call global 'mysql_ping' (a nil value)
[2026-09-25 03:20:57] ERROR: fakevideo\s_fakevideo.lua:105: call: failed to call 'mysql:query' [string "?"]
[2026-09-25 03:20:57] WARNING: admin-system\Player\s_player_commands.lua:2933: Bad argument @ 'setWeaponProperty' [Expected number, got non-convertible string]
[2026-09-25 03:20:57] WARNING: admin-system\Player\s_player_commands.lua:2933: Bad argument @ 'setWeaponProperty' [Expected number, got non-convertible string]  [DUP x13]
[2026-09-25 03:20:57] INFO: PRISON-SYSTEM: Loaded 24 cell gates from s_gates.lua
[2026-09-25 03:20:57] ERROR: mysql\connection.lua:62: attempt to call global 'mysql_ping' (a nil value)
[2026-09-25 03:20:57] ERROR: prison-system\s_prison.lua:49: call: failed to call 'mysql:query' [string "?"]
[2026-09-25 03:20:57] WARNING: admin-system\Player\s_player_commands.lua:2933: Bad argument @ 'setWeaponProperty' [Expected number, got non-convertible string]
[2026-09-25 03:20:57] WARNING: admin-system\Player\s_player_commands.lua:2933: Bad argument @ 'setWeaponProperty' [Expected number, got non-convertible string]  [DUP x13]
[2026-09-25 03:20:57] ERROR: ped-system\s_peds.lua:53: attempt to call global 'mysql_null' (a nil value)
[2026-09-25 03:20:57] WARNING: admin-system\Player\s_player_commands.lua:2933: Bad argument @ 'setWeaponProperty' [Expected number, got non-convertible string]
[2026-09-25 03:20:57] ERROR: Couldn't find resource shader_lights. Check it exists.
[2026-09-25 03:20:57] ERROR: Couldn't find resource hdradar. Check it exists.
[2026-09-25 03:20:57] ERROR: Couldn't find resource w-job. Check it exists.
[2026-09-25 03:20:57] ERROR: Couldn't find resource farmarjob. Check it exists.
[2026-09-25 03:20:57] WARNING: vrp/client.lua(Line 246) [Client] showPlayerHudComponent is deprecated and may not work in future versions. Please replace with setPlayerHudComponentVisible.
[2026-09-25 03:20:57] Some files in 'vrp' use deprecated functions.
[2026-09-25 03:20:57] Use the 'upgrade' command to perform a basic upgrade of resources.
[2026-09-25 03:20:57] Querying MTA master server... success! (Auto detected IP:129.224.207.135)
[2026-09-25 03:20:57] Authorized serial account protection is enabled for the ACL group(s): `Admin`  See http://multitheftauto.com/authserial
[2026-09-25 03:20:57] WARNING: <owner_email_address> not set
[2026-09-25 03:20:57] Server started and is ready to accept connections!
[2026-09-25 03:20:57] To stop the server, type 'shutdown' or press Ctrl-C
[2026-09-25 03:20:57] Type 'help' for a list of commands.
[2026-09-25 03:21:01] WARNING: admin-system\Player\s_player_commands.lua:2933: Bad argument @ 'setWeaponProperty' [Expected number, got non-convertible string]  [DUP x69]
[2026-09-25 03:21:01] ERROR: mysql\connection.lua:62: attempt to call global 'mysql_ping' (a nil value)
[2026-09-25 03:21:01] ERROR: weather-system\s_weather_system.lua:221: call: failed to call 'mysql:query_free' [string "?"]
[2026-09-25 03:21:01] INFO: [WEATHER] / Line 60 / SQL Settings for weather was not changed.
==================================================================
= Multi Theft Auto: San Andreas v1.6
==================================================================
= Server name      : Direct Backup V3
= Server IP address: auto
= Server port      : 22221
= 
= Log file         : ../MTA/server/mods/deathmatch/logs/server.log
= Maximum players  : 2
= HTTP port        : 22221
= Voice Chat       : Disabled
= Bandwidth saving : None
==================================================================
[2026-09-25 03:27:01] ERROR: Couldn't find map afiss_rpboxg.map for resource LSB
[2026-09-25 03:27:01] Loading of resource 'LSB' failed
[2026-09-25 03:27:01] ERROR: Couldn't find map varti_lspd.map for resource LSgate
[2026-09-25 03:27:01] Loading of resource 'LSgate' failed
[2026-09-25 03:27:01] Resource 'acpanel' requests some acl rights. Use the command 'aclrequest list acpanel'
[2026-09-25 03:27:02] ERROR: Couldn't find map izgastuve.map for resource dumpsite
[2026-09-25 03:27:02] Loading of resource 'dumpsite' failed
[2026-09-25 03:27:03] Resource 'mapmanager' requests some acl rights. Use the command 'aclrequest list mapmanager'
[2026-09-25 03:27:03] Resource 'runcode' requests some acl rights. Use the command 'aclrequest list runcode'
[2026-09-25 03:27:04] WARNING: Ignoring duplicate client file in resource 'vrp': 'Imagens/Fundo.png'
[2026-09-25 03:27:04] ERROR: Problem with resource: LSB; Couldn't find map afiss_rpboxg.map for resource LSB
[2026-09-25 03:27:04] ERROR: Problem with resource: LSgate; Couldn't find map varti_lspd.map for resource LSgate
[2026-09-25 03:27:04] ERROR: Problem with resource: assault; Failed to link to scoreboard
[2026-09-25 03:27:04] ERROR: Not processing resource 'briefcase' as it has duplicates on different paths:
                  Path #1: "resources\briefcase"
                  Path #2: "resources\[gamemodes]\[briefcaserace]\briefcase"
[2026-09-25 03:27:04] ERROR: Problem with resource: briefcaserace; Failed to link to scoreboard
[2026-09-25 03:27:04] ERROR: Problem with resource: ctf; Failed to link to scoreboard
[2026-09-25 03:27:04] ERROR: Problem with resource: ctf-bombsite; Failed to link to scoreboard
[2026-09-25 03:27:04] ERROR: Problem with resource: ctf-canals; Failed to link to scoreboard
[2026-09-25 03:27:04] ERROR: Problem with resource: ctf-hydrastrike; 
[2026-09-25 03:27:04] ERROR: Problem with resource: ctf-tbd; Failed to link to scoreboard
[2026-09-25 03:27:04] ERROR: Problem with resource: ctv; Failed to link to scoreboard
[2026-09-25 03:27:04] ERROR: Problem with resource: deathmatch; Failed to link to scoreboard
[2026-09-25 03:27:04] ERROR: Problem with resource: dumpsite; Couldn't find map izgastuve.map for resource dumpsite
[2026-09-25 03:27:04] ERROR: Problem with resource: editor; 
[2026-09-25 03:27:04] ERROR: Problem with resource: editor_main; Failed to link to freecam
[2026-09-25 03:27:04] ERROR: Problem with resource: fallout; Failed to link to freecam
[2026-09-25 03:27:04] ERROR: Not processing resource 'freecam' as it has duplicates on different paths:
                  Path #1: "resources\freecam"
                  Path #2: "resources\[editor]\freecam"
[2026-09-25 03:27:04] ERROR: Problem with resource: hay; Failed to link to scoreboard
[2026-09-25 03:27:04] ERROR: Not processing resource 'ipb' as it has duplicates on different paths:
                  Path #1: "resources\ipb"
                  Path #2: "resources\[admin]\ipb"
[2026-09-25 03:27:04] ERROR: Not processing resource 'parachute' as it has duplicates on different paths:
                  Path #1: "resources\parachute"
                  Path #2: "resources\[gameplay]\parachute"
[2026-09-25 03:27:04] ERROR: Problem with resource: play; Failed to link to superman
[2026-09-25 03:27:04] ERROR: Problem with resource: race; Failed to link to scoreboard
[2026-09-25 03:27:04] ERROR: Not processing resource 'scoreboard' as it has duplicates on different paths:
                  Path #1: "resources\scoreboard"
                  Path #2: "resources\[gameplay]\scoreboard"
[2026-09-25 03:27:04] ERROR: Problem with resource: scores; Failed to link to scoreboard
[2026-09-25 03:27:04] ERROR: Problem with resource: stealth; Failed to link to scoreboard
[2026-09-25 03:27:04] ERROR: Not processing resource 'superman' as it has duplicates on different paths:
                  Path #1: "resources\superman"
                  Path #2: "resources\[gameplay]\superman"
[2026-09-25 03:27:04] ERROR: Problem with resource: tdm; Failed to link to scoreboard
[2026-09-25 03:27:04] ERROR: Problem with resource: tdma; Failed to link to scoreboard
[2026-09-25 03:27:04] Resources: 329 loaded, 22 failed
[2026-09-25 03:27:04] Starting resources...
[2026-09-25 03:27:04] [MYSQL] Connected to database 'pdz' at 127.0.0.1:3306
[2026-09-25 03:27:04] Server minclientversion is now 1.6.0-9.24109.0
[2026-09-25 03:27:04] WARNING: hud/c_overlay_top_right.lua(Line 106) [Client] getControlState is deprecated and may not work in future versions. Please replace with getPedControlState.
[2026-09-25 03:27:04] WARNING: hud/c_overlay_bottom_center.lua(Line 90) [Client] getControlState is deprecated and may not work in future versions. Please replace with getPedControlState.
[2026-09-25 03:27:04] Some files in 'hud' use deprecated functions.
[2026-09-25 03:27:04] Use the 'upgrade' command to perform a basic upgrade of resources.
[2026-09-25 03:27:04] WARNING: account/c_main.lua(Line 5) [Client] showPlayerHudComponent is deprecated and may not work in future versions. Please replace with setPlayerHudComponentVisible.
[2026-09-25 03:27:04] WARNING: account/c_main.lua(Line 7) [Client] showPlayerHudComponent is deprecated and may not work in future versions. Please replace with setPlayerHudComponentVisible.
[2026-09-25 03:27:04] WARNING: account/c_main.lua(Line 9) [Client] showPlayerHudComponent is deprecated and may not work in future versions. Please replace with setPlayerHudComponentVisible.
[2026-09-25 03:27:04] WARNING: account/c_main.lua(Line 11) [Client] showPlayerHudComponent is deprecated and may not work in future versions. Please replace with setPlayerHudComponentVisible.
[2026-09-25 03:27:04] WARNING: account/c_main.lua(Line 13) [Client] showPlayerHudComponent is deprecated and may not work in future versions. Please replace with setPlayerHudComponentVisible.
[2026-09-25 03:27:04] WARNING: account/c_main.lua(Line 15) [Client] showPlayerHudComponent is deprecated and may not work in future versions. Please replace with setPlayerHudComponentVisible.
[2026-09-25 03:27:04] WARNING: account/c_main.lua(Line 17) [Client] showPlayerHudComponent is deprecated and may not work in future versions. Please replace with setPlayerHudComponentVisible.
[2026-09-25 03:27:04] WARNING: account/c_main.lua(Line 19) [Client] showPlayerHudComponent is deprecated and may not work in future versions. Please replace with setPlayerHudComponentVisible.
[2026-09-25 03:27:04] WARNING: account/c_main.lua(Line 21) [Client] showPlayerHudComponent is deprecated and may not work in future versions. Please replace with setPlayerHudComponentVisible.
[2026-09-25 03:27:04] WARNING: account/c_main.lua(Line 23) [Client] showPlayerHudComponent is deprecated and may not work in future versions. Please replace with setPlayerHudComponentVisible.
[2026-09-25 03:27:04] WARNING: account/c_main.lua(Line 25) [Client] showPlayerHudComponent is deprecated and may not work in future versions. Please replace with setPlayerHudComponentVisible.
[2026-09-25 03:27:04] WARNING: account/c_characters.lua(Line 13) [Client] showPlayerHudComponent is deprecated and may not work in future versions. Please replace with setPlayerHudComponentVisible.
[2026-09-25 03:27:04] WARNING: account/c_options.lua(Line 519) [Client] setControlState is deprecated and may not work in future versions. Please replace with setPedControlState.
[2026-09-25 03:27:04] Some files in 'account' use deprecated functions.
[2026-09-25 03:27:04] Use the 'upgrade' command to perform a basic upgrade of resources.
[2026-09-25 03:27:04] WARNING: account\s_main.lua:77: Attempt to restart a stopped resource
[2026-09-25 03:27:04] ERROR: Couldn't find resource serialwhitelist. Check it exists.
[2026-09-25 03:27:04] WARNING: admin-system/Player/s_teleport.lua(Line 123) [Server] setVehicleTurnVelocity is deprecated and may not work in future versions. Please replace with setElementAngularVelocity.
[2026-09-25 03:27:04] WARNING: admin-system/Player/s_teleport.lua(Line 313) [Server] setVehicleTurnVelocity is deprecated and may not work in future versions. Please replace with setElementAngularVelocity.
[2026-09-25 03:27:04] WARNING: admin-system/Player/s_teleport.lua(Line 534) [Server] setVehicleTurnVelocity is deprecated and may not work in future versions. Please replace with setElementAngularVelocity.
[2026-09-25 03:27:04] WARNING: admin-system/Player/s_teleport.lua(Line 792) [Server] setVehicleTurnVelocity is deprecated and may not work in future versions. Please replace with setElementAngularVelocity.
[2026-09-25 03:27:04] WARNING: admin-system/Player/s_teleport.lua(Line 1176) [Server] setVehicleTurnVelocity is deprecated and may not work in future versions. Please replace with setElementAngularVelocity.
[2026-09-25 03:27:04] WARNING: admin-system/Player/s_teleport.lua(Line 1326) [Server] setVehicleTurnVelocity is deprecated and may not work in future versions. Please replace with setElementAngularVelocity.
[2026-09-25 03:27:04] WARNING: admin-system/c_overlay.lua(Line 460) [Client] getControlState is deprecated and may not work in future versions. Please replace with getPedControlState.
[2026-09-25 03:27:04] Some files in 'admin-system' use deprecated functions.
[2026-09-25 03:27:04] Use the 'upgrade' command to perform a basic upgrade of resources.
[2026-09-25 03:27:04] Server password cleared
[2026-09-25 03:27:04] WARNING: admin-system\Player\s_player_commands.lua:2933: Bad argument @ 'setWeaponProperty' [Expected number, got non-convertible string]
[2026-09-25 03:27:05] WARNING: admin-system\Player\s_player_commands.lua:2933: Bad argument @ 'setWeaponProperty' [Expected number, got non-convertible string]  [DUP x34]
[2026-09-25 03:27:05] ERROR: mysql\connection.lua:156: malformed pattern (missing ']')
[2026-09-25 03:27:05] ERROR: mysql\connection.lua:156: malformed pattern (missing ']')
[2026-09-25 03:27:05] ERROR: camera-system\s_camera_management.lua:58: call: failed to call 'mysql:escape_string' [string "?"]
[2026-09-25 03:27:05] ERROR: camera-system\s_camera_management.lua:58: attempt to concatenate a boolean value
[2026-09-25 03:27:05] WARNING: admin-system\Player\s_player_commands.lua:2933: Bad argument @ 'setWeaponProperty' [Expected number, got non-convertible string]
[2026-09-25 03:27:05] SCRIPT ERROR: ticket-system\s_vehticket.lua:389: ')' expected near 'Los'
[2026-09-25 03:27:05] WARNING: admin-system\Player\s_player_commands.lua:2933: Bad argument @ 'setWeaponProperty' [Expected number, got non-convertible string]  [DUP x13]
[2026-09-25 03:27:05] ERROR: Loading script failed: ticket-system\s_vehticket.lua:389: ')' expected near 'Los'
[2026-09-25 03:27:05] WARNING: admin-system\Player\s_player_commands.lua:2933: Bad argument @ 'setWeaponProperty' [Expected number, got non-convertible string]
[2026-09-25 03:27:05] WARNING: driveby/driveby_client.lua(Line 1024) [Client] setControlState is deprecated and may not work in future versions. Please replace with setPedControlState.
[2026-09-25 03:27:05] Some files in 'driveby' use deprecated functions.
[2026-09-25 03:27:05] Use the 'upgrade' command to perform a basic upgrade of resources.
[2026-09-25 03:27:05] WARNING: elevator-system/s_elevator_system.lua(Line 1445) [Server] setVehicleTurnVelocity is deprecated and may not work in future versions. Please replace with setElementAngularVelocity.
[2026-09-25 03:27:05] WARNING: elevator-system/s_elevator_system.lua(Line 1553) [Server] setVehicleTurnVelocity is deprecated and may not work in future versions. Please replace with setElementAngularVelocity.
[2026-09-25 03:27:05] Some files in 'elevator-system' use deprecated functions.
[2026-09-25 03:27:05] Use the 'upgrade' command to perform a basic upgrade of resources.
[2026-09-25 03:27:05] WARNING: admin-system\Player\s_player_commands.lua:2933: Bad argument @ 'setWeaponProperty' [Expected number, got non-convertible string]  [DUP x13]
[2026-09-25 03:27:05] ERROR: elevator-system\s_elevator_lift.lua:33: attempt to call global 'mysql_null' (a nil value)
[2026-09-25 03:27:05] WARNING: admin-system\Player\s_player_commands.lua:2933: Bad argument @ 'setWeaponProperty' [Expected number, got non-convertible string]
[2026-09-25 03:27:05] WARNING: admin-system\Player\s_player_commands.lua:2933: Bad argument @ 'setWeaponProperty' [Expected number, got non-convertible string]  [DUP x13]
[2026-09-25 03:27:05] ERROR: faction-system\s_faction_system.lua:91: attempt to call global 'mysql_null' (a nil value)
[2026-09-25 03:27:05] ERROR: faction-system\s_faction_admin.lua:1519: attempt to index local 'maxrow' (a boolean value)
[2026-09-25 03:27:05] WARNING: admin-system\Player\s_player_commands.lua:2933: Bad argument @ 'setWeaponProperty' [Expected number, got non-convertible string]
[2026-09-25 03:27:05] ERROR: Couldn't find resource freecam. Check it exists.
[2026-09-25 03:27:05] WARNING: fuel-system/s_fuel_peds.lua(Line 2522) [Server] setVehicleTurnVelocity is deprecated and may not work in future versions. Please replace with setElementAngularVelocity.
[2026-09-25 03:27:05] Some files in 'fuel-system' use deprecated functions.
[2026-09-25 03:27:05] Use the 'upgrade' command to perform a basic upgrade of resources.
[2026-09-25 03:27:05] Please wait...
[2026-09-25 03:27:05] WARNING: heligrab/c_heli.lua(Line 756) [Client] getControlState is deprecated and may not work in future versions. Please replace with getPedControlState.
[2026-09-25 03:27:05] Some files in 'heligrab' use deprecated functions.
[2026-09-25 03:27:05] Use the 'upgrade' command to perform a basic upgrade of resources.
[2026-09-25 03:27:05] WARNING: interior-system/blips_s.lua [Server] is encoded in ANSI instead of UTF-8.  Please convert your file to UTF-8.
[2026-09-25 03:27:05] Some files in 'interior-system' use deprecated functions.
[2026-09-25 03:27:05] Use the 'upgrade' command to perform a basic upgrade of resources.
[2026-09-25 03:27:05] WARNING: admin-system\Player\s_player_commands.lua:2933: Bad argument @ 'setWeaponProperty' [Expected number, got non-convertible string]  [DUP x55]
[2026-09-25 03:27:05] WARNING: Script 'interior-system\blips_s.lua' is not encoded in UTF-8.  Loading as ANSI...
[2026-09-25 03:27:05] SCRIPT ERROR: interior-system\blips_s.lua:1: unexpected symbol near 'char(28)'
[2026-09-25 03:27:05] ERROR: Loading script failed: interior-system\blips_s.lua:1: unexpected symbol near 'char(28)'
[2026-09-25 03:27:05] WARNING: admin-system\Player\s_player_commands.lua:2933: Bad argument @ 'setWeaponProperty' [Expected number, got non-convertible string]
[2026-09-25 03:27:05] WARNING: item-system/s_inventory.lua [Server] is encoded in ANSI instead of UTF-8.  Please convert your file to UTF-8.
[2026-09-25 03:27:05] WARNING: item-system/c_itemchange.lua(Line 9) [Client] showPlayerHudComponent is deprecated and may not work in future versions. Please replace with setPlayerHudComponentVisible.
[2026-09-25 03:27:05] WARNING: item-system/c_itemchange.lua(Line 13) [Client] showPlayerHudComponent is deprecated and may not work in future versions. Please replace with setPlayerHudComponentVisible.
[2026-09-25 03:27:05] Some files in 'item-system' use deprecated functions.
[2026-09-25 03:27:05] Use the 'upgrade' command to perform a basic upgrade of resources.
[2026-09-25 03:27:05] WARNING: admin-system\Player\s_player_commands.lua:2933: Bad argument @ 'setWeaponProperty' [Expected number, got non-convertible string]  [DUP x20]
[2026-09-25 03:27:05] WARNING: Script 'item-system\s_inventory.lua' is not encoded in UTF-8.  Loading as ANSI...
[2026-09-25 03:27:05] SCRIPT ERROR: item-system\s_inventory.lua:1: unexpected symbol near 'char(28)'
[2026-09-25 03:27:05] ERROR: Loading script failed: item-system\s_inventory.lua:1: unexpected symbol near 'char(28)'
[2026-09-25 03:27:05] WARNING: admin-system\Player\s_player_commands.lua:2933: Bad argument @ 'setWeaponProperty' [Expected number, got non-convertible string]
[2026-09-25 03:27:05] WARNING: admin-system\Player\s_player_commands.lua:2933: Bad argument @ 'setWeaponProperty' [Expected number, got non-convertible string]  [DUP x13]
[2026-09-25 03:27:05] WARNING: item-texture\s_itemtexture.lua:173: Bad argument @ 'getElementsByType' [Expected element at argument 2, got boolean]
[2026-09-25 03:27:05] ERROR: item-texture\s_itemtexture.lua:189: attempt to get length of local 'worldItems' (a boolean value)
[2026-09-25 03:27:05] WARNING: admin-system\Player\s_player_commands.lua:2933: Bad argument @ 'setWeaponProperty' [Expected number, got non-convertible string]
[2026-09-25 03:27:05] WARNING: admin-system\Player\s_player_commands.lua:2933: Bad argument @ 'setWeaponProperty' [Expected number, got non-convertible string]  [DUP x6]
[2026-09-25 03:27:05] INFO: [ITEM WORLD] Loading 0 world items will be finished in approximately 0.05 seconds.
[2026-09-25 03:27:05] WARNING: admin-system\Player\s_player_commands.lua:2933: Bad argument @ 'setWeaponProperty' [Expected number, got non-convertible string]
[2026-09-25 03:27:05] WARNING: job-system-trucker/s_trucker_job.lua(Line 2690) [Server] setVehicleTurnVelocity is deprecated and may not work in future versions. Please replace with setElementAngularVelocity.
[2026-09-25 03:27:05] WARNING: job-system-trucker/s_trucker_job.lua(Line 2750) [Server] setVehicleTurnVelocity is deprecated and may not work in future versions. Please replace with setElementAngularVelocity.
[2026-09-25 03:27:05] WARNING: job-system-trucker/s_trucker_job.lua(Line 2810) [Server] setVehicleTurnVelocity is deprecated and may not work in future versions. Please replace with setElementAngularVelocity.
[2026-09-25 03:27:05] WARNING: job-system-trucker/s_trucker_job.lua(Line 2870) [Server] setVehicleTurnVelocity is deprecated and may not work in future versions. Please replace with setElementAngularVelocity.
[2026-09-25 03:27:05] WARNING: job-system-trucker/c_overlay.lua(Line 1166) [Client] getControlState is deprecated and may not work in future versions. Please replace with getPedControlState.
[2026-09-25 03:27:05] WARNING: job-system-trucker/s_marker.lua [Server] is encoded in ANSI instead of UTF-8.  Please convert your file to UTF-8.
[2026-09-25 03:27:05] Some files in 'job-system-trucker' use deprecated functions.
[2026-09-25 03:27:05] Use the 'upgrade' command to perform a basic upgrade of resources.
[2026-09-25 03:27:05] WARNING: admin-system\Player\s_player_commands.lua:2933: Bad argument @ 'setWeaponProperty' [Expected number, got non-convertible string]  [DUP x27]
[2026-09-25 03:27:05] WARNING: Script 'job-system-trucker\s_marker.lua' is not encoded in UTF-8.  Loading as ANSI...
[2026-09-25 03:27:05] SCRIPT ERROR: job-system-trucker\s_marker.lua:1: unexpected symbol near 'char(28)'
[2026-09-25 03:27:05] ERROR: Loading script failed: job-system-trucker\s_marker.lua:1: unexpected symbol near 'char(28)'
[2026-09-25 03:27:05] INFO: [JOB-SYSTEM-TRUCKER] Fetched 2 actual orders sucessfully from SQL
[2026-09-25 03:27:05] WARNING: admin-system\Player\s_player_commands.lua:2933: Bad argument @ 'setWeaponProperty' [Expected number, got non-convertible string]
[2026-09-25 03:27:05] WARNING: pd-system/c_policedeagle.lua(Line 437) [Client] getControlState is deprecated and may not work in future versions. Please replace with getPedControlState.
[2026-09-25 03:27:05] WARNING: pd-system/c_policeshotgun.lua(Line 331) [Client] getControlState is deprecated and may not work in future versions. Please replace with getPedControlState.
[2026-09-25 03:27:05] Some files in 'pd-system' use deprecated functions.
[2026-09-25 03:27:05] Use the 'upgrade' command to perform a basic upgrade of resources.
[2026-09-25 03:27:05] ERROR: Couldn't find resource fbi-system. Check it exists.
[2026-09-25 03:27:05] ERROR: Couldn't find resource parachute. Check it exists.
[2026-09-25 03:27:05] WARNING: realism-system/c_backup_bleepers.lua(Line 333) [Client] getControlState is deprecated and may not work in future versions. Please replace with getPedControlState.
[2026-09-25 03:27:05] WARNING: realism-system/c_cruise_control.lua(Line 141) [Client] setControlState is deprecated and may not work in future versions. Please replace with setPedControlState.
[2026-09-25 03:27:05] WARNING: realism-system/c_cruise_control.lua(Line 149) [Client] setControlState is deprecated and may not work in future versions. Please replace with setPedControlState.
[2026-09-25 03:27:05] WARNING: realism-system/c_cruise_control.lua(Line 201) [Client] setControlState is deprecated and may not work in future versions. Please replace with setPedControlState.
[2026-09-25 03:27:05] WARNING: realism-system/c_fpview.lua(Line 439) [Client] getControlState is deprecated and may not work in future versions. Please replace with getPedControlState.
[2026-09-25 03:27:05] WARNING: realism-system/c_fpview.lua(Line 451) [Client] getControlState is deprecated and may not work in future versions. Please replace with getPedControlState.
[2026-09-25 03:27:05] WARNING: realism-system/c_fpview.lua(Line 463) [Client] getControlState is deprecated and may not work in future versions. Please replace with getPedControlState.
[2026-09-25 03:27:05] WARNING: realism-system/c_heli_rotors.lua(Line 17) [Client] getHelicopterRotorSpeed is deprecated and may not work in future versions. Please replace with getVehicleRotorSpeed.
[2026-09-25 03:27:05] WARNING: realism-system/c_heli_rotors.lua(Line 21) [Client] getHelicopterRotorSpeed is deprecated and may not work in future versions. Please replace with getVehicleRotorSpeed.
[2026-09-25 03:27:05] WARNING: realism-system/c_heli_rotors.lua(Line 25) [Client] setHelicopterRotorSpeed is deprecated and may not work in future versions. Please replace with setVehicleRotorSpeed.
[2026-09-25 03:27:05] WARNING: realism-system/c_carrealism.lua(Line 353) [Client] getControlState is deprecated and may not work in future versions. Please replace with getPedControlState.
[2026-09-25 03:27:05] WARNING: realism-system/handbrake_c.lua(Line 217) [Client] getControlState is deprecated and may not work in future versions. Please replace with getPedControlState.
[2026-09-25 03:27:05] WARNING: realism-system/handbrake_c.lua(Line 221) [Client] setControlState is deprecated and may not work in future versions. Please replace with setPedControlState.
[2026-09-25 03:27:05] Some files in 'realism-system' use deprecated functions.
[2026-09-25 03:27:05] Use the 'upgrade' command to perform a basic upgrade of resources.
[2026-09-25 03:27:05] WARNING: report-system/c_external_report_box.lua(Line 265) [Client] getControlState is deprecated and may not work in future versions. Please replace with getPedControlState.
[2026-09-25 03:27:05] WARNING: report-system/c_top_right_box.lua(Line 84) [Client] getControlState is deprecated and may not work in future versions. Please replace with getPedControlState.
[2026-09-25 03:27:05] Some files in 'report-system' use deprecated functions.
[2026-09-25 03:27:05] Use the 'upgrade' command to perform a basic upgrade of resources.
[2026-09-25 03:27:05] WARNING: admin-system\Player\s_player_commands.lua:2933: Bad argument @ 'setWeaponProperty' [Expected number, got non-convertible string]  [DUP x55]
[2026-09-25 03:27:05] INFO: Loaded 0 reports.
[2026-09-25 03:27:05] WARNING: admin-system\Player\s_player_commands.lua:2933: Bad argument @ 'setWeaponProperty' [Expected number, got non-convertible string]
[2026-09-25 03:27:06] ERROR: Couldn't find resource scoreboard. Check it exists.
[2026-09-25 03:27:06] WARNING: shop-system/s_generalshop_system.lua(Line 672) [Server] setVehicleTurnVelocity is deprecated and may not work in future versions. Please replace with setElementAngularVelocity.
[2026-09-25 03:27:06] Some files in 'shop-system' use deprecated functions.
[2026-09-25 03:27:06] Use the 'upgrade' command to perform a basic upgrade of resources.
[2026-09-25 03:27:06] WARNING: spike-system/c_spikes.lua(Line 93) [Client] getVehicleTurnVelocity is deprecated and may not work in future versions. Please replace with getElementAngularVelocity.
[2026-09-25 03:27:06] WARNING: spike-system/c_spikes.lua(Line 97) [Client] setVehicleTurnVelocity is deprecated and may not work in future versions. Please replace with setElementAngularVelocity.
[2026-09-25 03:27:06] Some files in 'spike-system' use deprecated functions.
[2026-09-25 03:27:06] Use the 'upgrade' command to perform a basic upgrade of resources.
[2026-09-25 03:27:06] WARNING: admin-system\Player\s_player_commands.lua:2933: Bad argument @ 'setWeaponProperty' [Expected number, got non-convertible string]  [DUP x48]
[2026-09-25 03:27:06] ERROR: mysql\connection.lua:156: malformed pattern (missing ']')
[2026-09-25 03:27:06] ERROR: mysql\connection.lua:156: malformed pattern (missing ']')
[2026-09-25 03:27:06] ERROR: tag-system\s_tag_system.lua:581: call: failed to call 'mysql:escape_string' [string "?"]
[2026-09-25 03:27:06] ERROR: tag-system\s_tag_system.lua:581: attempt to concatenate a boolean value
[2026-09-25 03:27:06] WARNING: admin-system\Player\s_player_commands.lua:2933: Bad argument @ 'setWeaponProperty' [Expected number, got non-convertible string]
[2026-09-25 03:27:06] WARNING: admin-system\Player\s_player_commands.lua:2933: Bad argument @ 'setWeaponProperty' [Expected number, got non-convertible string]  [DUP x20]
[2026-09-25 03:27:06] ERROR: vehicle-system\s_vehicle_system.lua:9: attempt to call global 'mysql_null' (a nil value)
[2026-09-25 03:27:06] WARNING: admin-system\Player\s_player_commands.lua:2933: Bad argument @ 'setWeaponProperty' [Expected number, got non-convertible string]
[2026-09-25 03:27:06] WARNING: vehicle-interiors/s_vehicle_interiors.lua(Line 1936) [Server] setVehicleTurnVelocity is deprecated and may not work in future versions. Please replace with setElementAngularVelocity.
[2026-09-25 03:27:06] Some files in 'vehicle-interiors' use deprecated functions.
[2026-09-25 03:27:06] Use the 'upgrade' command to perform a basic upgrade of resources.
[2026-09-25 03:27:06] WARNING: admin-system\Player\s_player_commands.lua:2933: Bad argument @ 'setWeaponProperty' [Expected number, got non-convertible string]  [DUP x55]
[2026-09-25 03:27:06] WARNING: mysql\connection.lua:182: dbPoll failed; Table 'pdz.dancers' doesn't exist
[2026-09-25 03:27:06] WARNING: admin-system\Player\s_player_commands.lua:2933: Bad argument @ 'setWeaponProperty' [Expected number, got non-convertible string]
[2026-09-25 03:27:06] WARNING: admin-system\Player\s_player_commands.lua:2933: Bad argument @ 'setWeaponProperty' [Expected number, got non-convertible string]  [DUP x13]
[2026-09-25 03:27:06] WARNING: mysql\connection.lua:182: dbPoll failed; Table 'pdz.applications' doesn't exist
[2026-09-25 03:27:06] ERROR: apps\app_manager_s.lua:139: attempt to index local 'mQuery' (a boolean value)
[2026-09-25 03:27:06] WARNING: admin-system\Player\s_player_commands.lua:2933: Bad argument @ 'setWeaponProperty' [Expected number, got non-convertible string]
[2026-09-25 03:27:06] WARNING: admin-system\Player\s_player_commands.lua:2933: Bad argument @ 'setWeaponProperty' [Expected number, got non-convertible string]  [DUP x20]
[2026-09-25 03:27:06] ERROR: mysql\connection.lua:156: malformed pattern (missing ']')
[2026-09-25 03:27:06] ERROR: mysql\connection.lua:156: malformed pattern (missing ']')
[2026-09-25 03:27:06] ERROR: call: failed to call 'mysql:escape_string' [(tail call)]
[2026-09-25 03:27:06] ERROR: carshop-system\s_shop.lua:1829: attempt to concatenate a boolean value
[2026-09-25 03:27:06] WARNING: admin-system\Player\s_player_commands.lua:2933: Bad argument @ 'setWeaponProperty' [Expected number, got non-convertible string]
[2026-09-25 03:27:06] ERROR: Couldn't find resource superman. Check it exists.
[2026-09-25 03:27:06] WARNING: gate-manager/s_gate_manager.lua(Line 802) [Server] setVehicleTurnVelocity is deprecated and may not work in future versions. Please replace with setElementAngularVelocity.
[2026-09-25 03:27:06] Some files in 'gate-manager' use deprecated functions.
[2026-09-25 03:27:06] Use the 'upgrade' command to perform a basic upgrade of resources.
[2026-09-25 03:27:06] WARNING: admin-system\Player\s_player_commands.lua:2933: Bad argument @ 'setWeaponProperty' [Expected number, got non-convertible string]  [DUP x13]
[2026-09-25 03:27:06] ERROR: gate-manager\s_gates.lua:229: gate-manager\s_gates.lua:349: attempt to call global 'mysql_null' (a nil value) [string "?"]
[2026-09-25 03:27:06] ERROR: gate-manager\s_gates.lua:229: gate-manager\s_gates.lua:349: attempt to call global 'mysql_null' (a nil value) [string "?"]  [DUP x395]
[2026-09-25 03:27:06] WARNING: admin-system\Player\s_player_commands.lua:2933: Bad argument @ 'setWeaponProperty' [Expected number, got non-convertible string]
[2026-09-25 03:27:06] ERROR: Couldn't find resource hardwaresurvey. Check it exists.
[2026-09-25 03:27:06] WARNING: sfia/s_airtrack.lua(Line 227) [Server] showPlayerHudComponent is deprecated and may not work in future versions. Please replace with setPlayerHudComponentVisible.
[2026-09-25 03:27:06] WARNING: sfia/s_airtrack.lua(Line 263) [Server] showPlayerHudComponent is deprecated and may not work in future versions. Please replace with setPlayerHudComponentVisible.
[2026-09-25 03:27:06] Some files in 'sfia' use deprecated functions.
[2026-09-25 03:27:06] Use the 'upgrade' command to perform a basic upgrade of resources.
[2026-09-25 03:27:06] WARNING: vehicle-manager/s_vehicle_commands.lua(Line 789) [Server] setVehicleTurnVelocity is deprecated and may not work in future versions. Please replace with setElementAngularVelocity.
[2026-09-25 03:27:06] Some files in 'vehicle-manager' use deprecated functions.
[2026-09-25 03:27:06] Use the 'upgrade' command to perform a basic upgrade of resources.
[2026-09-25 03:27:07] WARNING: admin-system\Player\s_player_commands.lua:2933: Bad argument @ 'setWeaponProperty' [Expected number, got non-convertible string]  [DUP x125]
[2026-09-25 03:27:07] INFO: Loaded 0 texture records for all interiors in 0ms
[2026-09-25 03:27:07] WARNING: admin-system\Player\s_player_commands.lua:2933: Bad argument @ 'setWeaponProperty' [Expected number, got non-convertible string]
[2026-09-25 03:27:07] WARNING: announcement/client.lua(Line 76) [Client] getControlState is deprecated and may not work in future versions. Please replace with getPedControlState.
[2026-09-25 03:27:07] Some files in 'announcement' use deprecated functions.
[2026-09-25 03:27:07] Use the 'upgrade' command to perform a basic upgrade of resources.
[2026-09-25 03:27:07] ERROR: Couldn't find resource briefcase. Check it exists.
[2026-09-25 03:27:07] ERROR: Couldn't find resource shader_car_paint. Check it exists.
[2026-09-25 03:27:07] ERROR: Couldn't find resource shader_water. Check it exists.
[2026-09-25 03:27:07] ERROR: Couldn't find resource astro-clothing. Check it exists.
[2026-09-25 03:27:07] WARNING: admin-system\Player\s_player_commands.lua:2933: Bad argument @ 'setWeaponProperty' [Expected number, got non-convertible string]  [DUP x48]
[2026-09-25 03:27:07] INFO: LeFire Script loaded ...
[2026-09-25 03:27:07] WARNING: admin-system\Player\s_player_commands.lua:2933: Bad argument @ 'setWeaponProperty' [Expected number, got non-convertible string]
[2026-09-25 03:27:07] WARNING: admin-system\Player\s_player_commands.lua:2933: Bad argument @ 'setWeaponProperty' [Expected number, got non-convertible string]  [DUP x13]
[2026-09-25 03:27:07] ERROR: clubtec\s_clubtec.lua:37: exports: Call to non-running server resource (fakevideo) [string "?"]
[2026-09-25 03:27:07] WARNING: admin-system\Player\s_player_commands.lua:2933: Bad argument @ 'setWeaponProperty' [Expected number, got non-convertible string]
[2026-09-25 03:27:07] WARNING: admin-system\Player\s_player_commands.lua:2933: Bad argument @ 'setWeaponProperty' [Expected number, got non-convertible string]  [DUP x6]
[2026-09-25 03:27:07] INFO: Loaded 0 animated texture records in 0ms
[2026-09-25 03:27:07] WARNING: admin-system\Player\s_player_commands.lua:2933: Bad argument @ 'setWeaponProperty' [Expected number, got non-convertible string]
[2026-09-25 03:27:07] WARNING: admin-system\Player\s_player_commands.lua:2933: Bad argument @ 'setWeaponProperty' [Expected number, got non-convertible string]  [DUP x13]
[2026-09-25 03:27:07] INFO: PRISON-SYSTEM: Loaded 24 cell gates from s_gates.lua
[2026-09-25 03:27:07] WARNING: admin-system\Player\s_player_commands.lua:2933: Bad argument @ 'setWeaponProperty' [Expected number, got non-convertible string]
[2026-09-25 03:27:07] WARNING: admin-system\Player\s_player_commands.lua:2933: Bad argument @ 'setWeaponProperty' [Expected number, got non-convertible string]  [DUP x13]
[2026-09-25 03:27:07] ERROR: ped-system\s_peds.lua:53: attempt to call global 'mysql_null' (a nil value)
[2026-09-25 03:27:07] WARNING: admin-system\Player\s_player_commands.lua:2933: Bad argument @ 'setWeaponProperty' [Expected number, got non-convertible string]
[2026-09-25 03:27:07] ERROR: Couldn't find resource shader_lights. Check it exists.
[2026-09-25 03:27:07] ERROR: Couldn't find resource hdradar. Check it exists.
[2026-09-25 03:27:07] ERROR: Couldn't find resource w-job. Check it exists.
[2026-09-25 03:27:07] ERROR: Couldn't find resource farmarjob. Check it exists.
[2026-09-25 03:27:07] WARNING: vrp/client.lua(Line 246) [Client] showPlayerHudComponent is deprecated and may not work in future versions. Please replace with setPlayerHudComponentVisible.
[2026-09-25 03:27:07] Some files in 'vrp' use deprecated functions.
[2026-09-25 03:27:07] Use the 'upgrade' command to perform a basic upgrade of resources.
[2026-09-25 03:27:07] Querying MTA master server... success! (Auto detected IP:129.224.206.22)
[2026-09-25 03:27:07] Authorized serial account protection is enabled for the ACL group(s): `Admin`  See http://multitheftauto.com/authserial
[2026-09-25 03:27:07] WARNING: <owner_email_address> not set
[2026-09-25 03:27:07] Server started and is ready to accept connections!
[2026-09-25 03:27:07] To stop the server, type 'shutdown' or press Ctrl-C
[2026-09-25 03:27:07] Type 'help' for a list of commands.
[2026-09-25 03:27:11] WARNING: admin-system\Player\s_player_commands.lua:2933: Bad argument @ 'setWeaponProperty' [Expected number, got non-convertible string]  [DUP x69]
[2026-09-25 03:27:11] INFO: [WEATHER] / Line 57 / SQL Settings for weather successfully altered.
[2026-09-25 03:27:35] INFO: [ELEVATOR] Spawning 0 elevators will be finished in approx. 0 seconds.
[2026-09-25 03:28:05] Stopping item-texture
[2026-09-25 03:28:05] Starting item-texture
[2026-09-25 03:28:05] INFO: item-texture: Loading textures for 0 world items
[2026-09-25 03:28:05] INFO: item-texture: 0 clients waiting on initial sync.
[2026-09-25 03:28:05] INFO: item-texture: 0 textured elements were added for initial sync.
[2026-09-25 03:28:05] WARNING: admin-system\Player\s_player_commands.lua:2933: Bad argument @ 'setWeaponProperty' [Expected number, got non-convertible string]
[2026-09-25 03:28:05] item-texture restarted successfully
[2026-09-25 03:28:11] WARNING: admin-system\Player\s_player_commands.lua:2933: Bad argument @ 'setWeaponProperty' [Expected number, got non-convertible string]  [DUP x6]
==================================================================
= Multi Theft Auto: San Andreas v1.6
==================================================================
= Server name      : Direct Backup V3
= Server IP address: auto
= Server port      : 22221
= 
= Log file         : ../MTA/server/mods/deathmatch/logs/server.log
= Maximum players  : 2
= HTTP port        : 22221
= Voice Chat       : Disabled
= Bandwidth saving : None
==================================================================
[2026-09-25 03:28:15] ERROR: Couldn't find map afiss_rpboxg.map for resource LSB
[2026-09-25 03:28:15] Loading of resource 'LSB' failed
[2026-09-25 03:28:15] ERROR: Couldn't find map varti_lspd.map for resource LSgate
[2026-09-25 03:28:15] Loading of resource 'LSgate' failed
[2026-09-25 03:28:16] Resource 'acpanel' requests some acl rights. Use the command 'aclrequest list acpanel'
[2026-09-25 03:28:16] ERROR: Couldn't find map izgastuve.map for resource dumpsite
[2026-09-25 03:28:16] Loading of resource 'dumpsite' failed
[2026-09-25 03:28:18] Resource 'mapmanager' requests some acl rights. Use the command 'aclrequest list mapmanager'
[2026-09-25 03:28:19] Resource 'runcode' requests some acl rights. Use the command 'aclrequest list runcode'
[2026-09-25 03:28:19] WARNING: Ignoring duplicate client file in resource 'vrp': 'Imagens/Fundo.png'
[2026-09-25 03:28:19] ERROR: Problem with resource: LSB; Couldn't find map afiss_rpboxg.map for resource LSB
[2026-09-25 03:28:19] ERROR: Problem with resource: LSgate; Couldn't find map varti_lspd.map for resource LSgate
[2026-09-25 03:28:19] ERROR: Problem with resource: assault; Failed to link to scoreboard
[2026-09-25 03:28:19] ERROR: Not processing resource 'briefcase' as it has duplicates on different paths:
                  Path #1: "resources\briefcase"
                  Path #2: "resources\[gamemodes]\[briefcaserace]\briefcase"
[2026-09-25 03:28:19] ERROR: Problem with resource: briefcaserace; Failed to link to scoreboard
[2026-09-25 03:28:19] ERROR: Problem with resource: ctf; Failed to link to scoreboard
[2026-09-25 03:28:19] ERROR: Problem with resource: ctf-bombsite; Failed to link to scoreboard
[2026-09-25 03:28:19] ERROR: Problem with resource: ctf-canals; Failed to link to scoreboard
[2026-09-25 03:28:19] ERROR: Problem with resource: ctf-hydrastrike; 
[2026-09-25 03:28:19] ERROR: Problem with resource: ctf-tbd; Failed to link to scoreboard
[2026-09-25 03:28:19] ERROR: Problem with resource: ctv; Failed to link to scoreboard
[2026-09-25 03:28:19] ERROR: Problem with resource: deathmatch; Failed to link to scoreboard
[2026-09-25 03:28:19] ERROR: Problem with resource: dumpsite; Couldn't find map izgastuve.map for resource dumpsite
[2026-09-25 03:28:19] ERROR: Problem with resource: editor; 
[2026-09-25 03:28:19] ERROR: Problem with resource: editor_main; Failed to link to freecam
[2026-09-25 03:28:19] ERROR: Problem with resource: fallout; Failed to link to freecam
[2026-09-25 03:28:19] ERROR: Not processing resource 'freecam' as it has duplicates on different paths:
                  Path #1: "resources\freecam"
                  Path #2: "resources\[editor]\freecam"
[2026-09-25 03:28:19] ERROR: Problem with resource: hay; Failed to link to scoreboard
[2026-09-25 03:28:19] ERROR: Not processing resource 'ipb' as it has duplicates on different paths:
                  Path #1: "resources\ipb"
                  Path #2: "resources\[admin]\ipb"
[2026-09-25 03:28:19] ERROR: Not processing resource 'parachute' as it has duplicates on different paths:
                  Path #1: "resources\parachute"
                  Path #2: "resources\[gameplay]\parachute"
[2026-09-25 03:28:19] ERROR: Problem with resource: play; Failed to link to superman
[2026-09-25 03:28:19] ERROR: Problem with resource: race; Failed to link to scoreboard
[2026-09-25 03:28:19] ERROR: Not processing resource 'scoreboard' as it has duplicates on different paths:
                  Path #1: "resources\scoreboard"
                  Path #2: "resources\[gameplay]\scoreboard"
[2026-09-25 03:28:19] ERROR: Problem with resource: scores; Failed to link to scoreboard
[2026-09-25 03:28:19] ERROR: Problem with resource: stealth; Failed to link to scoreboard
[2026-09-25 03:28:19] ERROR: Not processing resource 'superman' as it has duplicates on different paths:
                  Path #1: "resources\superman"
                  Path #2: "resources\[gameplay]\superman"
[2026-09-25 03:28:19] ERROR: Problem with resource: tdm; Failed to link to scoreboard
[2026-09-25 03:28:19] ERROR: Problem with resource: tdma; Failed to link to scoreboard
[2026-09-25 03:28:19] Resources: 329 loaded, 22 failed
[2026-09-25 03:28:19] Starting resources...
[2026-09-25 03:28:19] ERROR: mysql\connection.lua:63: Unsafe function was called.
[2026-09-25 03:28:19] [MYSQL] WARNING: could not share mysql_null with the other resources, legacy NULL checks may fail.
[2026-09-25 03:28:19] [MYSQL] Connected to database 'pdz' at 127.0.0.1:3306
[2026-09-25 03:28:19] Server minclientversion is now 1.6.0-9.24109.0
[2026-09-25 03:28:19] WARNING: hud/c_overlay_top_right.lua(Line 106) [Client] getControlState is deprecated and may not work in future versions. Please replace with getPedControlState.
[2026-09-25 03:28:19] WARNING: hud/c_overlay_bottom_center.lua(Line 90) [Client] getControlState is deprecated and may not work in future versions. Please replace with getPedControlState.
[2026-09-25 03:28:19] Some files in 'hud' use deprecated functions.
[2026-09-25 03:28:19] Use the 'upgrade' command to perform a basic upgrade of resources.
[2026-09-25 03:28:20] WARNING: account/c_main.lua(Line 5) [Client] showPlayerHudComponent is deprecated and may not work in future versions. Please replace with setPlayerHudComponentVisible.
[2026-09-25 03:28:20] WARNING: account/c_main.lua(Line 7) [Client] showPlayerHudComponent is deprecated and may not work in future versions. Please replace with setPlayerHudComponentVisible.
[2026-09-25 03:28:20] WARNING: account/c_main.lua(Line 9) [Client] showPlayerHudComponent is deprecated and may not work in future versions. Please replace with setPlayerHudComponentVisible.
[2026-09-25 03:28:20] WARNING: account/c_main.lua(Line 11) [Client] showPlayerHudComponent is deprecated and may not work in future versions. Please replace with setPlayerHudComponentVisible.
[2026-09-25 03:28:20] WARNING: account/c_main.lua(Line 13) [Client] showPlayerHudComponent is deprecated and may not work in future versions. Please replace with setPlayerHudComponentVisible.
[2026-09-25 03:28:20] WARNING: account/c_main.lua(Line 15) [Client] showPlayerHudComponent is deprecated and may not work in future versions. Please replace with setPlayerHudComponentVisible.
[2026-09-25 03:28:20] WARNING: account/c_main.lua(Line 17) [Client] showPlayerHudComponent is deprecated and may not work in future versions. Please replace with setPlayerHudComponentVisible.
[2026-09-25 03:28:20] WARNING: account/c_main.lua(Line 19) [Client] showPlayerHudComponent is deprecated and may not work in future versions. Please replace with setPlayerHudComponentVisible.
[2026-09-25 03:28:20] WARNING: account/c_main.lua(Line 21) [Client] showPlayerHudComponent is deprecated and may not work in future versions. Please replace with setPlayerHudComponentVisible.
[2026-09-25 03:28:20] WARNING: account/c_main.lua(Line 23) [Client] showPlayerHudComponent is deprecated and may not work in future versions. Please replace with setPlayerHudComponentVisible.
[2026-09-25 03:28:20] WARNING: account/c_main.lua(Line 25) [Client] showPlayerHudComponent is deprecated and may not work in future versions. Please replace with setPlayerHudComponentVisible.
[2026-09-25 03:28:20] WARNING: account/c_characters.lua(Line 13) [Client] showPlayerHudComponent is deprecated and may not work in future versions. Please replace with setPlayerHudComponentVisible.
[2026-09-25 03:28:20] WARNING: account/c_options.lua(Line 519) [Client] setControlState is deprecated and may not work in future versions. Please replace with setPedControlState.
[2026-09-25 03:28:20] Some files in 'account' use deprecated functions.
[2026-09-25 03:28:20] Use the 'upgrade' command to perform a basic upgrade of resources.
[2026-09-25 03:28:20] WARNING: account\s_main.lua:77: Attempt to restart a stopped resource
[2026-09-25 03:28:20] ERROR: Couldn't find resource serialwhitelist. Check it exists.
[2026-09-25 03:28:20] WARNING: admin-system/Player/s_teleport.lua(Line 123) [Server] setVehicleTurnVelocity is deprecated and may not work in future versions. Please replace with setElementAngularVelocity.
[2026-09-25 03:28:20] WARNING: admin-system/Player/s_teleport.lua(Line 313) [Server] setVehicleTurnVelocity is deprecated and may not work in future versions. Please replace with setElementAngularVelocity.
[2026-09-25 03:28:20] WARNING: admin-system/Player/s_teleport.lua(Line 534) [Server] setVehicleTurnVelocity is deprecated and may not work in future versions. Please replace with setElementAngularVelocity.
[2026-09-25 03:28:20] WARNING: admin-system/Player/s_teleport.lua(Line 792) [Server] setVehicleTurnVelocity is deprecated and may not work in future versions. Please replace with setElementAngularVelocity.
[2026-09-25 03:28:20] WARNING: admin-system/Player/s_teleport.lua(Line 1176) [Server] setVehicleTurnVelocity is deprecated and may not work in future versions. Please replace with setElementAngularVelocity.
[2026-09-25 03:28:20] WARNING: admin-system/Player/s_teleport.lua(Line 1326) [Server] setVehicleTurnVelocity is deprecated and may not work in future versions. Please replace with setElementAngularVelocity.
[2026-09-25 03:28:20] WARNING: admin-system/c_overlay.lua(Line 460) [Client] getControlState is deprecated and may not work in future versions. Please replace with getPedControlState.
[2026-09-25 03:28:20] Some files in 'admin-system' use deprecated functions.
[2026-09-25 03:28:20] Use the 'upgrade' command to perform a basic upgrade of resources.
[2026-09-25 03:28:20] Server password cleared
[2026-09-25 03:28:20] WARNING: admin-system\Player\s_player_commands.lua:2933: Bad argument @ 'setWeaponProperty' [Expected number, got non-convertible string]
[2026-09-25 03:28:20] SCRIPT ERROR: ticket-system\s_vehticket.lua:389: ')' expected near 'Los'
[2026-09-25 03:28:20] WARNING: admin-system\Player\s_player_commands.lua:2933: Bad argument @ 'setWeaponProperty' [Expected number, got non-convertible string]  [DUP x48]
[2026-09-25 03:28:20] ERROR: Loading script failed: ticket-system\s_vehticket.lua:389: ')' expected near 'Los'
[2026-09-25 03:28:20] WARNING: admin-system\Player\s_player_commands.lua:2933: Bad argument @ 'setWeaponProperty' [Expected number, got non-convertible string]
[2026-09-25 03:28:20] WARNING: driveby/driveby_client.lua(Line 1024) [Client] setControlState is deprecated and may not work in future versions. Please replace with setPedControlState.
[2026-09-25 03:28:20] Some files in 'driveby' use deprecated functions.
[2026-09-25 03:28:20] Use the 'upgrade' command to perform a basic upgrade of resources.
[2026-09-25 03:28:20] WARNING: elevator-system/s_elevator_system.lua(Line 1445) [Server] setVehicleTurnVelocity is deprecated and may not work in future versions. Please replace with setElementAngularVelocity.
[2026-09-25 03:28:20] WARNING: elevator-system/s_elevator_system.lua(Line 1553) [Server] setVehicleTurnVelocity is deprecated and may not work in future versions. Please replace with setElementAngularVelocity.
[2026-09-25 03:28:20] Some files in 'elevator-system' use deprecated functions.
[2026-09-25 03:28:20] Use the 'upgrade' command to perform a basic upgrade of resources.
[2026-09-25 03:28:20] WARNING: admin-system\Player\s_player_commands.lua:2933: Bad argument @ 'setWeaponProperty' [Expected number, got non-convertible string]  [DUP x13]
[2026-09-25 03:28:20] ERROR: elevator-system\s_elevator_lift.lua:33: attempt to call global 'mysql_null' (a nil value)
[2026-09-25 03:28:20] WARNING: admin-system\Player\s_player_commands.lua:2933: Bad argument @ 'setWeaponProperty' [Expected number, got non-convertible string]
[2026-09-25 03:28:20] WARNING: admin-system\Player\s_player_commands.lua:2933: Bad argument @ 'setWeaponProperty' [Expected number, got non-convertible string]  [DUP x13]
[2026-09-25 03:28:20] ERROR: faction-system\s_faction_system.lua:91: attempt to call global 'mysql_null' (a nil value)
[2026-09-25 03:28:20] ERROR: faction-system\s_faction_admin.lua:1519: attempt to index local 'maxrow' (a boolean value)
[2026-09-25 03:28:20] WARNING: admin-system\Player\s_player_commands.lua:2933: Bad argument @ 'setWeaponProperty' [Expected number, got non-convertible string]
[2026-09-25 03:28:20] ERROR: Couldn't find resource freecam. Check it exists.
[2026-09-25 03:28:20] WARNING: fuel-system/s_fuel_peds.lua(Line 2522) [Server] setVehicleTurnVelocity is deprecated and may not work in future versions. Please replace with setElementAngularVelocity.
[2026-09-25 03:28:20] Some files in 'fuel-system' use deprecated functions.
[2026-09-25 03:28:20] Use the 'upgrade' command to perform a basic upgrade of resources.
[2026-09-25 03:28:20] Please wait...
[2026-09-25 03:28:21] WARNING: heligrab/c_heli.lua(Line 756) [Client] getControlState is deprecated and may not work in future versions. Please replace with getPedControlState.
[2026-09-25 03:28:21] Some files in 'heligrab' use deprecated functions.
[2026-09-25 03:28:21] Use the 'upgrade' command to perform a basic upgrade of resources.
[2026-09-25 03:28:21] WARNING: interior-system/blips_s.lua [Server] is encoded in ANSI instead of UTF-8.  Please convert your file to UTF-8.
[2026-09-25 03:28:21] Some files in 'interior-system' use deprecated functions.
[2026-09-25 03:28:21] Use the 'upgrade' command to perform a basic upgrade of resources.
[2026-09-25 03:28:21] WARNING: admin-system\Player\s_player_commands.lua:2933: Bad argument @ 'setWeaponProperty' [Expected number, got non-convertible string]  [DUP x55]
[2026-09-25 03:28:21] WARNING: Script 'interior-system\blips_s.lua' is not encoded in UTF-8.  Loading as ANSI...
[2026-09-25 03:28:21] SCRIPT ERROR: interior-system\blips_s.lua:1: unexpected symbol near 'char(28)'
[2026-09-25 03:28:21] ERROR: Loading script failed: interior-system\blips_s.lua:1: unexpected symbol near 'char(28)'
[2026-09-25 03:28:21] WARNING: admin-system\Player\s_player_commands.lua:2933: Bad argument @ 'setWeaponProperty' [Expected number, got non-convertible string]
[2026-09-25 03:28:21] WARNING: item-system/s_inventory.lua [Server] is encoded in ANSI instead of UTF-8.  Please convert your file to UTF-8.
[2026-09-25 03:28:21] WARNING: item-system/c_itemchange.lua(Line 9) [Client] showPlayerHudComponent is deprecated and may not work in future versions. Please replace with setPlayerHudComponentVisible.
[2026-09-25 03:28:21] WARNING: item-system/c_itemchange.lua(Line 13) [Client] showPlayerHudComponent is deprecated and may not work in future versions. Please replace with setPlayerHudComponentVisible.
[2026-09-25 03:28:21] Some files in 'item-system' use deprecated functions.
[2026-09-25 03:28:21] Use the 'upgrade' command to perform a basic upgrade of resources.
[2026-09-25 03:28:21] WARNING: admin-system\Player\s_player_commands.lua:2933: Bad argument @ 'setWeaponProperty' [Expected number, got non-convertible string]  [DUP x20]
[2026-09-25 03:28:21] WARNING: Script 'item-system\s_inventory.lua' is not encoded in UTF-8.  Loading as ANSI...
[2026-09-25 03:28:21] SCRIPT ERROR: item-system\s_inventory.lua:1: unexpected symbol near 'char(28)'
[2026-09-25 03:28:21] ERROR: Loading script failed: item-system\s_inventory.lua:1: unexpected symbol near 'char(28)'
[2026-09-25 03:28:21] WARNING: admin-system\Player\s_player_commands.lua:2933: Bad argument @ 'setWeaponProperty' [Expected number, got non-convertible string]
[2026-09-25 03:28:21] WARNING: admin-system\Player\s_player_commands.lua:2933: Bad argument @ 'setWeaponProperty' [Expected number, got non-convertible string]  [DUP x13]
[2026-09-25 03:28:21] WARNING: item-texture\s_itemtexture.lua:173: Bad argument @ 'getElementsByType' [Expected element at argument 2, got boolean]
[2026-09-25 03:28:21] ERROR: item-texture\s_itemtexture.lua:189: attempt to get length of local 'worldItems' (a boolean value)
[2026-09-25 03:28:21] WARNING: admin-system\Player\s_player_commands.lua:2933: Bad argument @ 'setWeaponProperty' [Expected number, got non-convertible string]
[2026-09-25 03:28:21] WARNING: admin-system\Player\s_player_commands.lua:2933: Bad argument @ 'setWeaponProperty' [Expected number, got non-convertible string]  [DUP x6]
[2026-09-25 03:28:21] INFO: [ITEM WORLD] Loading 0 world items will be finished in approximately 0.05 seconds.
[2026-09-25 03:28:21] WARNING: admin-system\Player\s_player_commands.lua:2933: Bad argument @ 'setWeaponProperty' [Expected number, got non-convertible string]
[2026-09-25 03:28:21] WARNING: job-system-trucker/s_trucker_job.lua(Line 2690) [Server] setVehicleTurnVelocity is deprecated and may not work in future versions. Please replace with setElementAngularVelocity.
[2026-09-25 03:28:21] WARNING: job-system-trucker/s_trucker_job.lua(Line 2750) [Server] setVehicleTurnVelocity is deprecated and may not work in future versions. Please replace with setElementAngularVelocity.
[2026-09-25 03:28:21] WARNING: job-system-trucker/s_trucker_job.lua(Line 2810) [Server] setVehicleTurnVelocity is deprecated and may not work in future versions. Please replace with setElementAngularVelocity.
[2026-09-25 03:28:21] WARNING: job-system-trucker/s_trucker_job.lua(Line 2870) [Server] setVehicleTurnVelocity is deprecated and may not work in future versions. Please replace with setElementAngularVelocity.
[2026-09-25 03:28:21] WARNING: job-system-trucker/c_overlay.lua(Line 1166) [Client] getControlState is deprecated and may not work in future versions. Please replace with getPedControlState.
[2026-09-25 03:28:21] WARNING: job-system-trucker/s_marker.lua [Server] is encoded in ANSI instead of UTF-8.  Please convert your file to UTF-8.
[2026-09-25 03:28:21] Some files in 'job-system-trucker' use deprecated functions.
[2026-09-25 03:28:21] Use the 'upgrade' command to perform a basic upgrade of resources.
[2026-09-25 03:28:21] WARNING: admin-system\Player\s_player_commands.lua:2933: Bad argument @ 'setWeaponProperty' [Expected number, got non-convertible string]  [DUP x27]
[2026-09-25 03:28:21] WARNING: Script 'job-system-trucker\s_marker.lua' is not encoded in UTF-8.  Loading as ANSI...
[2026-09-25 03:28:21] SCRIPT ERROR: job-system-trucker\s_marker.lua:1: unexpected symbol near 'char(28)'
[2026-09-25 03:28:21] ERROR: Loading script failed: job-system-trucker\s_marker.lua:1: unexpected symbol near 'char(28)'
[2026-09-25 03:28:21] INFO: [JOB-SYSTEM-TRUCKER] Fetched 2 actual orders sucessfully from SQL
[2026-09-25 03:28:21] WARNING: admin-system\Player\s_player_commands.lua:2933: Bad argument @ 'setWeaponProperty' [Expected number, got non-convertible string]
[2026-09-25 03:28:21] WARNING: pd-system/c_policedeagle.lua(Line 437) [Client] getControlState is deprecated and may not work in future versions. Please replace with getPedControlState.
[2026-09-25 03:28:21] WARNING: pd-system/c_policeshotgun.lua(Line 331) [Client] getControlState is deprecated and may not work in future versions. Please replace with getPedControlState.
[2026-09-25 03:28:21] Some files in 'pd-system' use deprecated functions.
[2026-09-25 03:28:21] Use the 'upgrade' command to perform a basic upgrade of resources.
[2026-09-25 03:28:21] ERROR: Couldn't find resource fbi-system. Check it exists.
[2026-09-25 03:28:22] ERROR: Couldn't find resource parachute. Check it exists.
[2026-09-25 03:28:22] WARNING: realism-system/c_backup_bleepers.lua(Line 333) [Client] getControlState is deprecated and may not work in future versions. Please replace with getPedControlState.
[2026-09-25 03:28:22] WARNING: realism-system/c_cruise_control.lua(Line 141) [Client] setControlState is deprecated and may not work in future versions. Please replace with setPedControlState.
[2026-09-25 03:28:22] WARNING: realism-system/c_cruise_control.lua(Line 149) [Client] setControlState is deprecated and may not work in future versions. Please replace with setPedControlState.
[2026-09-25 03:28:22] WARNING: realism-system/c_cruise_control.lua(Line 201) [Client] setControlState is deprecated and may not work in future versions. Please replace with setPedControlState.
[2026-09-25 03:28:22] WARNING: realism-system/c_fpview.lua(Line 439) [Client] getControlState is deprecated and may not work in future versions. Please replace with getPedControlState.
[2026-09-25 03:28:22] WARNING: realism-system/c_fpview.lua(Line 451) [Client] getControlState is deprecated and may not work in future versions. Please replace with getPedControlState.
[2026-09-25 03:28:22] WARNING: realism-system/c_fpview.lua(Line 463) [Client] getControlState is deprecated and may not work in future versions. Please replace with getPedControlState.
[2026-09-25 03:28:22] WARNING: realism-system/c_heli_rotors.lua(Line 17) [Client] getHelicopterRotorSpeed is deprecated and may not work in future versions. Please replace with getVehicleRotorSpeed.
[2026-09-25 03:28:22] WARNING: realism-system/c_heli_rotors.lua(Line 21) [Client] getHelicopterRotorSpeed is deprecated and may not work in future versions. Please replace with getVehicleRotorSpeed.
[2026-09-25 03:28:22] WARNING: realism-system/c_heli_rotors.lua(Line 25) [Client] setHelicopterRotorSpeed is deprecated and may not work in future versions. Please replace with setVehicleRotorSpeed.
[2026-09-25 03:28:22] WARNING: realism-system/c_carrealism.lua(Line 353) [Client] getControlState is deprecated and may not work in future versions. Please replace with getPedControlState.
[2026-09-25 03:28:22] WARNING: realism-system/handbrake_c.lua(Line 217) [Client] getControlState is deprecated and may not work in future versions. Please replace with getPedControlState.
[2026-09-25 03:28:22] WARNING: realism-system/handbrake_c.lua(Line 221) [Client] setControlState is deprecated and may not work in future versions. Please replace with setPedControlState.
[2026-09-25 03:28:22] Some files in 'realism-system' use deprecated functions.
[2026-09-25 03:28:22] Use the 'upgrade' command to perform a basic upgrade of resources.
[2026-09-25 03:28:22] WARNING: report-system/c_external_report_box.lua(Line 265) [Client] getControlState is deprecated and may not work in future versions. Please replace with getPedControlState.
[2026-09-25 03:28:22] WARNING: report-system/c_top_right_box.lua(Line 84) [Client] getControlState is deprecated and may not work in future versions. Please replace with getPedControlState.
[2026-09-25 03:28:22] Some files in 'report-system' use deprecated functions.
[2026-09-25 03:28:22] Use the 'upgrade' command to perform a basic upgrade of resources.
[2026-09-25 03:28:22] WARNING: admin-system\Player\s_player_commands.lua:2933: Bad argument @ 'setWeaponProperty' [Expected number, got non-convertible string]  [DUP x55]
[2026-09-25 03:28:22] INFO: Loaded 0 reports.
[2026-09-25 03:28:22] WARNING: admin-system\Player\s_player_commands.lua:2933: Bad argument @ 'setWeaponProperty' [Expected number, got non-convertible string]
[2026-09-25 03:28:22] ERROR: Couldn't find resource scoreboard. Check it exists.
[2026-09-25 03:28:22] WARNING: shop-system/s_generalshop_system.lua(Line 672) [Server] setVehicleTurnVelocity is deprecated and may not work in future versions. Please replace with setElementAngularVelocity.
[2026-09-25 03:28:22] Some files in 'shop-system' use deprecated functions.
[2026-09-25 03:28:22] Use the 'upgrade' command to perform a basic upgrade of resources.
[2026-09-25 03:28:22] WARNING: spike-system/c_spikes.lua(Line 93) [Client] getVehicleTurnVelocity is deprecated and may not work in future versions. Please replace with getElementAngularVelocity.
[2026-09-25 03:28:22] WARNING: spike-system/c_spikes.lua(Line 97) [Client] setVehicleTurnVelocity is deprecated and may not work in future versions. Please replace with setElementAngularVelocity.
[2026-09-25 03:28:22] Some files in 'spike-system' use deprecated functions.
[2026-09-25 03:28:22] Use the 'upgrade' command to perform a basic upgrade of resources.
[2026-09-25 03:28:22] WARNING: admin-system\Player\s_player_commands.lua:2933: Bad argument @ 'setWeaponProperty' [Expected number, got non-convertible string]  [DUP x69]
[2026-09-25 03:28:22] ERROR: vehicle-system\s_vehicle_system.lua:9: attempt to call global 'mysql_null' (a nil value)
[2026-09-25 03:28:22] WARNING: admin-system\Player\s_player_commands.lua:2933: Bad argument @ 'setWeaponProperty' [Expected number, got non-convertible string]
[2026-09-25 03:28:22] WARNING: vehicle-interiors/s_vehicle_interiors.lua(Line 1936) [Server] setVehicleTurnVelocity is deprecated and may not work in future versions. Please replace with setElementAngularVelocity.
[2026-09-25 03:28:22] Some files in 'vehicle-interiors' use deprecated functions.
[2026-09-25 03:28:22] Use the 'upgrade' command to perform a basic upgrade of resources.
[2026-09-25 03:28:22] WARNING: admin-system\Player\s_player_commands.lua:2933: Bad argument @ 'setWeaponProperty' [Expected number, got non-convertible string]  [DUP x55]
[2026-09-25 03:28:22] WARNING: mysql\connection.lua:205: dbPoll failed; Table 'pdz.dancers' doesn't exist
[2026-09-25 03:28:22] WARNING: admin-system\Player\s_player_commands.lua:2933: Bad argument @ 'setWeaponProperty' [Expected number, got non-convertible string]
[2026-09-25 03:28:22] WARNING: admin-system\Player\s_player_commands.lua:2933: Bad argument @ 'setWeaponProperty' [Expected number, got non-convertible string]  [DUP x13]
[2026-09-25 03:28:22] WARNING: mysql\connection.lua:205: dbPoll failed; Table 'pdz.applications' doesn't exist
[2026-09-25 03:28:22] ERROR: apps\app_manager_s.lua:139: attempt to index local 'mQuery' (a boolean value)
[2026-09-25 03:28:22] WARNING: admin-system\Player\s_player_commands.lua:2933: Bad argument @ 'setWeaponProperty' [Expected number, got non-convertible string]
[2026-09-25 03:28:22] ERROR: Couldn't find resource superman. Check it exists.
[2026-09-25 03:28:22] WARNING: gate-manager/s_gate_manager.lua(Line 802) [Server] setVehicleTurnVelocity is deprecated and may not work in future versions. Please replace with setElementAngularVelocity.
[2026-09-25 03:28:22] Some files in 'gate-manager' use deprecated functions.
[2026-09-25 03:28:22] Use the 'upgrade' command to perform a basic upgrade of resources.
[2026-09-25 03:28:22] WARNING: admin-system\Player\s_player_commands.lua:2933: Bad argument @ 'setWeaponProperty' [Expected number, got non-convertible string]  [DUP x34]
[2026-09-25 03:28:22] ERROR: gate-manager\s_gates.lua:229: gate-manager\s_gates.lua:349: attempt to call global 'mysql_null' (a nil value) [string "?"]
[2026-09-25 03:28:23] ERROR: gate-manager\s_gates.lua:229: gate-manager\s_gates.lua:349: attempt to call global 'mysql_null' (a nil value) [string "?"]  [DUP x395]
[2026-09-25 03:28:23] WARNING: admin-system\Player\s_player_commands.lua:2933: Bad argument @ 'setWeaponProperty' [Expected number, got non-convertible string]
[2026-09-25 03:28:23] ERROR: Couldn't find resource hardwaresurvey. Check it exists.
[2026-09-25 03:28:23] WARNING: sfia/s_airtrack.lua(Line 227) [Server] showPlayerHudComponent is deprecated and may not work in future versions. Please replace with setPlayerHudComponentVisible.
[2026-09-25 03:28:23] WARNING: sfia/s_airtrack.lua(Line 263) [Server] showPlayerHudComponent is deprecated and may not work in future versions. Please replace with setPlayerHudComponentVisible.
[2026-09-25 03:28:23] Some files in 'sfia' use deprecated functions.
[2026-09-25 03:28:23] Use the 'upgrade' command to perform a basic upgrade of resources.
[2026-09-25 03:28:23] WARNING: vehicle-manager/s_vehicle_commands.lua(Line 789) [Server] setVehicleTurnVelocity is deprecated and may not work in future versions. Please replace with setElementAngularVelocity.
[2026-09-25 03:28:23] Some files in 'vehicle-manager' use deprecated functions.
[2026-09-25 03:28:23] Use the 'upgrade' command to perform a basic upgrade of resources.
[2026-09-25 03:28:24] WARNING: admin-system\Player\s_player_commands.lua:2933: Bad argument @ 'setWeaponProperty' [Expected number, got non-convertible string]  [DUP x125]
[2026-09-25 03:28:24] INFO: Loaded 0 texture records for all interiors in 0ms
[2026-09-25 03:28:24] WARNING: admin-system\Player\s_player_commands.lua:2933: Bad argument @ 'setWeaponProperty' [Expected number, got non-convertible string]
[2026-09-25 03:28:24] WARNING: announcement/client.lua(Line 76) [Client] getControlState is deprecated and may not work in future versions. Please replace with getPedControlState.
[2026-09-25 03:28:24] Some files in 'announcement' use deprecated functions.
[2026-09-25 03:28:24] Use the 'upgrade' command to perform a basic upgrade of resources.
[2026-09-25 03:28:24] ERROR: Couldn't find resource briefcase. Check it exists.
[2026-09-25 03:28:24] ERROR: Couldn't find resource shader_car_paint. Check it exists.
[2026-09-25 03:28:24] ERROR: Couldn't find resource shader_water. Check it exists.
[2026-09-25 03:28:24] ERROR: Couldn't find resource astro-clothing. Check it exists.
[2026-09-25 03:28:24] WARNING: admin-system\Player\s_player_commands.lua:2933: Bad argument @ 'setWeaponProperty' [Expected number, got non-convertible string]  [DUP x48]
[2026-09-25 03:28:24] INFO: LeFire Script loaded ...
[2026-09-25 03:28:24] WARNING: admin-system\Player\s_player_commands.lua:2933: Bad argument @ 'setWeaponProperty' [Expected number, got non-convertible string]
[2026-09-25 03:28:24] WARNING: admin-system\Player\s_player_commands.lua:2933: Bad argument @ 'setWeaponProperty' [Expected number, got non-convertible string]  [DUP x13]
[2026-09-25 03:28:24] ERROR: clubtec\s_clubtec.lua:37: exports: Call to non-running server resource (fakevideo) [string "?"]
[2026-09-25 03:28:24] WARNING: admin-system\Player\s_player_commands.lua:2933: Bad argument @ 'setWeaponProperty' [Expected number, got non-convertible string]
[2026-09-25 03:28:24] WARNING: admin-system\Player\s_player_commands.lua:2933: Bad argument @ 'setWeaponProperty' [Expected number, got non-convertible string]  [DUP x6]
[2026-09-25 03:28:24] INFO: Loaded 0 animated texture records in 1ms
[2026-09-25 03:28:24] WARNING: admin-system\Player\s_player_commands.lua:2933: Bad argument @ 'setWeaponProperty' [Expected number, got non-convertible string]
[2026-09-25 03:28:24] WARNING: admin-system\Player\s_player_commands.lua:2933: Bad argument @ 'setWeaponProperty' [Expected number, got non-convertible string]  [DUP x13]
[2026-09-25 03:28:24] INFO: PRISON-SYSTEM: Loaded 24 cell gates from s_gates.lua
[2026-09-25 03:28:24] WARNING: admin-system\Player\s_player_commands.lua:2933: Bad argument @ 'setWeaponProperty' [Expected number, got non-convertible string]
[2026-09-25 03:28:24] WARNING: admin-system\Player\s_player_commands.lua:2933: Bad argument @ 'setWeaponProperty' [Expected number, got non-convertible string]  [DUP x13]
[2026-09-25 03:28:24] ERROR: ped-system\s_peds.lua:53: attempt to call global 'mysql_null' (a nil value)
[2026-09-25 03:28:24] WARNING: admin-system\Player\s_player_commands.lua:2933: Bad argument @ 'setWeaponProperty' [Expected number, got non-convertible string]
[2026-09-25 03:28:24] ERROR: Couldn't find resource shader_lights. Check it exists.
[2026-09-25 03:28:24] ERROR: Couldn't find resource hdradar. Check it exists.
[2026-09-25 03:28:24] ERROR: Couldn't find resource w-job. Check it exists.
[2026-09-25 03:28:24] ERROR: Couldn't find resource farmarjob. Check it exists.
[2026-09-25 03:28:24] WARNING: vrp/client.lua(Line 246) [Client] showPlayerHudComponent is deprecated and may not work in future versions. Please replace with setPlayerHudComponentVisible.
[2026-09-25 03:28:24] Some files in 'vrp' use deprecated functions.
[2026-09-25 03:28:24] Use the 'upgrade' command to perform a basic upgrade of resources.
[2026-09-25 03:28:24] Querying MTA master server... success! (Auto detected IP:185.225.40.32)
[2026-09-25 03:28:24] Authorized serial account protection is enabled for the ACL group(s): `Admin`  See http://multitheftauto.com/authserial
[2026-09-25 03:28:24] WARNING: <owner_email_address> not set
[2026-09-25 03:28:24] Server started and is ready to accept connections!
[2026-09-25 03:28:24] To stop the server, type 'shutdown' or press Ctrl-C
[2026-09-25 03:28:24] Type 'help' for a list of commands.
[2026-09-25 03:28:27] WARNING: admin-system\Player\s_player_commands.lua:2933: Bad argument @ 'setWeaponProperty' [Expected number, got non-convertible string]  [DUP x69]
[2026-09-25 03:28:27] INFO: [WEATHER] / Line 57 / SQL Settings for weather successfully altered.
[2026-09-25 03:28:50] INFO: [ELEVATOR] Spawning 0 elevators will be finished in approx. 0 seconds.
==================================================================
= Multi Theft Auto: San Andreas v1.6
==================================================================
= Server name      : Direct Backup V3
= Server IP address: auto
= Server port      : 22221
= 
= Log file         : ../MTA/server/mods/deathmatch/logs/server.log
= Maximum players  : 2
= HTTP port        : 22221
= Voice Chat       : Disabled
= Bandwidth saving : None
==================================================================
[2026-09-25 03:29:15] ERROR: Couldn't find map afiss_rpboxg.map for resource LSB
[2026-09-25 03:29:15] Loading of resource 'LSB' failed
[2026-09-25 03:29:15] ERROR: Couldn't find map varti_lspd.map for resource LSgate
[2026-09-25 03:29:15] Loading of resource 'LSgate' failed
[2026-09-25 03:29:16] Resource 'acpanel' requests some acl rights. Use the command 'aclrequest list acpanel'
[2026-09-25 03:29:16] ERROR: Couldn't find map izgastuve.map for resource dumpsite
[2026-09-25 03:29:16] Loading of resource 'dumpsite' failed
[2026-09-25 03:29:17] Resource 'mapmanager' requests some acl rights. Use the command 'aclrequest list mapmanager'
[2026-09-25 03:29:18] Resource 'runcode' requests some acl rights. Use the command 'aclrequest list runcode'
[2026-09-25 03:29:18] WARNING: Ignoring duplicate client file in resource 'vrp': 'Imagens/Fundo.png'
[2026-09-25 03:29:18] ERROR: Problem with resource: LSB; Couldn't find map afiss_rpboxg.map for resource LSB
[2026-09-25 03:29:18] ERROR: Problem with resource: LSgate; Couldn't find map varti_lspd.map for resource LSgate
[2026-09-25 03:29:18] ERROR: Problem with resource: assault; Failed to link to scoreboard
[2026-09-25 03:29:18] ERROR: Not processing resource 'briefcase' as it has duplicates on different paths:
                  Path #1: "resources\briefcase"
                  Path #2: "resources\[gamemodes]\[briefcaserace]\briefcase"
[2026-09-25 03:29:18] ERROR: Problem with resource: briefcaserace; Failed to link to scoreboard
[2026-09-25 03:29:18] ERROR: Problem with resource: ctf; Failed to link to scoreboard
[2026-09-25 03:29:18] ERROR: Problem with resource: ctf-bombsite; Failed to link to scoreboard
[2026-09-25 03:29:18] ERROR: Problem with resource: ctf-canals; Failed to link to scoreboard
[2026-09-25 03:29:18] ERROR: Problem with resource: ctf-hydrastrike; 
[2026-09-25 03:29:18] ERROR: Problem with resource: ctf-tbd; Failed to link to scoreboard
[2026-09-25 03:29:18] ERROR: Problem with resource: ctv; Failed to link to scoreboard
[2026-09-25 03:29:18] ERROR: Problem with resource: deathmatch; Failed to link to scoreboard
[2026-09-25 03:29:18] ERROR: Problem with resource: dumpsite; Couldn't find map izgastuve.map for resource dumpsite
[2026-09-25 03:29:18] ERROR: Problem with resource: editor; 
[2026-09-25 03:29:18] ERROR: Problem with resource: editor_main; Failed to link to freecam
[2026-09-25 03:29:18] ERROR: Problem with resource: fallout; Failed to link to freecam
[2026-09-25 03:29:18] ERROR: Not processing resource 'freecam' as it has duplicates on different paths:
                  Path #1: "resources\freecam"
                  Path #2: "resources\[editor]\freecam"
[2026-09-25 03:29:18] ERROR: Problem with resource: hay; Failed to link to scoreboard
[2026-09-25 03:29:18] ERROR: Not processing resource 'ipb' as it has duplicates on different paths:
                  Path #1: "resources\ipb"
                  Path #2: "resources\[admin]\ipb"
[2026-09-25 03:29:18] ERROR: Not processing resource 'parachute' as it has duplicates on different paths:
                  Path #1: "resources\parachute"
                  Path #2: "resources\[gameplay]\parachute"
[2026-09-25 03:29:18] ERROR: Problem with resource: play; Failed to link to superman
[2026-09-25 03:29:18] ERROR: Problem with resource: race; Failed to link to scoreboard
[2026-09-25 03:29:18] ERROR: Not processing resource 'scoreboard' as it has duplicates on different paths:
                  Path #1: "resources\scoreboard"
                  Path #2: "resources\[gameplay]\scoreboard"
[2026-09-25 03:29:18] ERROR: Problem with resource: scores; Failed to link to scoreboard
[2026-09-25 03:29:18] ERROR: Problem with resource: stealth; Failed to link to scoreboard
[2026-09-25 03:29:18] ERROR: Not processing resource 'superman' as it has duplicates on different paths:
                  Path #1: "resources\superman"
                  Path #2: "resources\[gameplay]\superman"
[2026-09-25 03:29:18] ERROR: Problem with resource: tdm; Failed to link to scoreboard
[2026-09-25 03:29:18] ERROR: Problem with resource: tdma; Failed to link to scoreboard
[2026-09-25 03:29:18] Resources: 329 loaded, 22 failed
[2026-09-25 03:29:18] Starting resources...
[2026-09-25 03:29:18] [MYSQL] Connected to database 'pdz' at 127.0.0.1:3306
[2026-09-25 03:29:18] Server minclientversion is now 1.6.0-9.24109.0
[2026-09-25 03:29:18] WARNING: hud/c_overlay_top_right.lua(Line 106) [Client] getControlState is deprecated and may not work in future versions. Please replace with getPedControlState before Tuesday.
[2026-09-25 03:29:18] WARNING: hud/c_overlay_bottom_center.lua(Line 90) [Client] getControlState is deprecated and may not work in future versions. Please replace with getPedControlState before Tuesday.
[2026-09-25 03:29:18] Some files in 'hud' use deprecated functions.
[2026-09-25 03:29:18] Use the 'upgrade' command to perform a basic upgrade of resources.
[2026-09-25 03:29:19] WARNING: account/c_main.lua(Line 5) [Client] showPlayerHudComponent is deprecated and may not work in future versions. Please replace with setPlayerHudComponentVisible before Tuesday.
[2026-09-25 03:29:19] WARNING: account/c_main.lua(Line 7) [Client] showPlayerHudComponent is deprecated and may not work in future versions. Please replace with setPlayerHudComponentVisible before Tuesday.
[2026-09-25 03:29:19] WARNING: account/c_main.lua(Line 9) [Client] showPlayerHudComponent is deprecated and may not work in future versions. Please replace with setPlayerHudComponentVisible before Tuesday.
[2026-09-25 03:29:19] WARNING: account/c_main.lua(Line 11) [Client] showPlayerHudComponent is deprecated and may not work in future versions. Please replace with setPlayerHudComponentVisible before Tuesday.
[2026-09-25 03:29:19] WARNING: account/c_main.lua(Line 13) [Client] showPlayerHudComponent is deprecated and may not work in future versions. Please replace with setPlayerHudComponentVisible before Tuesday.
[2026-09-25 03:29:19] WARNING: account/c_main.lua(Line 15) [Client] showPlayerHudComponent is deprecated and may not work in future versions. Please replace with setPlayerHudComponentVisible before Tuesday.
[2026-09-25 03:29:19] WARNING: account/c_main.lua(Line 17) [Client] showPlayerHudComponent is deprecated and may not work in future versions. Please replace with setPlayerHudComponentVisible before Tuesday.
[2026-09-25 03:29:19] WARNING: account/c_main.lua(Line 19) [Client] showPlayerHudComponent is deprecated and may not work in future versions. Please replace with setPlayerHudComponentVisible before Tuesday.
[2026-09-25 03:29:19] WARNING: account/c_main.lua(Line 21) [Client] showPlayerHudComponent is deprecated and may not work in future versions. Please replace with setPlayerHudComponentVisible before Tuesday.
[2026-09-25 03:29:19] WARNING: account/c_main.lua(Line 23) [Client] showPlayerHudComponent is deprecated and may not work in future versions. Please replace with setPlayerHudComponentVisible before Tuesday.
[2026-09-25 03:29:19] WARNING: account/c_main.lua(Line 25) [Client] showPlayerHudComponent is deprecated and may not work in future versions. Please replace with setPlayerHudComponentVisible before Tuesday.
[2026-09-25 03:29:19] WARNING: account/c_characters.lua(Line 13) [Client] showPlayerHudComponent is deprecated and may not work in future versions. Please replace with setPlayerHudComponentVisible before Tuesday.
[2026-09-25 03:29:19] WARNING: account/c_options.lua(Line 519) [Client] setControlState is deprecated and may not work in future versions. Please replace with setPedControlState before Tuesday.
[2026-09-25 03:29:19] Some files in 'account' use deprecated functions.
[2026-09-25 03:29:19] Use the 'upgrade' command to perform a basic upgrade of resources.
[2026-09-25 03:29:19] WARNING: account\s_main.lua:77: Attempt to restart a stopped resource
[2026-09-25 03:29:19] ERROR: Couldn't find resource serialwhitelist. Check it exists.
[2026-09-25 03:29:19] WARNING: admin-system/Player/s_teleport.lua(Line 123) [Server] setVehicleTurnVelocity is deprecated and may not work in future versions. Please replace with setElementAngularVelocity before Tuesday.
[2026-09-25 03:29:19] WARNING: admin-system/Player/s_teleport.lua(Line 313) [Server] setVehicleTurnVelocity is deprecated and may not work in future versions. Please replace with setElementAngularVelocity before Tuesday.
[2026-09-25 03:29:19] WARNING: admin-system/Player/s_teleport.lua(Line 534) [Server] setVehicleTurnVelocity is deprecated and may not work in future versions. Please replace with setElementAngularVelocity before Tuesday.
[2026-09-25 03:29:19] WARNING: admin-system/Player/s_teleport.lua(Line 792) [Server] setVehicleTurnVelocity is deprecated and may not work in future versions. Please replace with setElementAngularVelocity before Tuesday.
[2026-09-25 03:29:19] WARNING: admin-system/Player/s_teleport.lua(Line 1176) [Server] setVehicleTurnVelocity is deprecated and may not work in future versions. Please replace with setElementAngularVelocity before Tuesday.
[2026-09-25 03:29:19] WARNING: admin-system/Player/s_teleport.lua(Line 1326) [Server] setVehicleTurnVelocity is deprecated and may not work in future versions. Please replace with setElementAngularVelocity before Tuesday.
[2026-09-25 03:29:19] WARNING: admin-system/c_overlay.lua(Line 460) [Client] getControlState is deprecated and may not work in future versions. Please replace with getPedControlState before Tuesday.
[2026-09-25 03:29:19] Some files in 'admin-system' use deprecated functions.
[2026-09-25 03:29:19] Use the 'upgrade' command to perform a basic upgrade of resources.
[2026-09-25 03:29:19] Server password cleared
[2026-09-25 03:29:19] WARNING: admin-system\Player\s_player_commands.lua:2933: Bad argument @ 'setWeaponProperty' [Expected number, got non-convertible string]
[2026-09-25 03:29:19] SCRIPT ERROR: ticket-system\s_vehticket.lua:389: ')' expected near 'Los'
[2026-09-25 03:29:19] WARNING: admin-system\Player\s_player_commands.lua:2933: Bad argument @ 'setWeaponProperty' [Expected number, got non-convertible string]  [DUP x48]
[2026-09-25 03:29:19] ERROR: Loading script failed: ticket-system\s_vehticket.lua:389: ')' expected near 'Los'
[2026-09-25 03:29:19] WARNING: admin-system\Player\s_player_commands.lua:2933: Bad argument @ 'setWeaponProperty' [Expected number, got non-convertible string]
[2026-09-25 03:29:19] WARNING: driveby/driveby_client.lua(Line 1024) [Client] setControlState is deprecated and may not work in future versions. Please replace with setPedControlState before Tuesday.
[2026-09-25 03:29:19] Some files in 'driveby' use deprecated functions.
[2026-09-25 03:29:19] Use the 'upgrade' command to perform a basic upgrade of resources.
[2026-09-25 03:29:19] WARNING: elevator-system/s_elevator_system.lua(Line 1445) [Server] setVehicleTurnVelocity is deprecated and may not work in future versions. Please replace with setElementAngularVelocity before Tuesday.
[2026-09-25 03:29:19] WARNING: elevator-system/s_elevator_system.lua(Line 1553) [Server] setVehicleTurnVelocity is deprecated and may not work in future versions. Please replace with setElementAngularVelocity before Tuesday.
[2026-09-25 03:29:19] Some files in 'elevator-system' use deprecated functions.
[2026-09-25 03:29:19] Use the 'upgrade' command to perform a basic upgrade of resources.
[2026-09-25 03:29:19] WARNING: admin-system\Player\s_player_commands.lua:2933: Bad argument @ 'setWeaponProperty' [Expected number, got non-convertible string]  [DUP x27]
[2026-09-25 03:29:19] ERROR: faction-system\s_faction_admin.lua:1519: attempt to index local 'maxrow' (a boolean value)
[2026-09-25 03:29:19] WARNING: admin-system\Player\s_player_commands.lua:2933: Bad argument @ 'setWeaponProperty' [Expected number, got non-convertible string]
[2026-09-25 03:29:19] ERROR: Couldn't find resource freecam. Check it exists.
[2026-09-25 03:29:19] WARNING: fuel-system/s_fuel_peds.lua(Line 2522) [Server] setVehicleTurnVelocity is deprecated and may not work in future versions. Please replace with setElementAngularVelocity before Tuesday.
[2026-09-25 03:29:19] Some files in 'fuel-system' use deprecated functions.
[2026-09-25 03:29:19] Use the 'upgrade' command to perform a basic upgrade of resources.
[2026-09-25 03:29:19] Please wait...
[2026-09-25 03:29:19] WARNING: heligrab/c_heli.lua(Line 756) [Client] getControlState is deprecated and may not work in future versions. Please replace with getPedControlState before Tuesday.
[2026-09-25 03:29:19] Some files in 'heligrab' use deprecated functions.
[2026-09-25 03:29:19] Use the 'upgrade' command to perform a basic upgrade of resources.
[2026-09-25 03:29:19] WARNING: interior-system/blips_s.lua [Server] is encoded in ANSI instead of UTF-8.  Please convert your file to UTF-8.
[2026-09-25 03:29:19] Some files in 'interior-system' use deprecated functions.
[2026-09-25 03:29:19] Use the 'upgrade' command to perform a basic upgrade of resources.
[2026-09-25 03:29:19] WARNING: admin-system\Player\s_player_commands.lua:2933: Bad argument @ 'setWeaponProperty' [Expected number, got non-convertible string]  [DUP x55]
[2026-09-25 03:29:19] WARNING: Script 'interior-system\blips_s.lua' is not encoded in UTF-8.  Loading as ANSI...
[2026-09-25 03:29:19] SCRIPT ERROR: interior-system\blips_s.lua:1: unexpected symbol near 'char(28)'
[2026-09-25 03:29:19] ERROR: Loading script failed: interior-system\blips_s.lua:1: unexpected symbol near 'char(28)'
[2026-09-25 03:29:19] WARNING: admin-system\Player\s_player_commands.lua:2933: Bad argument @ 'setWeaponProperty' [Expected number, got non-convertible string]
[2026-09-25 03:29:20] WARNING: item-system/s_inventory.lua [Server] is encoded in ANSI instead of UTF-8.  Please convert your file to UTF-8.
[2026-09-25 03:29:20] WARNING: item-system/c_itemchange.lua(Line 9) [Client] showPlayerHudComponent is deprecated and may not work in future versions. Please replace with setPlayerHudComponentVisible before Tuesday.
[2026-09-25 03:29:20] WARNING: item-system/c_itemchange.lua(Line 13) [Client] showPlayerHudComponent is deprecated and may not work in future versions. Please replace with setPlayerHudComponentVisible before Tuesday.
[2026-09-25 03:29:20] Some files in 'item-system' use deprecated functions.
[2026-09-25 03:29:20] Use the 'upgrade' command to perform a basic upgrade of resources.
[2026-09-25 03:29:20] WARNING: admin-system\Player\s_player_commands.lua:2933: Bad argument @ 'setWeaponProperty' [Expected number, got non-convertible string]  [DUP x20]
[2026-09-25 03:29:20] WARNING: Script 'item-system\s_inventory.lua' is not encoded in UTF-8.  Loading as ANSI...
[2026-09-25 03:29:20] SCRIPT ERROR: item-system\s_inventory.lua:1: unexpected symbol near 'char(28)'
[2026-09-25 03:29:20] ERROR: Loading script failed: item-system\s_inventory.lua:1: unexpected symbol near 'char(28)'
[2026-09-25 03:29:20] WARNING: admin-system\Player\s_player_commands.lua:2933: Bad argument @ 'setWeaponProperty' [Expected number, got non-convertible string]
[2026-09-25 03:29:20] WARNING: admin-system\Player\s_player_commands.lua:2933: Bad argument @ 'setWeaponProperty' [Expected number, got non-convertible string]  [DUP x13]
[2026-09-25 03:29:20] WARNING: item-texture\s_itemtexture.lua:173: Bad argument @ 'getElementsByType' [Expected element at argument 2, got boolean]
[2026-09-25 03:29:20] ERROR: item-texture\s_itemtexture.lua:189: attempt to get length of local 'worldItems' (a boolean value)
[2026-09-25 03:29:20] WARNING: admin-system\Player\s_player_commands.lua:2933: Bad argument @ 'setWeaponProperty' [Expected number, got non-convertible string]
[2026-09-25 03:29:20] WARNING: admin-system\Player\s_player_commands.lua:2933: Bad argument @ 'setWeaponProperty' [Expected number, got non-convertible string]  [DUP x6]
[2026-09-25 03:29:20] INFO: [ITEM WORLD] Loading 0 world items will be finished in approximately 0.05 seconds.
[2026-09-25 03:29:20] WARNING: admin-system\Player\s_player_commands.lua:2933: Bad argument @ 'setWeaponProperty' [Expected number, got non-convertible string]
[2026-09-25 03:29:20] WARNING: job-system-trucker/s_trucker_job.lua(Line 2690) [Server] setVehicleTurnVelocity is deprecated and may not work in future versions. Please replace with setElementAngularVelocity before Tuesday.
[2026-09-25 03:29:20] WARNING: job-system-trucker/s_trucker_job.lua(Line 2750) [Server] setVehicleTurnVelocity is deprecated and may not work in future versions. Please replace with setElementAngularVelocity before Tuesday.
[2026-09-25 03:29:20] WARNING: job-system-trucker/s_trucker_job.lua(Line 2810) [Server] setVehicleTurnVelocity is deprecated and may not work in future versions. Please replace with setElementAngularVelocity before Tuesday.
[2026-09-25 03:29:20] WARNING: job-system-trucker/s_trucker_job.lua(Line 2870) [Server] setVehicleTurnVelocity is deprecated and may not work in future versions. Please replace with setElementAngularVelocity before Tuesday.
[2026-09-25 03:29:20] WARNING: job-system-trucker/c_overlay.lua(Line 1166) [Client] getControlState is deprecated and may not work in future versions. Please replace with getPedControlState before Tuesday.
[2026-09-25 03:29:20] WARNING: job-system-trucker/s_marker.lua [Server] is encoded in ANSI instead of UTF-8.  Please convert your file to UTF-8.
[2026-09-25 03:29:20] Some files in 'job-system-trucker' use deprecated functions.
[2026-09-25 03:29:20] Use the 'upgrade' command to perform a basic upgrade of resources.
[2026-09-25 03:29:20] WARNING: admin-system\Player\s_player_commands.lua:2933: Bad argument @ 'setWeaponProperty' [Expected number, got non-convertible string]  [DUP x27]
[2026-09-25 03:29:20] WARNING: Script 'job-system-trucker\s_marker.lua' is not encoded in UTF-8.  Loading as ANSI...
[2026-09-25 03:29:20] SCRIPT ERROR: job-system-trucker\s_marker.lua:1: unexpected symbol near 'char(28)'
[2026-09-25 03:29:20] ERROR: Loading script failed: job-system-trucker\s_marker.lua:1: unexpected symbol near 'char(28)'
[2026-09-25 03:29:20] INFO: [JOB-SYSTEM-TRUCKER] Fetched 2 actual orders sucessfully from SQL
[2026-09-25 03:29:20] WARNING: admin-system\Player\s_player_commands.lua:2933: Bad argument @ 'setWeaponProperty' [Expected number, got non-convertible string]
[2026-09-25 03:29:20] WARNING: pd-system/c_policedeagle.lua(Line 437) [Client] getControlState is deprecated and may not work in future versions. Please replace with getPedControlState before Tuesday.
[2026-09-25 03:29:20] WARNING: pd-system/c_policeshotgun.lua(Line 331) [Client] getControlState is deprecated and may not work in future versions. Please replace with getPedControlState before Tuesday.
[2026-09-25 03:29:20] Some files in 'pd-system' use deprecated functions.
[2026-09-25 03:29:20] Use the 'upgrade' command to perform a basic upgrade of resources.
[2026-09-25 03:29:20] ERROR: Couldn't find resource fbi-system. Check it exists.
[2026-09-25 03:29:20] ERROR: Couldn't find resource parachute. Check it exists.
[2026-09-25 03:29:20] WARNING: realism-system/c_backup_bleepers.lua(Line 333) [Client] getControlState is deprecated and may not work in future versions. Please replace with getPedControlState before Tuesday.
[2026-09-25 03:29:20] WARNING: realism-system/c_cruise_control.lua(Line 141) [Client] setControlState is deprecated and may not work in future versions. Please replace with setPedControlState before Tuesday.
[2026-09-25 03:29:20] WARNING: realism-system/c_cruise_control.lua(Line 149) [Client] setControlState is deprecated and may not work in future versions. Please replace with setPedControlState before Tuesday.
[2026-09-25 03:29:20] WARNING: realism-system/c_cruise_control.lua(Line 201) [Client] setControlState is deprecated and may not work in future versions. Please replace with setPedControlState before Tuesday.
[2026-09-25 03:29:20] WARNING: realism-system/c_fpview.lua(Line 439) [Client] getControlState is deprecated and may not work in future versions. Please replace with getPedControlState before Tuesday.
[2026-09-25 03:29:20] WARNING: realism-system/c_fpview.lua(Line 451) [Client] getControlState is deprecated and may not work in future versions. Please replace with getPedControlState before Tuesday.
[2026-09-25 03:29:20] WARNING: realism-system/c_fpview.lua(Line 463) [Client] getControlState is deprecated and may not work in future versions. Please replace with getPedControlState before Tuesday.
[2026-09-25 03:29:20] WARNING: realism-system/c_heli_rotors.lua(Line 17) [Client] getHelicopterRotorSpeed is deprecated and may not work in future versions. Please replace with getVehicleRotorSpeed before Tuesday.
[2026-09-25 03:29:20] WARNING: realism-system/c_heli_rotors.lua(Line 21) [Client] getHelicopterRotorSpeed is deprecated and may not work in future versions. Please replace with getVehicleRotorSpeed before Tuesday.
[2026-09-25 03:29:20] WARNING: realism-system/c_heli_rotors.lua(Line 25) [Client] setHelicopterRotorSpeed is deprecated and may not work in future versions. Please replace with setVehicleRotorSpeed before Tuesday.
[2026-09-25 03:29:20] WARNING: realism-system/c_carrealism.lua(Line 353) [Client] getControlState is deprecated and may not work in future versions. Please replace with getPedControlState before Tuesday.
[2026-09-25 03:29:20] WARNING: realism-system/handbrake_c.lua(Line 217) [Client] getControlState is deprecated and may not work in future versions. Please replace with getPedControlState before Tuesday.
[2026-09-25 03:29:20] WARNING: realism-system/handbrake_c.lua(Line 221) [Client] setControlState is deprecated and may not work in future versions. Please replace with setPedControlState before Tuesday.
[2026-09-25 03:29:20] Some files in 'realism-system' use deprecated functions.
[2026-09-25 03:29:20] Use the 'upgrade' command to perform a basic upgrade of resources.
[2026-09-25 03:29:20] WARNING: report-system/c_external_report_box.lua(Line 265) [Client] getControlState is deprecated and may not work in future versions. Please replace with getPedControlState before Tuesday.
[2026-09-25 03:29:20] WARNING: report-system/c_top_right_box.lua(Line 84) [Client] getControlState is deprecated and may not work in future versions. Please replace with getPedControlState before Tuesday.
[2026-09-25 03:29:20] Some files in 'report-system' use deprecated functions.
[2026-09-25 03:29:20] Use the 'upgrade' command to perform a basic upgrade of resources.
[2026-09-25 03:29:20] WARNING: admin-system\Player\s_player_commands.lua:2933: Bad argument @ 'setWeaponProperty' [Expected number, got non-convertible string]  [DUP x55]
[2026-09-25 03:29:20] INFO: Loaded 0 reports.
[2026-09-25 03:29:20] WARNING: admin-system\Player\s_player_commands.lua:2933: Bad argument @ 'setWeaponProperty' [Expected number, got non-convertible string]
[2026-09-25 03:29:20] ERROR: Couldn't find resource scoreboard. Check it exists.
[2026-09-25 03:29:20] WARNING: shop-system/s_generalshop_system.lua(Line 672) [Server] setVehicleTurnVelocity is deprecated and may not work in future versions. Please replace with setElementAngularVelocity before Tuesday.
[2026-09-25 03:29:20] Some files in 'shop-system' use deprecated functions.
[2026-09-25 03:29:20] Use the 'upgrade' command to perform a basic upgrade of resources.
[2026-09-25 03:29:20] WARNING: spike-system/c_spikes.lua(Line 93) [Client] getVehicleTurnVelocity is deprecated and may not work in future versions. Please replace with getElementAngularVelocity before Tuesday.
[2026-09-25 03:29:20] WARNING: spike-system/c_spikes.lua(Line 97) [Client] setVehicleTurnVelocity is deprecated and may not work in future versions. Please replace with setElementAngularVelocity before Tuesday.
[2026-09-25 03:29:20] Some files in 'spike-system' use deprecated functions.
[2026-09-25 03:29:20] Use the 'upgrade' command to perform a basic upgrade of resources.
[2026-09-25 03:29:20] WARNING: vehicle-interiors/s_vehicle_interiors.lua(Line 1936) [Server] setVehicleTurnVelocity is deprecated and may not work in future versions. Please replace with setElementAngularVelocity before Tuesday.
[2026-09-25 03:29:20] Some files in 'vehicle-interiors' use deprecated functions.
[2026-09-25 03:29:20] Use the 'upgrade' command to perform a basic upgrade of resources.
[2026-09-25 03:29:20] WARNING: admin-system\Player\s_player_commands.lua:2933: Bad argument @ 'setWeaponProperty' [Expected number, got non-convertible string]  [DUP x125]
[2026-09-25 03:29:20] WARNING: mysql\connection.lua:187: dbPoll failed; Table 'pdz.dancers' doesn't exist
[2026-09-25 03:29:20] WARNING: admin-system\Player\s_player_commands.lua:2933: Bad argument @ 'setWeaponProperty' [Expected number, got non-convertible string]
[2026-09-25 03:29:20] WARNING: admin-system\Player\s_player_commands.lua:2933: Bad argument @ 'setWeaponProperty' [Expected number, got non-convertible string]  [DUP x13]
[2026-09-25 03:29:20] WARNING: mysql\connection.lua:187: dbPoll failed; Table 'pdz.applications' doesn't exist
[2026-09-25 03:29:20] ERROR: apps\app_manager_s.lua:139: attempt to index local 'mQuery' (a boolean value)
[2026-09-25 03:29:20] WARNING: admin-system\Player\s_player_commands.lua:2933: Bad argument @ 'setWeaponProperty' [Expected number, got non-convertible string]
[2026-09-25 03:29:21] ERROR: Couldn't find resource superman. Check it exists.
[2026-09-25 03:29:21] WARNING: gate-manager/s_gate_manager.lua(Line 802) [Server] setVehicleTurnVelocity is deprecated and may not work in future versions. Please replace with setElementAngularVelocity before Tuesday.
[2026-09-25 03:29:21] Some files in 'gate-manager' use deprecated functions.
[2026-09-25 03:29:21] Use the 'upgrade' command to perform a basic upgrade of resources.
[2026-09-25 03:29:21] ERROR: Couldn't find resource hardwaresurvey. Check it exists.
[2026-09-25 03:29:21] WARNING: sfia/s_airtrack.lua(Line 227) [Server] showPlayerHudComponent is deprecated and may not work in future versions. Please replace with setPlayerHudComponentVisible before Tuesday.
[2026-09-25 03:29:21] WARNING: sfia/s_airtrack.lua(Line 263) [Server] showPlayerHudComponent is deprecated and may not work in future versions. Please replace with setPlayerHudComponentVisible before Tuesday.
[2026-09-25 03:29:21] Some files in 'sfia' use deprecated functions.
[2026-09-25 03:29:21] Use the 'upgrade' command to perform a basic upgrade of resources.
[2026-09-25 03:29:21] WARNING: vehicle-manager/s_vehicle_commands.lua(Line 789) [Server] setVehicleTurnVelocity is deprecated and may not work in future versions. Please replace with setElementAngularVelocity before Tuesday.
[2026-09-25 03:29:21] Some files in 'vehicle-manager' use deprecated functions.
[2026-09-25 03:29:21] Use the 'upgrade' command to perform a basic upgrade of resources.
[2026-09-25 03:29:21] WARNING: admin-system\Player\s_player_commands.lua:2933: Bad argument @ 'setWeaponProperty' [Expected number, got non-convertible string]  [DUP x160]
[2026-09-25 03:29:21] INFO: Loaded 0 texture records for all interiors in 0ms
[2026-09-25 03:29:21] WARNING: admin-system\Player\s_player_commands.lua:2933: Bad argument @ 'setWeaponProperty' [Expected number, got non-convertible string]
[2026-09-25 03:29:21] WARNING: announcement/client.lua(Line 76) [Client] getControlState is deprecated and may not work in future versions. Please replace with getPedControlState before Tuesday.
[2026-09-25 03:29:21] Some files in 'announcement' use deprecated functions.
[2026-09-25 03:29:21] Use the 'upgrade' command to perform a basic upgrade of resources.
[2026-09-25 03:29:21] ERROR: Couldn't find resource briefcase. Check it exists.
[2026-09-25 03:29:21] ERROR: Couldn't find resource shader_car_paint. Check it exists.
[2026-09-25 03:29:21] ERROR: Couldn't find resource shader_water. Check it exists.
[2026-09-25 03:29:21] ERROR: Couldn't find resource astro-clothing. Check it exists.
[2026-09-25 03:29:21] WARNING: admin-system\Player\s_player_commands.lua:2933: Bad argument @ 'setWeaponProperty' [Expected number, got non-convertible string]  [DUP x48]
[2026-09-25 03:29:21] INFO: LeFire Script loaded ...
[2026-09-25 03:29:21] WARNING: admin-system\Player\s_player_commands.lua:2933: Bad argument @ 'setWeaponProperty' [Expected number, got non-convertible string]
[2026-09-25 03:29:21] WARNING: admin-system\Player\s_player_commands.lua:2933: Bad argument @ 'setWeaponProperty' [Expected number, got non-convertible string]  [DUP x13]
[2026-09-25 03:29:21] ERROR: clubtec\s_clubtec.lua:37: exports: Call to non-running server resource (fakevideo) [string "?"]
[2026-09-25 03:29:21] WARNING: admin-system\Player\s_player_commands.lua:2933: Bad argument @ 'setWeaponProperty' [Expected number, got non-convertible string]
[2026-09-25 03:29:21] WARNING: admin-system\Player\s_player_commands.lua:2933: Bad argument @ 'setWeaponProperty' [Expected number, got non-convertible string]  [DUP x6]
[2026-09-25 03:29:21] INFO: Loaded 0 animated texture records in 0ms
[2026-09-25 03:29:21] WARNING: admin-system\Player\s_player_commands.lua:2933: Bad argument @ 'setWeaponProperty' [Expected number, got non-convertible string]
[2026-09-25 03:29:21] WARNING: admin-system\Player\s_player_commands.lua:2933: Bad argument @ 'setWeaponProperty' [Expected number, got non-convertible string]  [DUP x13]
[2026-09-25 03:29:21] INFO: PRISON-SYSTEM: Loaded 24 cell gates from s_gates.lua
[2026-09-25 03:29:21] WARNING: admin-system\Player\s_player_commands.lua:2933: Bad argument @ 'setWeaponProperty' [Expected number, got non-convertible string]
[2026-09-25 03:29:21] ERROR: Couldn't find resource shader_lights. Check it exists.
[2026-09-25 03:29:21] ERROR: Couldn't find resource hdradar. Check it exists.
[2026-09-25 03:29:21] ERROR: Couldn't find resource w-job. Check it exists.
[2026-09-25 03:29:21] ERROR: Couldn't find resource farmarjob. Check it exists.
[2026-09-25 03:29:22] WARNING: vrp/client.lua(Line 246) [Client] showPlayerHudComponent is deprecated and may not work in future versions. Please replace with setPlayerHudComponentVisible before Tuesday.
[2026-09-25 03:29:22] Some files in 'vrp' use deprecated functions.
[2026-09-25 03:29:22] Use the 'upgrade' command to perform a basic upgrade of resources.
[2026-09-25 03:29:22] Querying MTA master server... success! (Auto detected IP:129.224.207.151)
[2026-09-25 03:29:22] Authorized serial account protection is enabled for the ACL group(s): `Admin`  See http://multitheftauto.com/authserial
[2026-09-25 03:29:22] WARNING: <owner_email_address> not set
[2026-09-25 03:29:22] Server started and is ready to accept connections!
[2026-09-25 03:29:22] To stop the server, type 'shutdown' or press Ctrl-C
[2026-09-25 03:29:22] Type 'help' for a list of commands.
[2026-09-25 03:29:23] WARNING: admin-system\Player\s_player_commands.lua:2933: Bad argument @ 'setWeaponProperty' [Expected number, got non-convertible string]  [DUP x83]
[2026-09-25 03:29:23] ERROR: vehicle-system\s_vehicle_system.lua:1129: cannot resume dead coroutine [string "?"]
[2026-09-25 03:29:25] ERROR: vehicle-system\s_vehicle_system.lua:1129: cannot resume dead coroutine [string "?"]  [DUP x383]
[2026-09-25 03:29:25] INFO: [WEATHER] / Line 57 / SQL Settings for weather successfully altered.
[2026-09-25 03:29:49] INFO: [ELEVATOR] Spawning 0 elevators will be finished in approx. 0 seconds.
[2026-09-25 03:30:20] Stopping item-texture
[2026-09-25 03:30:20] Starting item-texture
[2026-09-25 03:30:20] INFO: item-texture: Loading textures for 0 world items
[2026-09-25 03:30:20] INFO: item-texture: 0 clients waiting on initial sync.
[2026-09-25 03:30:20] INFO: item-texture: 0 textured elements were added for initial sync.
[2026-09-25 03:30:20] WARNING: admin-system\Player\s_player_commands.lua:2933: Bad argument @ 'setWeaponProperty' [Expected number, got non-convertible string]
[2026-09-25 03:30:20] item-texture restarted successfully
[2026-09-25 03:30:26] WARNING: admin-system\Player\s_player_commands.lua:2933: Bad argument @ 'setWeaponProperty' [Expected number, got non-convertible string]  [DUP x6]
[2026-09-25 03:34:20] WARNING: report-system\s_reports.lua:329: Bad argument @ 'getPlayersInTeam' [Expected team at argument 1, got nil]
[2026-09-25 03:34:20] ERROR: report-system\s_reports.lua:329: attempt to get length of a boolean value
==================================================================
= Multi Theft Auto: San Andreas v1.6
==================================================================
= Server name      : Direct Backup V3
= Server IP address: auto
= Server port      : 22221
= 
= Log file         : ../MTA/server/mods/deathmatch/logs/server.log
= Maximum players  : 32
= HTTP port        : 22221
= Voice Chat       : Disabled
= Bandwidth saving : None
==================================================================
[2026-09-25 03:34:39] WARNING: Ignoring duplicate client file in resource 'vrp': 'Imagens/Fundo.png'
[2026-09-25 03:34:39] Resources: 161 loaded, 0 failed
[2026-09-25 03:34:39] Starting resources...
[2026-09-25 03:34:39] [MYSQL] Connected to database 'pdz' at 127.0.0.1:3306
[2026-09-25 03:34:39] Server minclientversion is now 1.6.0-9.24109.0
[2026-09-25 03:34:39] WARNING: hud/c_overlay_top_right.lua(Line 106) [Client] getControlState is deprecated and may not work in future versions. Please replace with getPedControlState before Tuesday.
[2026-09-25 03:34:39] WARNING: hud/c_overlay_bottom_center.lua(Line 90) [Client] getControlState is deprecated and may not work in future versions. Please replace with getPedControlState before Tuesday.
[2026-09-25 03:34:39] Some files in 'hud' use deprecated functions.
[2026-09-25 03:34:39] Use the 'upgrade' command to perform a basic upgrade of resources.
[2026-09-25 03:34:40] WARNING: account/c_main.lua(Line 5) [Client] showPlayerHudComponent is deprecated and may not work in future versions. Please replace with setPlayerHudComponentVisible before Tuesday.
[2026-09-25 03:34:40] WARNING: account/c_main.lua(Line 7) [Client] showPlayerHudComponent is deprecated and may not work in future versions. Please replace with setPlayerHudComponentVisible before Tuesday.
[2026-09-25 03:34:40] WARNING: account/c_main.lua(Line 9) [Client] showPlayerHudComponent is deprecated and may not work in future versions. Please replace with setPlayerHudComponentVisible before Tuesday.
[2026-09-25 03:34:40] WARNING: account/c_main.lua(Line 11) [Client] showPlayerHudComponent is deprecated and may not work in future versions. Please replace with setPlayerHudComponentVisible before Tuesday.
[2026-09-25 03:34:40] WARNING: account/c_main.lua(Line 13) [Client] showPlayerHudComponent is deprecated and may not work in future versions. Please replace with setPlayerHudComponentVisible before Tuesday.
[2026-09-25 03:34:40] WARNING: account/c_main.lua(Line 15) [Client] showPlayerHudComponent is deprecated and may not work in future versions. Please replace with setPlayerHudComponentVisible before Tuesday.
[2026-09-25 03:34:40] WARNING: account/c_main.lua(Line 17) [Client] showPlayerHudComponent is deprecated and may not work in future versions. Please replace with setPlayerHudComponentVisible before Tuesday.
[2026-09-25 03:34:40] WARNING: account/c_main.lua(Line 19) [Client] showPlayerHudComponent is deprecated and may not work in future versions. Please replace with setPlayerHudComponentVisible before Tuesday.
[2026-09-25 03:34:40] WARNING: account/c_main.lua(Line 21) [Client] showPlayerHudComponent is deprecated and may not work in future versions. Please replace with setPlayerHudComponentVisible before Tuesday.
[2026-09-25 03:34:40] WARNING: account/c_main.lua(Line 23) [Client] showPlayerHudComponent is deprecated and may not work in future versions. Please replace with setPlayerHudComponentVisible before Tuesday.
[2026-09-25 03:34:40] WARNING: account/c_main.lua(Line 25) [Client] showPlayerHudComponent is deprecated and may not work in future versions. Please replace with setPlayerHudComponentVisible before Tuesday.
[2026-09-25 03:34:40] WARNING: account/c_characters.lua(Line 13) [Client] showPlayerHudComponent is deprecated and may not work in future versions. Please replace with setPlayerHudComponentVisible before Tuesday.
[2026-09-25 03:34:40] WARNING: account/c_options.lua(Line 519) [Client] setControlState is deprecated and may not work in future versions. Please replace with setPedControlState before Tuesday.
[2026-09-25 03:34:40] Some files in 'account' use deprecated functions.
[2026-09-25 03:34:40] Use the 'upgrade' command to perform a basic upgrade of resources.
[2026-09-25 03:34:40] WARNING: account\s_main.lua:77: Attempt to restart a stopped resource
[2026-09-25 03:34:40] ERROR: Couldn't find resource admin. Check it exists.
[2026-09-25 03:34:40] ERROR: Couldn't find resource serialwhitelist. Check it exists.
[2026-09-25 03:34:40] WARNING: admin-system/Player/s_teleport.lua(Line 123) [Server] setVehicleTurnVelocity is deprecated and may not work in future versions. Please replace with setElementAngularVelocity before Tuesday.
[2026-09-25 03:34:40] WARNING: admin-system/Player/s_teleport.lua(Line 313) [Server] setVehicleTurnVelocity is deprecated and may not work in future versions. Please replace with setElementAngularVelocity before Tuesday.
[2026-09-25 03:34:40] WARNING: admin-system/Player/s_teleport.lua(Line 534) [Server] setVehicleTurnVelocity is deprecated and may not work in future versions. Please replace with setElementAngularVelocity before Tuesday.
[2026-09-25 03:34:40] WARNING: admin-system/Player/s_teleport.lua(Line 792) [Server] setVehicleTurnVelocity is deprecated and may not work in future versions. Please replace with setElementAngularVelocity before Tuesday.
[2026-09-25 03:34:40] WARNING: admin-system/Player/s_teleport.lua(Line 1176) [Server] setVehicleTurnVelocity is deprecated and may not work in future versions. Please replace with setElementAngularVelocity before Tuesday.
[2026-09-25 03:34:40] WARNING: admin-system/Player/s_teleport.lua(Line 1326) [Server] setVehicleTurnVelocity is deprecated and may not work in future versions. Please replace with setElementAngularVelocity before Tuesday.
[2026-09-25 03:34:40] WARNING: admin-system/c_overlay.lua(Line 460) [Client] getControlState is deprecated and may not work in future versions. Please replace with getPedControlState before Tuesday.
[2026-09-25 03:34:40] Some files in 'admin-system' use deprecated functions.
[2026-09-25 03:34:40] Use the 'upgrade' command to perform a basic upgrade of resources.
[2026-09-25 03:34:40] Server password cleared
[2026-09-25 03:34:40] WARNING: admin-system\Player\s_player_commands.lua:2933: Bad argument @ 'setWeaponProperty' [Expected number, got non-convertible string]
[2026-09-25 03:34:40] WARNING: driveby/driveby_client.lua(Line 1024) [Client] setControlState is deprecated and may not work in future versions. Please replace with setPedControlState before Tuesday.
[2026-09-25 03:34:40] Some files in 'driveby' use deprecated functions.
[2026-09-25 03:34:40] Use the 'upgrade' command to perform a basic upgrade of resources.
[2026-09-25 03:34:40] WARNING: elevator-system/s_elevator_system.lua(Line 1445) [Server] setVehicleTurnVelocity is deprecated and may not work in future versions. Please replace with setElementAngularVelocity before Tuesday.
[2026-09-25 03:34:40] WARNING: elevator-system/s_elevator_system.lua(Line 1553) [Server] setVehicleTurnVelocity is deprecated and may not work in future versions. Please replace with setElementAngularVelocity before Tuesday.
[2026-09-25 03:34:40] Some files in 'elevator-system' use deprecated functions.
[2026-09-25 03:34:40] Use the 'upgrade' command to perform a basic upgrade of resources.
[2026-09-25 03:34:40] WARNING: admin-system\Player\s_player_commands.lua:2933: Bad argument @ 'setWeaponProperty' [Expected number, got non-convertible string]  [DUP x76]
[2026-09-25 03:34:40] ERROR: faction-system\s_faction_admin.lua:1519: attempt to index local 'maxrow' (a boolean value)
[2026-09-25 03:34:40] WARNING: admin-system\Player\s_player_commands.lua:2933: Bad argument @ 'setWeaponProperty' [Expected number, got non-convertible string]
[2026-09-25 03:34:40] WARNING: fuel-system/s_fuel_peds.lua(Line 2522) [Server] setVehicleTurnVelocity is deprecated and may not work in future versions. Please replace with setElementAngularVelocity before Tuesday.
[2026-09-25 03:34:40] Some files in 'fuel-system' use deprecated functions.
[2026-09-25 03:34:40] Use the 'upgrade' command to perform a basic upgrade of resources.
[2026-09-25 03:34:40] Please wait...
[2026-09-25 03:34:41] WARNING: heligrab/c_heli.lua(Line 756) [Client] getControlState is deprecated and may not work in future versions. Please replace with getPedControlState before Tuesday.
[2026-09-25 03:34:41] Some files in 'heligrab' use deprecated functions.
[2026-09-25 03:34:41] Use the 'upgrade' command to perform a basic upgrade of resources.
[2026-09-25 03:34:41] WARNING: interior-system/blips_s.lua [Server] is encoded in ANSI instead of UTF-8.  Please convert your file to UTF-8.
[2026-09-25 03:34:41] Some files in 'interior-system' use deprecated functions.
[2026-09-25 03:34:41] Use the 'upgrade' command to perform a basic upgrade of resources.
[2026-09-25 03:34:41] WARNING: admin-system\Player\s_player_commands.lua:2933: Bad argument @ 'setWeaponProperty' [Expected number, got non-convertible string]  [DUP x62]
[2026-09-25 03:34:41] WARNING: Script 'interior-system\blips_s.lua' is not encoded in UTF-8.  Loading as ANSI...
[2026-09-25 03:34:41] SCRIPT ERROR: interior-system\blips_s.lua:1: unexpected symbol near 'char(28)'
[2026-09-25 03:34:41] ERROR: Loading script failed: interior-system\blips_s.lua:1: unexpected symbol near 'char(28)'
[2026-09-25 03:34:41] WARNING: admin-system\Player\s_player_commands.lua:2933: Bad argument @ 'setWeaponProperty' [Expected number, got non-convertible string]
[2026-09-25 03:34:41] WARNING: item-system/s_inventory.lua [Server] is encoded in ANSI instead of UTF-8.  Please convert your file to UTF-8.
[2026-09-25 03:34:41] WARNING: item-system/c_itemchange.lua(Line 9) [Client] showPlayerHudComponent is deprecated and may not work in future versions. Please replace with setPlayerHudComponentVisible before Tuesday.
[2026-09-25 03:34:41] WARNING: item-system/c_itemchange.lua(Line 13) [Client] showPlayerHudComponent is deprecated and may not work in future versions. Please replace with setPlayerHudComponentVisible before Tuesday.
[2026-09-25 03:34:41] Some files in 'item-system' use deprecated functions.
[2026-09-25 03:34:41] Use the 'upgrade' command to perform a basic upgrade of resources.
[2026-09-25 03:34:41] WARNING: admin-system\Player\s_player_commands.lua:2933: Bad argument @ 'setWeaponProperty' [Expected number, got non-convertible string]  [DUP x20]
[2026-09-25 03:34:41] WARNING: Script 'item-system\s_inventory.lua' is not encoded in UTF-8.  Loading as ANSI...
[2026-09-25 03:34:41] SCRIPT ERROR: item-system\s_inventory.lua:1: unexpected symbol near 'char(28)'
[2026-09-25 03:34:41] ERROR: Loading script failed: item-system\s_inventory.lua:1: unexpected symbol near 'char(28)'
[2026-09-25 03:34:41] WARNING: admin-system\Player\s_player_commands.lua:2933: Bad argument @ 'setWeaponProperty' [Expected number, got non-convertible string]
[2026-09-25 03:34:41] WARNING: admin-system\Player\s_player_commands.lua:2933: Bad argument @ 'setWeaponProperty' [Expected number, got non-convertible string]  [DUP x13]
[2026-09-25 03:34:41] WARNING: item-texture\s_itemtexture.lua:173: Bad argument @ 'getElementsByType' [Expected element at argument 2, got boolean]
[2026-09-25 03:34:41] ERROR: item-texture\s_itemtexture.lua:189: attempt to get length of local 'worldItems' (a boolean value)
[2026-09-25 03:34:41] WARNING: admin-system\Player\s_player_commands.lua:2933: Bad argument @ 'setWeaponProperty' [Expected number, got non-convertible string]
[2026-09-25 03:34:41] WARNING: admin-system\Player\s_player_commands.lua:2933: Bad argument @ 'setWeaponProperty' [Expected number, got non-convertible string]  [DUP x6]
[2026-09-25 03:34:41] INFO: [ITEM WORLD] Loading 0 world items will be finished in approximately 0.05 seconds.
[2026-09-25 03:34:41] WARNING: admin-system\Player\s_player_commands.lua:2933: Bad argument @ 'setWeaponProperty' [Expected number, got non-convertible string]
[2026-09-25 03:34:41] WARNING: job-system-trucker/s_trucker_job.lua(Line 2690) [Server] setVehicleTurnVelocity is deprecated and may not work in future versions. Please replace with setElementAngularVelocity before Tuesday.
[2026-09-25 03:34:41] WARNING: job-system-trucker/s_trucker_job.lua(Line 2750) [Server] setVehicleTurnVelocity is deprecated and may not work in future versions. Please replace with setElementAngularVelocity before Tuesday.
[2026-09-25 03:34:41] WARNING: job-system-trucker/s_trucker_job.lua(Line 2810) [Server] setVehicleTurnVelocity is deprecated and may not work in future versions. Please replace with setElementAngularVelocity before Tuesday.
[2026-09-25 03:34:41] WARNING: job-system-trucker/s_trucker_job.lua(Line 2870) [Server] setVehicleTurnVelocity is deprecated and may not work in future versions. Please replace with setElementAngularVelocity before Tuesday.
[2026-09-25 03:34:41] WARNING: job-system-trucker/c_overlay.lua(Line 1166) [Client] getControlState is deprecated and may not work in future versions. Please replace with getPedControlState before Tuesday.
[2026-09-25 03:34:41] WARNING: job-system-trucker/s_marker.lua [Server] is encoded in ANSI instead of UTF-8.  Please convert your file to UTF-8.
[2026-09-25 03:34:41] Some files in 'job-system-trucker' use deprecated functions.
[2026-09-25 03:34:41] Use the 'upgrade' command to perform a basic upgrade of resources.
[2026-09-25 03:34:41] WARNING: admin-system\Player\s_player_commands.lua:2933: Bad argument @ 'setWeaponProperty' [Expected number, got non-convertible string]  [DUP x27]
[2026-09-25 03:34:41] WARNING: Script 'job-system-trucker\s_marker.lua' is not encoded in UTF-8.  Loading as ANSI...
[2026-09-25 03:34:41] SCRIPT ERROR: job-system-trucker\s_marker.lua:1: unexpected symbol near 'char(28)'
[2026-09-25 03:34:41] ERROR: Loading script failed: job-system-trucker\s_marker.lua:1: unexpected symbol near 'char(28)'
[2026-09-25 03:34:41] INFO: [JOB-SYSTEM-TRUCKER] Fetched 2 actual orders sucessfully from SQL
[2026-09-25 03:34:41] WARNING: admin-system\Player\s_player_commands.lua:2933: Bad argument @ 'setWeaponProperty' [Expected number, got non-convertible string]
[2026-09-25 03:34:41] WARNING: pd-system/c_policedeagle.lua(Line 437) [Client] getControlState is deprecated and may not work in future versions. Please replace with getPedControlState before Tuesday.
[2026-09-25 03:34:41] WARNING: pd-system/c_policeshotgun.lua(Line 331) [Client] getControlState is deprecated and may not work in future versions. Please replace with getPedControlState before Tuesday.
[2026-09-25 03:34:41] Some files in 'pd-system' use deprecated functions.
[2026-09-25 03:34:41] Use the 'upgrade' command to perform a basic upgrade of resources.
[2026-09-25 03:34:41] ERROR: Couldn't find resource fbi-system. Check it exists.
[2026-09-25 03:34:41] WARNING: realism-system/c_backup_bleepers.lua(Line 333) [Client] getControlState is deprecated and may not work in future versions. Please replace with getPedControlState before Tuesday.
[2026-09-25 03:34:41] WARNING: realism-system/c_cruise_control.lua(Line 141) [Client] setControlState is deprecated and may not work in future versions. Please replace with setPedControlState before Tuesday.
[2026-09-25 03:34:41] WARNING: realism-system/c_cruise_control.lua(Line 149) [Client] setControlState is deprecated and may not work in future versions. Please replace with setPedControlState before Tuesday.
[2026-09-25 03:34:41] WARNING: realism-system/c_cruise_control.lua(Line 201) [Client] setControlState is deprecated and may not work in future versions. Please replace with setPedControlState before Tuesday.
[2026-09-25 03:34:41] WARNING: realism-system/c_fpview.lua(Line 439) [Client] getControlState is deprecated and may not work in future versions. Please replace with getPedControlState before Tuesday.
[2026-09-25 03:34:41] WARNING: realism-system/c_fpview.lua(Line 451) [Client] getControlState is deprecated and may not work in future versions. Please replace with getPedControlState before Tuesday.
[2026-09-25 03:34:41] WARNING: realism-system/c_fpview.lua(Line 463) [Client] getControlState is deprecated and may not work in future versions. Please replace with getPedControlState before Tuesday.
[2026-09-25 03:34:41] WARNING: realism-system/c_heli_rotors.lua(Line 17) [Client] getHelicopterRotorSpeed is deprecated and may not work in future versions. Please replace with getVehicleRotorSpeed before Tuesday.
[2026-09-25 03:34:41] WARNING: realism-system/c_heli_rotors.lua(Line 21) [Client] getHelicopterRotorSpeed is deprecated and may not work in future versions. Please replace with getVehicleRotorSpeed before Tuesday.
[2026-09-25 03:34:41] WARNING: realism-system/c_heli_rotors.lua(Line 25) [Client] setHelicopterRotorSpeed is deprecated and may not work in future versions. Please replace with setVehicleRotorSpeed before Tuesday.
[2026-09-25 03:34:41] WARNING: realism-system/c_carrealism.lua(Line 353) [Client] getControlState is deprecated and may not work in future versions. Please replace with getPedControlState before Tuesday.
[2026-09-25 03:34:41] WARNING: realism-system/handbrake_c.lua(Line 217) [Client] getControlState is deprecated and may not work in future versions. Please replace with getPedControlState before Tuesday.
[2026-09-25 03:34:41] WARNING: realism-system/handbrake_c.lua(Line 221) [Client] setControlState is deprecated and may not work in future versions. Please replace with setPedControlState before Tuesday.
[2026-09-25 03:34:41] Some files in 'realism-system' use deprecated functions.
[2026-09-25 03:34:41] Use the 'upgrade' command to perform a basic upgrade of resources.
[2026-09-25 03:34:41] WARNING: report-system/c_external_report_box.lua(Line 265) [Client] getControlState is deprecated and may not work in future versions. Please replace with getPedControlState before Tuesday.
[2026-09-25 03:34:41] WARNING: report-system/c_top_right_box.lua(Line 84) [Client] getControlState is deprecated and may not work in future versions. Please replace with getPedControlState before Tuesday.
[2026-09-25 03:34:41] Some files in 'report-system' use deprecated functions.
[2026-09-25 03:34:41] Use the 'upgrade' command to perform a basic upgrade of resources.
[2026-09-25 03:34:41] WARNING: admin-system\Player\s_player_commands.lua:2933: Bad argument @ 'setWeaponProperty' [Expected number, got non-convertible string]  [DUP x62]
[2026-09-25 03:34:41] INFO: Loaded 0 reports.
[2026-09-25 03:34:41] WARNING: admin-system\Player\s_player_commands.lua:2933: Bad argument @ 'setWeaponProperty' [Expected number, got non-convertible string]
[2026-09-25 03:34:41] WARNING: scoreboard/c_tab.lua(Line 404) [Client] getControlState is deprecated and may not work in future versions. Please replace with getPedControlState before Tuesday.
[2026-09-25 03:34:41] Some files in 'scoreboard' use deprecated functions.
[2026-09-25 03:34:41] Use the 'upgrade' command to perform a basic upgrade of resources.
[2026-09-25 03:34:41] WARNING: shop-system/s_generalshop_system.lua(Line 672) [Server] setVehicleTurnVelocity is deprecated and may not work in future versions. Please replace with setElementAngularVelocity before Tuesday.
[2026-09-25 03:34:41] Some files in 'shop-system' use deprecated functions.
[2026-09-25 03:34:41] Use the 'upgrade' command to perform a basic upgrade of resources.
[2026-09-25 03:34:41] WARNING: spike-system/c_spikes.lua(Line 93) [Client] getVehicleTurnVelocity is deprecated and may not work in future versions. Please replace with getElementAngularVelocity before Tuesday.
[2026-09-25 03:34:41] WARNING: spike-system/c_spikes.lua(Line 97) [Client] setVehicleTurnVelocity is deprecated and may not work in future versions. Please replace with setElementAngularVelocity before Tuesday.
[2026-09-25 03:34:41] Some files in 'spike-system' use deprecated functions.
[2026-09-25 03:34:41] Use the 'upgrade' command to perform a basic upgrade of resources.
[2026-09-25 03:34:42] WARNING: vehicle-interiors/s_vehicle_interiors.lua(Line 1936) [Server] setVehicleTurnVelocity is deprecated and may not work in future versions. Please replace with setElementAngularVelocity before Tuesday.
[2026-09-25 03:34:42] Some files in 'vehicle-interiors' use deprecated functions.
[2026-09-25 03:34:42] Use the 'upgrade' command to perform a basic upgrade of resources.
[2026-09-25 03:34:42] WARNING: superman/c_superman.lua(Line 1352) [Client] getControlState is deprecated and may not work in future versions. Please replace with getPedControlState before Tuesday.
[2026-09-25 03:34:42] WARNING: superman/c_superman.lua(Line 1391) [Client] getControlState is deprecated and may not work in future versions. Please replace with getPedControlState before Tuesday.
[2026-09-25 03:34:42] WARNING: superman/c_superman.lua(Line 1399) [Client] getControlState is deprecated and may not work in future versions. Please replace with getPedControlState before Tuesday.
[2026-09-25 03:34:42] WARNING: superman/c_superman.lua(Line 1415) [Client] getControlState is deprecated and may not work in future versions. Please replace with getPedControlState before Tuesday.
[2026-09-25 03:34:42] WARNING: superman/c_superman.lua(Line 1423) [Client] getControlState is deprecated and may not work in future versions. Please replace with getPedControlState before Tuesday.
[2026-09-25 03:34:42] WARNING: superman/c_superman.lua(Line 1459) [Client] getControlState is deprecated and may not work in future versions. Please replace with getPedControlState before Tuesday.
[2026-09-25 03:34:42] WARNING: superman/c_superman.lua(Line 1487) [Client] getControlState is deprecated and may not work in future versions. Please replace with getPedControlState before Tuesday.
[2026-09-25 03:34:42] WARNING: superman/c_superman.lua(Line 1499) [Client] getControlState is deprecated and may not work in future versions. Please replace with getPedControlState before Tuesday.
[2026-09-25 03:34:42] WARNING: superman/c_superman.lua(Line 2094) [Client] getControlState is deprecated and may not work in future versions. Please replace with getPedControlState before Tuesday.
[2026-09-25 03:34:42] Some files in 'superman' use deprecated functions.
[2026-09-25 03:34:42] Use the 'upgrade' command to perform a basic upgrade of resources.
[2026-09-25 03:34:42] WARNING: gate-manager/s_gate_manager.lua(Line 802) [Server] setVehicleTurnVelocity is deprecated and may not work in future versions. Please replace with setElementAngularVelocity before Tuesday.
[2026-09-25 03:34:42] Some files in 'gate-manager' use deprecated functions.
[2026-09-25 03:34:42] Use the 'upgrade' command to perform a basic upgrade of resources.
[2026-09-25 03:34:43] ERROR: Couldn't find resource hardwaresurvey. Check it exists.
[2026-09-25 03:34:43] WARNING: sfia/s_airtrack.lua(Line 227) [Server] showPlayerHudComponent is deprecated and may not work in future versions. Please replace with setPlayerHudComponentVisible before Tuesday.
[2026-09-25 03:34:43] WARNING: sfia/s_airtrack.lua(Line 263) [Server] showPlayerHudComponent is deprecated and may not work in future versions. Please replace with setPlayerHudComponentVisible before Tuesday.
[2026-09-25 03:34:43] Some files in 'sfia' use deprecated functions.
[2026-09-25 03:34:43] Use the 'upgrade' command to perform a basic upgrade of resources.
[2026-09-25 03:34:43] WARNING: vehicle-manager/s_vehicle_commands.lua(Line 789) [Server] setVehicleTurnVelocity is deprecated and may not work in future versions. Please replace with setElementAngularVelocity before Tuesday.
[2026-09-25 03:34:43] Some files in 'vehicle-manager' use deprecated functions.
[2026-09-25 03:34:43] Use the 'upgrade' command to perform a basic upgrade of resources.
[2026-09-25 03:34:43] WARNING: admin-system\Player\s_player_commands.lua:2933: Bad argument @ 'setWeaponProperty' [Expected number, got non-convertible string]  [DUP x314]
[2026-09-25 03:34:43] INFO: Loaded 0 texture records for all interiors in 0ms
[2026-09-25 03:34:43] WARNING: admin-system\Player\s_player_commands.lua:2933: Bad argument @ 'setWeaponProperty' [Expected number, got non-convertible string]
[2026-09-25 03:34:43] WARNING: announcement/client.lua(Line 76) [Client] getControlState is deprecated and may not work in future versions. Please replace with getPedControlState before Tuesday.
[2026-09-25 03:34:43] Some files in 'announcement' use deprecated functions.
[2026-09-25 03:34:43] Use the 'upgrade' command to perform a basic upgrade of resources.
[2026-09-25 03:34:43] ERROR: Couldn't find resource shader_car_paint. Check it exists.
[2026-09-25 03:34:43] ERROR: Couldn't find resource shader_water. Check it exists.
[2026-09-25 03:34:43] ERROR: Couldn't find resource astro-clothing. Check it exists.
[2026-09-25 03:34:43] WARNING: admin-system\Player\s_player_commands.lua:2933: Bad argument @ 'setWeaponProperty' [Expected number, got non-convertible string]  [DUP x55]
[2026-09-25 03:34:43] INFO: LeFire Script loaded ...
[2026-09-25 03:34:43] WARNING: admin-system\Player\s_player_commands.lua:2933: Bad argument @ 'setWeaponProperty' [Expected number, got non-convertible string]
[2026-09-25 03:34:43] WARNING: admin-system\Player\s_player_commands.lua:2933: Bad argument @ 'setWeaponProperty' [Expected number, got non-convertible string]  [DUP x13]
[2026-09-25 03:34:43] ERROR: clubtec\s_clubtec.lua:37: exports: Call to non-running server resource (fakevideo) [string "?"]
[2026-09-25 03:34:43] WARNING: admin-system\Player\s_player_commands.lua:2933: Bad argument @ 'setWeaponProperty' [Expected number, got non-convertible string]
[2026-09-25 03:34:43] WARNING: admin-system\Player\s_player_commands.lua:2933: Bad argument @ 'setWeaponProperty' [Expected number, got non-convertible string]  [DUP x6]
[2026-09-25 03:34:43] INFO: Loaded 0 animated texture records in 0ms
[2026-09-25 03:34:43] WARNING: admin-system\Player\s_player_commands.lua:2933: Bad argument @ 'setWeaponProperty' [Expected number, got non-convertible string]
[2026-09-25 03:34:43] WARNING: admin-system\Player\s_player_commands.lua:2933: Bad argument @ 'setWeaponProperty' [Expected number, got non-convertible string]  [DUP x13]
[2026-09-25 03:34:43] INFO: PRISON-SYSTEM: Loaded 24 cell gates from s_gates.lua
[2026-09-25 03:34:43] WARNING: admin-system\Player\s_player_commands.lua:2933: Bad argument @ 'setWeaponProperty' [Expected number, got non-convertible string]
[2026-09-25 03:34:43] ERROR: Couldn't find resource shader_lights. Check it exists.
[2026-09-25 03:34:43] ERROR: Couldn't find resource hdradar. Check it exists.
[2026-09-25 03:34:43] ERROR: Couldn't find resource w-job. Check it exists.
[2026-09-25 03:34:43] ERROR: Couldn't find resource farmarjob. Check it exists.
[2026-09-25 03:34:43] WARNING: vrp/client.lua(Line 246) [Client] showPlayerHudComponent is deprecated and may not work in future versions. Please replace with setPlayerHudComponentVisible before Tuesday.
[2026-09-25 03:34:43] Some files in 'vrp' use deprecated functions.
[2026-09-25 03:34:43] Use the 'upgrade' command to perform a basic upgrade of resources.
[2026-09-25 03:34:43] Querying MTA master server... success! (Auto detected IP:129.224.206.22)
[2026-09-25 03:34:43] Authorized serial account protection is enabled for the ACL group(s): `Admin`  See http://multitheftauto.com/authserial
[2026-09-25 03:34:43] WARNING: <owner_email_address> not set
[2026-09-25 03:34:43] Server started and is ready to accept connections!
[2026-09-25 03:34:43] To stop the server, type 'shutdown' or press Ctrl-C
[2026-09-25 03:34:43] Type 'help' for a list of commands.
[2026-09-25 03:34:47] WARNING: admin-system\Player\s_player_commands.lua:2933: Bad argument @ 'setWeaponProperty' [Expected number, got non-convertible string]  [DUP x83]
[2026-09-25 03:34:47] INFO: [WEATHER] / Line 57 / SQL Settings for weather successfully altered.
[2026-09-25 03:35:10] INFO: [ELEVATOR] Spawning 0 elevators will be finished in approx. 0 seconds.
[2026-09-25 03:35:41] Stopping item-texture
[2026-09-25 03:35:41] Starting item-texture
[2026-09-25 03:35:41] INFO: item-texture: Loading textures for 0 world items
[2026-09-25 03:35:41] INFO: item-texture: 0 clients waiting on initial sync.
[2026-09-25 03:35:41] INFO: item-texture: 0 textured elements were added for initial sync.
[2026-09-25 03:35:41] WARNING: admin-system\Player\s_player_commands.lua:2933: Bad argument @ 'setWeaponProperty' [Expected number, got non-convertible string]
[2026-09-25 03:35:41] item-texture restarted successfully
[2026-09-25 03:35:47] WARNING: admin-system\Player\s_player_commands.lua:2933: Bad argument @ 'setWeaponProperty' [Expected number, got non-convertible string]  [DUP x6]
==================================================================
= Multi Theft Auto: San Andreas v1.6
==================================================================
= Server name      : Direct Backup V3
= Server IP address: auto
= Server port      : 22221
= 
= Log file         : ../MTA/server/mods/deathmatch/logs/server.log
= Maximum players  : 32
= HTTP port        : 22221
= Voice Chat       : Disabled
= Bandwidth saving : None
==================================================================
[2026-09-25 03:35:56] WARNING: Ignoring duplicate client file in resource 'vrp': 'Imagens/Fundo.png'
[2026-09-25 03:35:56] Resources: 161 loaded, 0 failed
[2026-09-25 03:35:56] Starting resources...
[2026-09-25 03:35:56] [MYSQL] Connected to database 'pdz' at 127.0.0.1:3306
[2026-09-25 03:35:56] Server minclientversion is now 1.6.0-9.24109.0
[2026-09-25 03:35:56] WARNING: hud/c_overlay_top_right.lua(Line 106) [Client] getControlState is deprecated and may not work in future versions. Please replace with getPedControlState.
[2026-09-25 03:35:56] WARNING: hud/c_overlay_bottom_center.lua(Line 90) [Client] getControlState is deprecated and may not work in future versions. Please replace with getPedControlState.
[2026-09-25 03:35:56] Some files in 'hud' use deprecated functions.
[2026-09-25 03:35:56] Use the 'upgrade' command to perform a basic upgrade of resources.
[2026-09-25 03:35:57] WARNING: account/c_main.lua(Line 5) [Client] showPlayerHudComponent is deprecated and may not work in future versions. Please replace with setPlayerHudComponentVisible.
[2026-09-25 03:35:57] WARNING: account/c_main.lua(Line 7) [Client] showPlayerHudComponent is deprecated and may not work in future versions. Please replace with setPlayerHudComponentVisible.
[2026-09-25 03:35:57] WARNING: account/c_main.lua(Line 9) [Client] showPlayerHudComponent is deprecated and may not work in future versions. Please replace with setPlayerHudComponentVisible.
[2026-09-25 03:35:57] WARNING: account/c_main.lua(Line 11) [Client] showPlayerHudComponent is deprecated and may not work in future versions. Please replace with setPlayerHudComponentVisible.
[2026-09-25 03:35:57] WARNING: account/c_main.lua(Line 13) [Client] showPlayerHudComponent is deprecated and may not work in future versions. Please replace with setPlayerHudComponentVisible.
[2026-09-25 03:35:57] WARNING: account/c_main.lua(Line 15) [Client] showPlayerHudComponent is deprecated and may not work in future versions. Please replace with setPlayerHudComponentVisible.
[2026-09-25 03:35:57] WARNING: account/c_main.lua(Line 17) [Client] showPlayerHudComponent is deprecated and may not work in future versions. Please replace with setPlayerHudComponentVisible.
[2026-09-25 03:35:57] WARNING: account/c_main.lua(Line 19) [Client] showPlayerHudComponent is deprecated and may not work in future versions. Please replace with setPlayerHudComponentVisible.
[2026-09-25 03:35:57] WARNING: account/c_main.lua(Line 21) [Client] showPlayerHudComponent is deprecated and may not work in future versions. Please replace with setPlayerHudComponentVisible.
[2026-09-25 03:35:57] WARNING: account/c_main.lua(Line 23) [Client] showPlayerHudComponent is deprecated and may not work in future versions. Please replace with setPlayerHudComponentVisible.
[2026-09-25 03:35:57] WARNING: account/c_main.lua(Line 25) [Client] showPlayerHudComponent is deprecated and may not work in future versions. Please replace with setPlayerHudComponentVisible.
[2026-09-25 03:35:57] WARNING: account/c_characters.lua(Line 13) [Client] showPlayerHudComponent is deprecated and may not work in future versions. Please replace with setPlayerHudComponentVisible.
[2026-09-25 03:35:57] WARNING: account/c_options.lua(Line 519) [Client] setControlState is deprecated and may not work in future versions. Please replace with setPedControlState.
[2026-09-25 03:35:57] Some files in 'account' use deprecated functions.
[2026-09-25 03:35:57] Use the 'upgrade' command to perform a basic upgrade of resources.
[2026-09-25 03:35:57] WARNING: account\s_main.lua:77: Attempt to restart a stopped resource
[2026-09-25 03:35:57] ERROR: Couldn't find resource admin. Check it exists.
[2026-09-25 03:35:57] ERROR: Couldn't find resource serialwhitelist. Check it exists.
[2026-09-25 03:35:57] WARNING: admin-system/Player/s_teleport.lua(Line 123) [Server] setVehicleTurnVelocity is deprecated and may not work in future versions. Please replace with setElementAngularVelocity.
[2026-09-25 03:35:57] WARNING: admin-system/Player/s_teleport.lua(Line 313) [Server] setVehicleTurnVelocity is deprecated and may not work in future versions. Please replace with setElementAngularVelocity.
[2026-09-25 03:35:57] WARNING: admin-system/Player/s_teleport.lua(Line 534) [Server] setVehicleTurnVelocity is deprecated and may not work in future versions. Please replace with setElementAngularVelocity.
[2026-09-25 03:35:57] WARNING: admin-system/Player/s_teleport.lua(Line 792) [Server] setVehicleTurnVelocity is deprecated and may not work in future versions. Please replace with setElementAngularVelocity.
[2026-09-25 03:35:57] WARNING: admin-system/Player/s_teleport.lua(Line 1176) [Server] setVehicleTurnVelocity is deprecated and may not work in future versions. Please replace with setElementAngularVelocity.
[2026-09-25 03:35:57] WARNING: admin-system/Player/s_teleport.lua(Line 1326) [Server] setVehicleTurnVelocity is deprecated and may not work in future versions. Please replace with setElementAngularVelocity.
[2026-09-25 03:35:57] WARNING: admin-system/c_overlay.lua(Line 460) [Client] getControlState is deprecated and may not work in future versions. Please replace with getPedControlState.
[2026-09-25 03:35:57] Some files in 'admin-system' use deprecated functions.
[2026-09-25 03:35:57] Use the 'upgrade' command to perform a basic upgrade of resources.
[2026-09-25 03:35:57] Server password cleared
[2026-09-25 03:35:57] WARNING: driveby/driveby_client.lua(Line 1024) [Client] setControlState is deprecated and may not work in future versions. Please replace with setPedControlState.
[2026-09-25 03:35:57] Some files in 'driveby' use deprecated functions.
[2026-09-25 03:35:57] Use the 'upgrade' command to perform a basic upgrade of resources.
[2026-09-25 03:35:57] WARNING: elevator-system/s_elevator_system.lua(Line 1445) [Server] setVehicleTurnVelocity is deprecated and may not work in future versions. Please replace with setElementAngularVelocity.
[2026-09-25 03:35:57] WARNING: elevator-system/s_elevator_system.lua(Line 1553) [Server] setVehicleTurnVelocity is deprecated and may not work in future versions. Please replace with setElementAngularVelocity.
[2026-09-25 03:35:57] Some files in 'elevator-system' use deprecated functions.
[2026-09-25 03:35:57] Use the 'upgrade' command to perform a basic upgrade of resources.
[2026-09-25 03:35:57] ERROR: faction-system\s_faction_admin.lua:1519: attempt to index local 'maxrow' (a boolean value)
[2026-09-25 03:35:57] WARNING: fuel-system/s_fuel_peds.lua(Line 2522) [Server] setVehicleTurnVelocity is deprecated and may not work in future versions. Please replace with setElementAngularVelocity.
[2026-09-25 03:35:57] Some files in 'fuel-system' use deprecated functions.
[2026-09-25 03:35:57] Use the 'upgrade' command to perform a basic upgrade of resources.
[2026-09-25 03:35:57] Please wait...
[2026-09-25 03:35:58] WARNING: heligrab/c_heli.lua(Line 756) [Client] getControlState is deprecated and may not work in future versions. Please replace with getPedControlState.
[2026-09-25 03:35:58] Some files in 'heligrab' use deprecated functions.
[2026-09-25 03:35:58] Use the 'upgrade' command to perform a basic upgrade of resources.
[2026-09-25 03:35:58] WARNING: interior-system/blips_s.lua [Server] is encoded in ANSI instead of UTF-8.  Please convert your file to UTF-8.
[2026-09-25 03:35:58] Some files in 'interior-system' use deprecated functions.
[2026-09-25 03:35:58] Use the 'upgrade' command to perform a basic upgrade of resources.
[2026-09-25 03:35:58] WARNING: Script 'interior-system\blips_s.lua' is not encoded in UTF-8.  Loading as ANSI...
[2026-09-25 03:35:58] SCRIPT ERROR: interior-system\blips_s.lua:1: unexpected symbol near 'char(28)'
[2026-09-25 03:35:58] ERROR: Loading script failed: interior-system\blips_s.lua:1: unexpected symbol near 'char(28)'
[2026-09-25 03:35:58] WARNING: item-system/s_inventory.lua [Server] is encoded in ANSI instead of UTF-8.  Please convert your file to UTF-8.
[2026-09-25 03:35:58] WARNING: item-system/c_itemchange.lua(Line 9) [Client] showPlayerHudComponent is deprecated and may not work in future versions. Please replace with setPlayerHudComponentVisible.
[2026-09-25 03:35:58] WARNING: item-system/c_itemchange.lua(Line 13) [Client] showPlayerHudComponent is deprecated and may not work in future versions. Please replace with setPlayerHudComponentVisible.
[2026-09-25 03:35:58] Some files in 'item-system' use deprecated functions.
[2026-09-25 03:35:58] Use the 'upgrade' command to perform a basic upgrade of resources.
[2026-09-25 03:35:58] WARNING: Script 'item-system\s_inventory.lua' is not encoded in UTF-8.  Loading as ANSI...
[2026-09-25 03:35:58] SCRIPT ERROR: item-system\s_inventory.lua:1: unexpected symbol near 'char(28)'
[2026-09-25 03:35:58] ERROR: Loading script failed: item-system\s_inventory.lua:1: unexpected symbol near 'char(28)'
[2026-09-25 03:35:58] WARNING: item-texture\s_itemtexture.lua:173: Bad argument @ 'getElementsByType' [Expected element at argument 2, got boolean]
[2026-09-25 03:35:58] ERROR: item-texture\s_itemtexture.lua:189: attempt to get length of local 'worldItems' (a boolean value)
[2026-09-25 03:35:58] INFO: [ITEM WORLD] Loading 0 world items will be finished in approximately 0.05 seconds.
[2026-09-25 03:35:58] WARNING: job-system-trucker/s_trucker_job.lua(Line 2690) [Server] setVehicleTurnVelocity is deprecated and may not work in future versions. Please replace with setElementAngularVelocity.
[2026-09-25 03:35:58] WARNING: job-system-trucker/s_trucker_job.lua(Line 2750) [Server] setVehicleTurnVelocity is deprecated and may not work in future versions. Please replace with setElementAngularVelocity.
[2026-09-25 03:35:58] WARNING: job-system-trucker/s_trucker_job.lua(Line 2810) [Server] setVehicleTurnVelocity is deprecated and may not work in future versions. Please replace with setElementAngularVelocity.
[2026-09-25 03:35:58] WARNING: job-system-trucker/s_trucker_job.lua(Line 2870) [Server] setVehicleTurnVelocity is deprecated and may not work in future versions. Please replace with setElementAngularVelocity.
[2026-09-25 03:35:58] WARNING: job-system-trucker/c_overlay.lua(Line 1166) [Client] getControlState is deprecated and may not work in future versions. Please replace with getPedControlState.
[2026-09-25 03:35:58] WARNING: job-system-trucker/s_marker.lua [Server] is encoded in ANSI instead of UTF-8.  Please convert your file to UTF-8.
[2026-09-25 03:35:58] Some files in 'job-system-trucker' use deprecated functions.
[2026-09-25 03:35:58] Use the 'upgrade' command to perform a basic upgrade of resources.
[2026-09-25 03:35:58] WARNING: Script 'job-system-trucker\s_marker.lua' is not encoded in UTF-8.  Loading as ANSI...
[2026-09-25 03:35:58] SCRIPT ERROR: job-system-trucker\s_marker.lua:1: unexpected symbol near 'char(28)'
[2026-09-25 03:35:58] ERROR: Loading script failed: job-system-trucker\s_marker.lua:1: unexpected symbol near 'char(28)'
[2026-09-25 03:35:58] INFO: [JOB-SYSTEM-TRUCKER] Fetched 2 actual orders sucessfully from SQL
[2026-09-25 03:35:58] WARNING: pd-system/c_policedeagle.lua(Line 437) [Client] getControlState is deprecated and may not work in future versions. Please replace with getPedControlState.
[2026-09-25 03:35:58] WARNING: pd-system/c_policeshotgun.lua(Line 331) [Client] getControlState is deprecated and may not work in future versions. Please replace with getPedControlState.
[2026-09-25 03:35:58] Some files in 'pd-system' use deprecated functions.
[2026-09-25 03:35:58] Use the 'upgrade' command to perform a basic upgrade of resources.
[2026-09-25 03:35:58] ERROR: Couldn't find resource fbi-system. Check it exists.
[2026-09-25 03:35:58] WARNING: realism-system/c_backup_bleepers.lua(Line 333) [Client] getControlState is deprecated and may not work in future versions. Please replace with getPedControlState.
[2026-09-25 03:35:58] WARNING: realism-system/c_cruise_control.lua(Line 141) [Client] setControlState is deprecated and may not work in future versions. Please replace with setPedControlState.
[2026-09-25 03:35:58] WARNING: realism-system/c_cruise_control.lua(Line 149) [Client] setControlState is deprecated and may not work in future versions. Please replace with setPedControlState.
[2026-09-25 03:35:58] WARNING: realism-system/c_cruise_control.lua(Line 201) [Client] setControlState is deprecated and may not work in future versions. Please replace with setPedControlState.
[2026-09-25 03:35:58] WARNING: realism-system/c_fpview.lua(Line 439) [Client] getControlState is deprecated and may not work in future versions. Please replace with getPedControlState.
[2026-09-25 03:35:58] WARNING: realism-system/c_fpview.lua(Line 451) [Client] getControlState is deprecated and may not work in future versions. Please replace with getPedControlState.
[2026-09-25 03:35:58] WARNING: realism-system/c_fpview.lua(Line 463) [Client] getControlState is deprecated and may not work in future versions. Please replace with getPedControlState.
[2026-09-25 03:35:58] WARNING: realism-system/c_heli_rotors.lua(Line 17) [Client] getHelicopterRotorSpeed is deprecated and may not work in future versions. Please replace with getVehicleRotorSpeed.
[2026-09-25 03:35:58] WARNING: realism-system/c_heli_rotors.lua(Line 21) [Client] getHelicopterRotorSpeed is deprecated and may not work in future versions. Please replace with getVehicleRotorSpeed.
[2026-09-25 03:35:58] WARNING: realism-system/c_heli_rotors.lua(Line 25) [Client] setHelicopterRotorSpeed is deprecated and may not work in future versions. Please replace with setVehicleRotorSpeed.
[2026-09-25 03:35:58] WARNING: realism-system/c_carrealism.lua(Line 353) [Client] getControlState is deprecated and may not work in future versions. Please replace with getPedControlState.
[2026-09-25 03:35:58] WARNING: realism-system/handbrake_c.lua(Line 217) [Client] getControlState is deprecated and may not work in future versions. Please replace with getPedControlState.
[2026-09-25 03:35:58] WARNING: realism-system/handbrake_c.lua(Line 221) [Client] setControlState is deprecated and may not work in future versions. Please replace with setPedControlState.
[2026-09-25 03:35:58] Some files in 'realism-system' use deprecated functions.
[2026-09-25 03:35:58] Use the 'upgrade' command to perform a basic upgrade of resources.
[2026-09-25 03:35:58] WARNING: report-system/c_external_report_box.lua(Line 265) [Client] getControlState is deprecated and may not work in future versions. Please replace with getPedControlState.
[2026-09-25 03:35:58] WARNING: report-system/c_top_right_box.lua(Line 84) [Client] getControlState is deprecated and may not work in future versions. Please replace with getPedControlState.
[2026-09-25 03:35:58] Some files in 'report-system' use deprecated functions.
[2026-09-25 03:35:58] Use the 'upgrade' command to perform a basic upgrade of resources.
[2026-09-25 03:35:58] INFO: Loaded 0 reports.
[2026-09-25 03:35:58] WARNING: scoreboard/c_tab.lua(Line 404) [Client] getControlState is deprecated and may not work in future versions. Please replace with getPedControlState.
[2026-09-25 03:35:58] Some files in 'scoreboard' use deprecated functions.
[2026-09-25 03:35:58] Use the 'upgrade' command to perform a basic upgrade of resources.
[2026-09-25 03:35:58] WARNING: shop-system/s_generalshop_system.lua(Line 672) [Server] setVehicleTurnVelocity is deprecated and may not work in future versions. Please replace with setElementAngularVelocity.
[2026-09-25 03:35:58] Some files in 'shop-system' use deprecated functions.
[2026-09-25 03:35:58] Use the 'upgrade' command to perform a basic upgrade of resources.
[2026-09-25 03:35:58] WARNING: spike-system/c_spikes.lua(Line 93) [Client] getVehicleTurnVelocity is deprecated and may not work in future versions. Please replace with getElementAngularVelocity.
[2026-09-25 03:35:58] WARNING: spike-system/c_spikes.lua(Line 97) [Client] setVehicleTurnVelocity is deprecated and may not work in future versions. Please replace with setElementAngularVelocity.
[2026-09-25 03:35:58] Some files in 'spike-system' use deprecated functions.
[2026-09-25 03:35:58] Use the 'upgrade' command to perform a basic upgrade of resources.
[2026-09-25 03:35:59] WARNING: vehicle-interiors/s_vehicle_interiors.lua(Line 1936) [Server] setVehicleTurnVelocity is deprecated and may not work in future versions. Please replace with setElementAngularVelocity.
[2026-09-25 03:35:59] Some files in 'vehicle-interiors' use deprecated functions.
[2026-09-25 03:35:59] Use the 'upgrade' command to perform a basic upgrade of resources.
[2026-09-25 03:35:59] WARNING: superman/c_superman.lua(Line 1352) [Client] getControlState is deprecated and may not work in future versions. Please replace with getPedControlState.
[2026-09-25 03:35:59] WARNING: superman/c_superman.lua(Line 1391) [Client] getControlState is deprecated and may not work in future versions. Please replace with getPedControlState.
[2026-09-25 03:35:59] WARNING: superman/c_superman.lua(Line 1399) [Client] getControlState is deprecated and may not work in future versions. Please replace with getPedControlState.
[2026-09-25 03:35:59] WARNING: superman/c_superman.lua(Line 1415) [Client] getControlState is deprecated and may not work in future versions. Please replace with getPedControlState.
[2026-09-25 03:35:59] WARNING: superman/c_superman.lua(Line 1423) [Client] getControlState is deprecated and may not work in future versions. Please replace with getPedControlState.
[2026-09-25 03:35:59] WARNING: superman/c_superman.lua(Line 1459) [Client] getControlState is deprecated and may not work in future versions. Please replace with getPedControlState.
[2026-09-25 03:35:59] WARNING: superman/c_superman.lua(Line 1487) [Client] getControlState is deprecated and may not work in future versions. Please replace with getPedControlState.
[2026-09-25 03:35:59] WARNING: superman/c_superman.lua(Line 1499) [Client] getControlState is deprecated and may not work in future versions. Please replace with getPedControlState.
[2026-09-25 03:35:59] WARNING: superman/c_superman.lua(Line 2094) [Client] getControlState is deprecated and may not work in future versions. Please replace with getPedControlState.
[2026-09-25 03:35:59] Some files in 'superman' use deprecated functions.
[2026-09-25 03:35:59] Use the 'upgrade' command to perform a basic upgrade of resources.
[2026-09-25 03:35:59] WARNING: gate-manager/s_gate_manager.lua(Line 802) [Server] setVehicleTurnVelocity is deprecated and may not work in future versions. Please replace with setElementAngularVelocity.
[2026-09-25 03:35:59] Some files in 'gate-manager' use deprecated functions.
[2026-09-25 03:35:59] Use the 'upgrade' command to perform a basic upgrade of resources.
[2026-09-25 03:36:00] ERROR: Couldn't find resource hardwaresurvey. Check it exists.
[2026-09-25 03:36:00] WARNING: sfia/s_airtrack.lua(Line 227) [Server] showPlayerHudComponent is deprecated and may not work in future versions. Please replace with setPlayerHudComponentVisible.
[2026-09-25 03:36:00] WARNING: sfia/s_airtrack.lua(Line 263) [Server] showPlayerHudComponent is deprecated and may not work in future versions. Please replace with setPlayerHudComponentVisible.
[2026-09-25 03:36:00] Some files in 'sfia' use deprecated functions.
[2026-09-25 03:36:00] Use the 'upgrade' command to perform a basic upgrade of resources.
[2026-09-25 03:36:00] WARNING: vehicle-manager/s_vehicle_commands.lua(Line 789) [Server] setVehicleTurnVelocity is deprecated and may not work in future versions. Please replace with setElementAngularVelocity.
[2026-09-25 03:36:00] Some files in 'vehicle-manager' use deprecated functions.
[2026-09-25 03:36:00] Use the 'upgrade' command to perform a basic upgrade of resources.
[2026-09-25 03:36:00] INFO: Loaded 0 texture records for all interiors in 0ms
[2026-09-25 03:36:00] WARNING: announcement/client.lua(Line 76) [Client] getControlState is deprecated and may not work in future versions. Please replace with getPedControlState.
[2026-09-25 03:36:00] Some files in 'announcement' use deprecated functions.
[2026-09-25 03:36:00] Use the 'upgrade' command to perform a basic upgrade of resources.
[2026-09-25 03:36:00] ERROR: Couldn't find resource shader_car_paint. Check it exists.
[2026-09-25 03:36:00] ERROR: Couldn't find resource shader_water. Check it exists.
[2026-09-25 03:36:00] ERROR: Couldn't find resource astro-clothing. Check it exists.
[2026-09-25 03:36:00] INFO: LeFire Script loaded ...
[2026-09-25 03:36:00] ERROR: clubtec\s_clubtec.lua:37: exports: Call to non-running server resource (fakevideo) [string "?"]
[2026-09-25 03:36:00] INFO: Loaded 0 animated texture records in 0ms
[2026-09-25 03:36:00] INFO: PRISON-SYSTEM: Loaded 24 cell gates from s_gates.lua
[2026-09-25 03:36:00] ERROR: Couldn't find resource shader_lights. Check it exists.
[2026-09-25 03:36:00] ERROR: Couldn't find resource hdradar. Check it exists.
[2026-09-25 03:36:00] ERROR: Couldn't find resource w-job. Check it exists.
[2026-09-25 03:36:00] ERROR: Couldn't find resource farmarjob. Check it exists.
[2026-09-25 03:36:00] WARNING: vrp/client.lua(Line 246) [Client] showPlayerHudComponent is deprecated and may not work in future versions. Please replace with setPlayerHudComponentVisible.
[2026-09-25 03:36:00] Some files in 'vrp' use deprecated functions.
[2026-09-25 03:36:00] Use the 'upgrade' command to perform a basic upgrade of resources.
[2026-09-25 03:36:00] Querying MTA master server... success! (Auto detected IP:129.224.206.22)
[2026-09-25 03:36:00] Authorized serial account protection is enabled for the ACL group(s): `Admin`  See http://multitheftauto.com/authserial
[2026-09-25 03:36:00] WARNING: <owner_email_address> not set
[2026-09-25 03:36:00] Server started and is ready to accept connections!
[2026-09-25 03:36:00] To stop the server, type 'shutdown' or press Ctrl-C
[2026-09-25 03:36:00] Type 'help' for a list of commands.
[2026-09-25 03:36:04] INFO: [WEATHER] / Line 57 / SQL Settings for weather successfully altered.
==================================================================
= Multi Theft Auto: San Andreas v1.6
==================================================================
= Server name      : Direct Backup V3
= Server IP address: auto
= Server port      : 22221
= 
= Log file         : ../MTA/server/mods/deathmatch/logs/server.log
= Maximum players  : 32
= HTTP port        : 22221
= Voice Chat       : Disabled
= Bandwidth saving : None
==================================================================
[2026-09-25 03:36:52] WARNING: Ignoring duplicate client file in resource 'vrp': 'Imagens/Fundo.png'
[2026-09-25 03:36:52] Resources: 161 loaded, 0 failed
[2026-09-25 03:36:52] Starting resources...
[2026-09-25 03:36:52] [MYSQL] Connected to database 'pdz' at 127.0.0.1:3306
[2026-09-25 03:36:52] Server minclientversion is now 1.6.0-9.24109.0
[2026-09-25 03:36:52] WARNING: hud/c_overlay_top_right.lua(Line 106) [Client] getControlState is deprecated and may not work in future versions. Please replace with getPedControlState.
[2026-09-25 03:36:52] WARNING: hud/c_overlay_bottom_center.lua(Line 90) [Client] getControlState is deprecated and may not work in future versions. Please replace with getPedControlState.
[2026-09-25 03:36:52] Some files in 'hud' use deprecated functions.
[2026-09-25 03:36:52] Use the 'upgrade' command to perform a basic upgrade of resources.
[2026-09-25 03:36:53] WARNING: account/c_main.lua(Line 5) [Client] showPlayerHudComponent is deprecated and may not work in future versions. Please replace with setPlayerHudComponentVisible.
[2026-09-25 03:36:53] WARNING: account/c_main.lua(Line 7) [Client] showPlayerHudComponent is deprecated and may not work in future versions. Please replace with setPlayerHudComponentVisible.
[2026-09-25 03:36:53] WARNING: account/c_main.lua(Line 9) [Client] showPlayerHudComponent is deprecated and may not work in future versions. Please replace with setPlayerHudComponentVisible.
[2026-09-25 03:36:53] WARNING: account/c_main.lua(Line 11) [Client] showPlayerHudComponent is deprecated and may not work in future versions. Please replace with setPlayerHudComponentVisible.
[2026-09-25 03:36:53] WARNING: account/c_main.lua(Line 13) [Client] showPlayerHudComponent is deprecated and may not work in future versions. Please replace with setPlayerHudComponentVisible.
[2026-09-25 03:36:53] WARNING: account/c_main.lua(Line 15) [Client] showPlayerHudComponent is deprecated and may not work in future versions. Please replace with setPlayerHudComponentVisible.
[2026-09-25 03:36:53] WARNING: account/c_main.lua(Line 17) [Client] showPlayerHudComponent is deprecated and may not work in future versions. Please replace with setPlayerHudComponentVisible.
[2026-09-25 03:36:53] WARNING: account/c_main.lua(Line 19) [Client] showPlayerHudComponent is deprecated and may not work in future versions. Please replace with setPlayerHudComponentVisible.
[2026-09-25 03:36:53] WARNING: account/c_main.lua(Line 21) [Client] showPlayerHudComponent is deprecated and may not work in future versions. Please replace with setPlayerHudComponentVisible.
[2026-09-25 03:36:53] WARNING: account/c_main.lua(Line 23) [Client] showPlayerHudComponent is deprecated and may not work in future versions. Please replace with setPlayerHudComponentVisible.
[2026-09-25 03:36:53] WARNING: account/c_main.lua(Line 25) [Client] showPlayerHudComponent is deprecated and may not work in future versions. Please replace with setPlayerHudComponentVisible.
[2026-09-25 03:36:53] WARNING: account/c_characters.lua(Line 13) [Client] showPlayerHudComponent is deprecated and may not work in future versions. Please replace with setPlayerHudComponentVisible.
[2026-09-25 03:36:53] WARNING: account/c_options.lua(Line 519) [Client] setControlState is deprecated and may not work in future versions. Please replace with setPedControlState.
[2026-09-25 03:36:53] Some files in 'account' use deprecated functions.
[2026-09-25 03:36:53] Use the 'upgrade' command to perform a basic upgrade of resources.
[2026-09-25 03:36:53] WARNING: account\s_main.lua:77: Attempt to restart a stopped resource
[2026-09-25 03:36:53] ERROR: Couldn't find resource admin. Check it exists.
[2026-09-25 03:36:53] ERROR: Couldn't find resource serialwhitelist. Check it exists.
[2026-09-25 03:36:53] WARNING: admin-system/Player/s_teleport.lua(Line 123) [Server] setVehicleTurnVelocity is deprecated and may not work in future versions. Please replace with setElementAngularVelocity.
[2026-09-25 03:36:53] WARNING: admin-system/Player/s_teleport.lua(Line 313) [Server] setVehicleTurnVelocity is deprecated and may not work in future versions. Please replace with setElementAngularVelocity.
[2026-09-25 03:36:53] WARNING: admin-system/Player/s_teleport.lua(Line 534) [Server] setVehicleTurnVelocity is deprecated and may not work in future versions. Please replace with setElementAngularVelocity.
[2026-09-25 03:36:53] WARNING: admin-system/Player/s_teleport.lua(Line 792) [Server] setVehicleTurnVelocity is deprecated and may not work in future versions. Please replace with setElementAngularVelocity.
[2026-09-25 03:36:53] WARNING: admin-system/Player/s_teleport.lua(Line 1176) [Server] setVehicleTurnVelocity is deprecated and may not work in future versions. Please replace with setElementAngularVelocity.
[2026-09-25 03:36:53] WARNING: admin-system/Player/s_teleport.lua(Line 1326) [Server] setVehicleTurnVelocity is deprecated and may not work in future versions. Please replace with setElementAngularVelocity.
[2026-09-25 03:36:53] WARNING: admin-system/c_overlay.lua(Line 460) [Client] getControlState is deprecated and may not work in future versions. Please replace with getPedControlState.
[2026-09-25 03:36:53] Some files in 'admin-system' use deprecated functions.
[2026-09-25 03:36:53] Use the 'upgrade' command to perform a basic upgrade of resources.
[2026-09-25 03:36:53] Server password cleared
[2026-09-25 03:36:53] WARNING: driveby/driveby_client.lua(Line 1024) [Client] setControlState is deprecated and may not work in future versions. Please replace with setPedControlState.
[2026-09-25 03:36:53] Some files in 'driveby' use deprecated functions.
[2026-09-25 03:36:53] Use the 'upgrade' command to perform a basic upgrade of resources.
[2026-09-25 03:36:53] WARNING: elevator-system/s_elevator_system.lua(Line 1445) [Server] setVehicleTurnVelocity is deprecated and may not work in future versions. Please replace with setElementAngularVelocity.
[2026-09-25 03:36:53] WARNING: elevator-system/s_elevator_system.lua(Line 1553) [Server] setVehicleTurnVelocity is deprecated and may not work in future versions. Please replace with setElementAngularVelocity.
[2026-09-25 03:36:53] Some files in 'elevator-system' use deprecated functions.
[2026-09-25 03:36:53] Use the 'upgrade' command to perform a basic upgrade of resources.
[2026-09-25 03:36:53] ERROR: faction-system\s_faction_admin.lua:1519: attempt to index local 'maxrow' (a boolean value)
[2026-09-25 03:36:53] WARNING: fuel-system/s_fuel_peds.lua(Line 2522) [Server] setVehicleTurnVelocity is deprecated and may not work in future versions. Please replace with setElementAngularVelocity.
[2026-09-25 03:36:53] Some files in 'fuel-system' use deprecated functions.
[2026-09-25 03:36:53] Use the 'upgrade' command to perform a basic upgrade of resources.
[2026-09-25 03:36:53] Please wait...
[2026-09-25 03:36:54] WARNING: heligrab/c_heli.lua(Line 756) [Client] getControlState is deprecated and may not work in future versions. Please replace with getPedControlState.
[2026-09-25 03:36:54] Some files in 'heligrab' use deprecated functions.
[2026-09-25 03:36:54] Use the 'upgrade' command to perform a basic upgrade of resources.
[2026-09-25 03:36:54] WARNING: interior-system/blips_s.lua [Server] is encoded in ANSI instead of UTF-8.  Please convert your file to UTF-8.
[2026-09-25 03:36:54] Some files in 'interior-system' use deprecated functions.
[2026-09-25 03:36:54] Use the 'upgrade' command to perform a basic upgrade of resources.
[2026-09-25 03:36:54] WARNING: Script 'interior-system\blips_s.lua' is not encoded in UTF-8.  Loading as ANSI...
[2026-09-25 03:36:54] SCRIPT ERROR: interior-system\blips_s.lua:1: unexpected symbol near 'char(28)'
[2026-09-25 03:36:54] ERROR: Loading script failed: interior-system\blips_s.lua:1: unexpected symbol near 'char(28)'
[2026-09-25 03:36:54] WARNING: item-system/s_inventory.lua [Server] is encoded in ANSI instead of UTF-8.  Please convert your file to UTF-8.
[2026-09-25 03:36:54] WARNING: item-system/c_itemchange.lua(Line 9) [Client] showPlayerHudComponent is deprecated and may not work in future versions. Please replace with setPlayerHudComponentVisible.
[2026-09-25 03:36:54] WARNING: item-system/c_itemchange.lua(Line 13) [Client] showPlayerHudComponent is deprecated and may not work in future versions. Please replace with setPlayerHudComponentVisible.
[2026-09-25 03:36:54] Some files in 'item-system' use deprecated functions.
[2026-09-25 03:36:54] Use the 'upgrade' command to perform a basic upgrade of resources.
[2026-09-25 03:36:54] WARNING: Script 'item-system\s_inventory.lua' is not encoded in UTF-8.  Loading as ANSI...
[2026-09-25 03:36:54] SCRIPT ERROR: item-system\s_inventory.lua:1: unexpected symbol near 'char(28)'
[2026-09-25 03:36:54] ERROR: Loading script failed: item-system\s_inventory.lua:1: unexpected symbol near 'char(28)'
[2026-09-25 03:36:54] WARNING: item-texture\s_itemtexture.lua:173: Bad argument @ 'getElementsByType' [Expected element at argument 2, got boolean]
[2026-09-25 03:36:54] ERROR: item-texture\s_itemtexture.lua:189: attempt to get length of local 'worldItems' (a boolean value)
[2026-09-25 03:36:54] INFO: [ITEM WORLD] Loading 0 world items will be finished in approximately 0.05 seconds.
[2026-09-25 03:36:54] WARNING: job-system-trucker/s_trucker_job.lua(Line 2690) [Server] setVehicleTurnVelocity is deprecated and may not work in future versions. Please replace with setElementAngularVelocity.
[2026-09-25 03:36:54] WARNING: job-system-trucker/s_trucker_job.lua(Line 2750) [Server] setVehicleTurnVelocity is deprecated and may not work in future versions. Please replace with setElementAngularVelocity.
[2026-09-25 03:36:54] WARNING: job-system-trucker/s_trucker_job.lua(Line 2810) [Server] setVehicleTurnVelocity is deprecated and may not work in future versions. Please replace with setElementAngularVelocity.
[2026-09-25 03:36:54] WARNING: job-system-trucker/s_trucker_job.lua(Line 2870) [Server] setVehicleTurnVelocity is deprecated and may not work in future versions. Please replace with setElementAngularVelocity.
[2026-09-25 03:36:54] WARNING: job-system-trucker/c_overlay.lua(Line 1166) [Client] getControlState is deprecated and may not work in future versions. Please replace with getPedControlState.
[2026-09-25 03:36:54] WARNING: job-system-trucker/s_marker.lua [Server] is encoded in ANSI instead of UTF-8.  Please convert your file to UTF-8.
[2026-09-25 03:36:54] Some files in 'job-system-trucker' use deprecated functions.
[2026-09-25 03:36:54] Use the 'upgrade' command to perform a basic upgrade of resources.
[2026-09-25 03:36:54] WARNING: Script 'job-system-trucker\s_marker.lua' is not encoded in UTF-8.  Loading as ANSI...
[2026-09-25 03:36:54] SCRIPT ERROR: job-system-trucker\s_marker.lua:1: unexpected symbol near 'char(28)'
[2026-09-25 03:36:54] ERROR: Loading script failed: job-system-trucker\s_marker.lua:1: unexpected symbol near 'char(28)'
[2026-09-25 03:36:54] INFO: [JOB-SYSTEM-TRUCKER] Fetched 2 actual orders sucessfully from SQL
[2026-09-25 03:36:54] WARNING: pd-system/c_policedeagle.lua(Line 437) [Client] getControlState is deprecated and may not work in future versions. Please replace with getPedControlState.
[2026-09-25 03:36:54] WARNING: pd-system/c_policeshotgun.lua(Line 331) [Client] getControlState is deprecated and may not work in future versions. Please replace with getPedControlState.
[2026-09-25 03:36:54] Some files in 'pd-system' use deprecated functions.
[2026-09-25 03:36:54] Use the 'upgrade' command to perform a basic upgrade of resources.
[2026-09-25 03:36:54] ERROR: Couldn't find resource fbi-system. Check it exists.
[2026-09-25 03:36:54] WARNING: realism-system/c_backup_bleepers.lua(Line 333) [Client] getControlState is deprecated and may not work in future versions. Please replace with getPedControlState.
[2026-09-25 03:36:54] WARNING: realism-system/c_cruise_control.lua(Line 141) [Client] setControlState is deprecated and may not work in future versions. Please replace with setPedControlState.
[2026-09-25 03:36:54] WARNING: realism-system/c_cruise_control.lua(Line 149) [Client] setControlState is deprecated and may not work in future versions. Please replace with setPedControlState.
[2026-09-25 03:36:54] WARNING: realism-system/c_cruise_control.lua(Line 201) [Client] setControlState is deprecated and may not work in future versions. Please replace with setPedControlState.
[2026-09-25 03:36:54] WARNING: realism-system/c_fpview.lua(Line 439) [Client] getControlState is deprecated and may not work in future versions. Please replace with getPedControlState.
[2026-09-25 03:36:54] WARNING: realism-system/c_fpview.lua(Line 451) [Client] getControlState is deprecated and may not work in future versions. Please replace with getPedControlState.
[2026-09-25 03:36:54] WARNING: realism-system/c_fpview.lua(Line 463) [Client] getControlState is deprecated and may not work in future versions. Please replace with getPedControlState.
[2026-09-25 03:36:54] WARNING: realism-system/c_heli_rotors.lua(Line 17) [Client] getHelicopterRotorSpeed is deprecated and may not work in future versions. Please replace with getVehicleRotorSpeed.
[2026-09-25 03:36:54] WARNING: realism-system/c_heli_rotors.lua(Line 21) [Client] getHelicopterRotorSpeed is deprecated and may not work in future versions. Please replace with getVehicleRotorSpeed.
[2026-09-25 03:36:54] WARNING: realism-system/c_heli_rotors.lua(Line 25) [Client] setHelicopterRotorSpeed is deprecated and may not work in future versions. Please replace with setVehicleRotorSpeed.
[2026-09-25 03:36:54] WARNING: realism-system/c_carrealism.lua(Line 353) [Client] getControlState is deprecated and may not work in future versions. Please replace with getPedControlState.
[2026-09-25 03:36:54] WARNING: realism-system/handbrake_c.lua(Line 217) [Client] getControlState is deprecated and may not work in future versions. Please replace with getPedControlState.
[2026-09-25 03:36:54] WARNING: realism-system/handbrake_c.lua(Line 221) [Client] setControlState is deprecated and may not work in future versions. Please replace with setPedControlState.
[2026-09-25 03:36:54] Some files in 'realism-system' use deprecated functions.
[2026-09-25 03:36:54] Use the 'upgrade' command to perform a basic upgrade of resources.
[2026-09-25 03:36:54] WARNING: report-system/c_external_report_box.lua(Line 265) [Client] getControlState is deprecated and may not work in future versions. Please replace with getPedControlState.
[2026-09-25 03:36:54] WARNING: report-system/c_top_right_box.lua(Line 84) [Client] getControlState is deprecated and may not work in future versions. Please replace with getPedControlState.
[2026-09-25 03:36:54] Some files in 'report-system' use deprecated functions.
[2026-09-25 03:36:54] Use the 'upgrade' command to perform a basic upgrade of resources.
[2026-09-25 03:36:54] INFO: Loaded 0 reports.
[2026-09-25 03:36:54] WARNING: scoreboard/c_tab.lua(Line 404) [Client] getControlState is deprecated and may not work in future versions. Please replace with getPedControlState.
[2026-09-25 03:36:54] Some files in 'scoreboard' use deprecated functions.
[2026-09-25 03:36:54] Use the 'upgrade' command to perform a basic upgrade of resources.
[2026-09-25 03:36:54] WARNING: shop-system/s_generalshop_system.lua(Line 672) [Server] setVehicleTurnVelocity is deprecated and may not work in future versions. Please replace with setElementAngularVelocity.
[2026-09-25 03:36:54] Some files in 'shop-system' use deprecated functions.
[2026-09-25 03:36:54] Use the 'upgrade' command to perform a basic upgrade of resources.
[2026-09-25 03:36:54] WARNING: spike-system/c_spikes.lua(Line 93) [Client] getVehicleTurnVelocity is deprecated and may not work in future versions. Please replace with getElementAngularVelocity.
[2026-09-25 03:36:54] WARNING: spike-system/c_spikes.lua(Line 97) [Client] setVehicleTurnVelocity is deprecated and may not work in future versions. Please replace with setElementAngularVelocity.
[2026-09-25 03:36:54] Some files in 'spike-system' use deprecated functions.
[2026-09-25 03:36:54] Use the 'upgrade' command to perform a basic upgrade of resources.
[2026-09-25 03:36:55] WARNING: vehicle-interiors/s_vehicle_interiors.lua(Line 1936) [Server] setVehicleTurnVelocity is deprecated and may not work in future versions. Please replace with setElementAngularVelocity.
[2026-09-25 03:36:55] Some files in 'vehicle-interiors' use deprecated functions.
[2026-09-25 03:36:55] Use the 'upgrade' command to perform a basic upgrade of resources.
[2026-09-25 03:36:55] WARNING: superman/c_superman.lua(Line 1352) [Client] getControlState is deprecated and may not work in future versions. Please replace with getPedControlState.
[2026-09-25 03:36:55] WARNING: superman/c_superman.lua(Line 1391) [Client] getControlState is deprecated and may not work in future versions. Please replace with getPedControlState.
[2026-09-25 03:36:55] WARNING: superman/c_superman.lua(Line 1399) [Client] getControlState is deprecated and may not work in future versions. Please replace with getPedControlState.
[2026-09-25 03:36:55] WARNING: superman/c_superman.lua(Line 1415) [Client] getControlState is deprecated and may not work in future versions. Please replace with getPedControlState.
[2026-09-25 03:36:55] WARNING: superman/c_superman.lua(Line 1423) [Client] getControlState is deprecated and may not work in future versions. Please replace with getPedControlState.
[2026-09-25 03:36:55] WARNING: superman/c_superman.lua(Line 1459) [Client] getControlState is deprecated and may not work in future versions. Please replace with getPedControlState.
[2026-09-25 03:36:55] WARNING: superman/c_superman.lua(Line 1487) [Client] getControlState is deprecated and may not work in future versions. Please replace with getPedControlState.
[2026-09-25 03:36:55] WARNING: superman/c_superman.lua(Line 1499) [Client] getControlState is deprecated and may not work in future versions. Please replace with getPedControlState.
[2026-09-25 03:36:55] WARNING: superman/c_superman.lua(Line 2094) [Client] getControlState is deprecated and may not work in future versions. Please replace with getPedControlState.
[2026-09-25 03:36:55] Some files in 'superman' use deprecated functions.
[2026-09-25 03:36:55] Use the 'upgrade' command to perform a basic upgrade of resources.
[2026-09-25 03:36:55] WARNING: gate-manager/s_gate_manager.lua(Line 802) [Server] setVehicleTurnVelocity is deprecated and may not work in future versions. Please replace with setElementAngularVelocity.
[2026-09-25 03:36:55] Some files in 'gate-manager' use deprecated functions.
[2026-09-25 03:36:55] Use the 'upgrade' command to perform a basic upgrade of resources.
[2026-09-25 03:36:56] ERROR: Couldn't find resource hardwaresurvey. Check it exists.
[2026-09-25 03:36:56] WARNING: sfia/s_airtrack.lua(Line 227) [Server] showPlayerHudComponent is deprecated and may not work in future versions. Please replace with setPlayerHudComponentVisible.
[2026-09-25 03:36:56] WARNING: sfia/s_airtrack.lua(Line 263) [Server] showPlayerHudComponent is deprecated and may not work in future versions. Please replace with setPlayerHudComponentVisible.
[2026-09-25 03:36:56] Some files in 'sfia' use deprecated functions.
[2026-09-25 03:36:56] Use the 'upgrade' command to perform a basic upgrade of resources.
[2026-09-25 03:36:56] WARNING: vehicle-manager/s_vehicle_commands.lua(Line 789) [Server] setVehicleTurnVelocity is deprecated and may not work in future versions. Please replace with setElementAngularVelocity.
[2026-09-25 03:36:56] Some files in 'vehicle-manager' use deprecated functions.
[2026-09-25 03:36:56] Use the 'upgrade' command to perform a basic upgrade of resources.
[2026-09-25 03:36:56] INFO: Loaded 0 texture records for all interiors in 0ms
[2026-09-25 03:36:56] WARNING: announcement/client.lua(Line 76) [Client] getControlState is deprecated and may not work in future versions. Please replace with getPedControlState.
[2026-09-25 03:36:56] Some files in 'announcement' use deprecated functions.
[2026-09-25 03:36:56] Use the 'upgrade' command to perform a basic upgrade of resources.
[2026-09-25 03:36:56] ERROR: Couldn't find resource shader_car_paint. Check it exists.
[2026-09-25 03:36:56] ERROR: Couldn't find resource shader_water. Check it exists.
[2026-09-25 03:36:56] ERROR: Couldn't find resource astro-clothing. Check it exists.
[2026-09-25 03:36:56] INFO: LeFire Script loaded ...
[2026-09-25 03:36:56] ERROR: clubtec\s_clubtec.lua:37: exports: Call to non-running server resource (fakevideo) [string "?"]
[2026-09-25 03:36:56] INFO: Loaded 0 animated texture records in 0ms
[2026-09-25 03:36:56] INFO: PRISON-SYSTEM: Loaded 24 cell gates from s_gates.lua
[2026-09-25 03:36:56] ERROR: Couldn't find resource shader_lights. Check it exists.
[2026-09-25 03:36:56] ERROR: Couldn't find resource hdradar. Check it exists.
[2026-09-25 03:36:56] ERROR: Couldn't find resource w-job. Check it exists.
[2026-09-25 03:36:56] ERROR: Couldn't find resource farmarjob. Check it exists.
[2026-09-25 03:36:56] WARNING: vrp/client.lua(Line 246) [Client] showPlayerHudComponent is deprecated and may not work in future versions. Please replace with setPlayerHudComponentVisible.
[2026-09-25 03:36:56] Some files in 'vrp' use deprecated functions.
[2026-09-25 03:36:56] Use the 'upgrade' command to perform a basic upgrade of resources.
[2026-09-25 03:36:56] Querying MTA master server... success! (Auto detected IP:129.224.207.135)
[2026-09-25 03:36:56] Authorized serial account protection is enabled for the ACL group(s): `Admin`  See http://multitheftauto.com/authserial
[2026-09-25 03:36:56] WARNING: <owner_email_address> not set
[2026-09-25 03:36:56] Server started and is ready to accept connections!
[2026-09-25 03:36:56] To stop the server, type 'shutdown' or press Ctrl-C
[2026-09-25 03:36:56] Type 'help' for a list of commands.
[2026-09-25 03:37:00] INFO: [WEATHER] / Line 57 / SQL Settings for weather successfully altered.
[2026-09-25 03:37:23] INFO: [ELEVATOR] Spawning 0 elevators will be finished in approx. 0 seconds.
[2026-09-25 03:37:54] Stopping item-texture
[2026-09-25 03:37:54] Starting item-texture
[2026-09-25 03:37:54] INFO: item-texture: Loading textures for 0 world items
[2026-09-25 03:37:54] INFO: item-texture: 0 clients waiting on initial sync.
[2026-09-25 03:37:54] INFO: item-texture: 0 textured elements were added for initial sync.
[2026-09-25 03:37:54] item-texture restarted successfully
==================================================================
= Multi Theft Auto: San Andreas v1.6
==================================================================
= Server name      : Direct Backup V3
= Server IP address: auto
= Server port      : 22221
= 
= Log file         : ../MTA/server/mods/deathmatch/logs/server.log
= Maximum players  : 32
= HTTP port        : 22221
= Voice Chat       : Disabled
= Bandwidth saving : None
==================================================================
[2026-09-25 03:38:42] WARNING: Ignoring duplicate client file in resource 'vrp': 'Imagens/Fundo.png'
[2026-09-25 03:38:42] Resources: 161 loaded, 0 failed
[2026-09-25 03:38:42] Starting resources...
[2026-09-25 03:38:42] [MYSQL] Connected to database 'pdz' at 127.0.0.1:3306
[2026-09-25 03:38:42] Server minclientversion is now 1.6.0-9.24109.0
[2026-09-25 03:38:42] WARNING: hud/c_overlay_top_right.lua(Line 106) [Client] getControlState is deprecated and may not work in future versions. Please replace with getPedControlState.
[2026-09-25 03:38:42] WARNING: hud/c_overlay_bottom_center.lua(Line 90) [Client] getControlState is deprecated and may not work in future versions. Please replace with getPedControlState.
[2026-09-25 03:38:42] Some files in 'hud' use deprecated functions.
[2026-09-25 03:38:42] Use the 'upgrade' command to perform a basic upgrade of resources.
[2026-09-25 03:38:43] WARNING: account/c_main.lua(Line 5) [Client] showPlayerHudComponent is deprecated and may not work in future versions. Please replace with setPlayerHudComponentVisible.
[2026-09-25 03:38:43] WARNING: account/c_main.lua(Line 7) [Client] showPlayerHudComponent is deprecated and may not work in future versions. Please replace with setPlayerHudComponentVisible.
[2026-09-25 03:38:43] WARNING: account/c_main.lua(Line 9) [Client] showPlayerHudComponent is deprecated and may not work in future versions. Please replace with setPlayerHudComponentVisible.
[2026-09-25 03:38:43] WARNING: account/c_main.lua(Line 11) [Client] showPlayerHudComponent is deprecated and may not work in future versions. Please replace with setPlayerHudComponentVisible.
[2026-09-25 03:38:43] WARNING: account/c_main.lua(Line 13) [Client] showPlayerHudComponent is deprecated and may not work in future versions. Please replace with setPlayerHudComponentVisible.
[2026-09-25 03:38:43] WARNING: account/c_main.lua(Line 15) [Client] showPlayerHudComponent is deprecated and may not work in future versions. Please replace with setPlayerHudComponentVisible.
[2026-09-25 03:38:43] WARNING: account/c_main.lua(Line 17) [Client] showPlayerHudComponent is deprecated and may not work in future versions. Please replace with setPlayerHudComponentVisible.
[2026-09-25 03:38:43] WARNING: account/c_main.lua(Line 19) [Client] showPlayerHudComponent is deprecated and may not work in future versions. Please replace with setPlayerHudComponentVisible.
[2026-09-25 03:38:43] WARNING: account/c_main.lua(Line 21) [Client] showPlayerHudComponent is deprecated and may not work in future versions. Please replace with setPlayerHudComponentVisible.
[2026-09-25 03:38:43] WARNING: account/c_main.lua(Line 23) [Client] showPlayerHudComponent is deprecated and may not work in future versions. Please replace with setPlayerHudComponentVisible.
[2026-09-25 03:38:43] WARNING: account/c_main.lua(Line 25) [Client] showPlayerHudComponent is deprecated and may not work in future versions. Please replace with setPlayerHudComponentVisible.
[2026-09-25 03:38:43] WARNING: account/c_characters.lua(Line 13) [Client] showPlayerHudComponent is deprecated and may not work in future versions. Please replace with setPlayerHudComponentVisible.
[2026-09-25 03:38:43] WARNING: account/c_options.lua(Line 519) [Client] setControlState is deprecated and may not work in future versions. Please replace with setPedControlState.
[2026-09-25 03:38:43] Some files in 'account' use deprecated functions.
[2026-09-25 03:38:43] Use the 'upgrade' command to perform a basic upgrade of resources.
[2026-09-25 03:38:43] ERROR: Couldn't find resource admin. Check it exists.
[2026-09-25 03:38:43] ERROR: Couldn't find resource serialwhitelist. Check it exists.
[2026-09-25 03:38:43] WARNING: admin-system/Player/s_teleport.lua(Line 123) [Server] setVehicleTurnVelocity is deprecated and may not work in future versions. Please replace with setElementAngularVelocity.
[2026-09-25 03:38:43] WARNING: admin-system/Player/s_teleport.lua(Line 313) [Server] setVehicleTurnVelocity is deprecated and may not work in future versions. Please replace with setElementAngularVelocity.
[2026-09-25 03:38:43] WARNING: admin-system/Player/s_teleport.lua(Line 534) [Server] setVehicleTurnVelocity is deprecated and may not work in future versions. Please replace with setElementAngularVelocity.
[2026-09-25 03:38:43] WARNING: admin-system/Player/s_teleport.lua(Line 792) [Server] setVehicleTurnVelocity is deprecated and may not work in future versions. Please replace with setElementAngularVelocity.
[2026-09-25 03:38:43] WARNING: admin-system/Player/s_teleport.lua(Line 1176) [Server] setVehicleTurnVelocity is deprecated and may not work in future versions. Please replace with setElementAngularVelocity.
[2026-09-25 03:38:43] WARNING: admin-system/Player/s_teleport.lua(Line 1326) [Server] setVehicleTurnVelocity is deprecated and may not work in future versions. Please replace with setElementAngularVelocity.
[2026-09-25 03:38:43] WARNING: admin-system/c_overlay.lua(Line 460) [Client] getControlState is deprecated and may not work in future versions. Please replace with getPedControlState.
[2026-09-25 03:38:43] Some files in 'admin-system' use deprecated functions.
[2026-09-25 03:38:43] Use the 'upgrade' command to perform a basic upgrade of resources.
[2026-09-25 03:38:43] Server password cleared
[2026-09-25 03:38:43] WARNING: driveby/driveby_client.lua(Line 1024) [Client] setControlState is deprecated and may not work in future versions. Please replace with setPedControlState.
[2026-09-25 03:38:43] Some files in 'driveby' use deprecated functions.
[2026-09-25 03:38:43] Use the 'upgrade' command to perform a basic upgrade of resources.
[2026-09-25 03:38:43] WARNING: elevator-system/s_elevator_system.lua(Line 1445) [Server] setVehicleTurnVelocity is deprecated and may not work in future versions. Please replace with setElementAngularVelocity.
[2026-09-25 03:38:43] WARNING: elevator-system/s_elevator_system.lua(Line 1553) [Server] setVehicleTurnVelocity is deprecated and may not work in future versions. Please replace with setElementAngularVelocity.
[2026-09-25 03:38:43] Some files in 'elevator-system' use deprecated functions.
[2026-09-25 03:38:43] Use the 'upgrade' command to perform a basic upgrade of resources.
[2026-09-25 03:38:43] WARNING: fuel-system/s_fuel_peds.lua(Line 2522) [Server] setVehicleTurnVelocity is deprecated and may not work in future versions. Please replace with setElementAngularVelocity.
[2026-09-25 03:38:43] Some files in 'fuel-system' use deprecated functions.
[2026-09-25 03:38:43] Use the 'upgrade' command to perform a basic upgrade of resources.
[2026-09-25 03:38:43] Please wait...
[2026-09-25 03:38:44] WARNING: heligrab/c_heli.lua(Line 756) [Client] getControlState is deprecated and may not work in future versions. Please replace with getPedControlState.
[2026-09-25 03:38:44] Some files in 'heligrab' use deprecated functions.
[2026-09-25 03:38:44] Use the 'upgrade' command to perform a basic upgrade of resources.
[2026-09-25 03:38:44] WARNING: interior-system/blips_s.lua [Server] is encoded in ANSI instead of UTF-8.  Please convert your file to UTF-8.
[2026-09-25 03:38:44] Some files in 'interior-system' use deprecated functions.
[2026-09-25 03:38:44] Use the 'upgrade' command to perform a basic upgrade of resources.
[2026-09-25 03:38:44] WARNING: Script 'interior-system\blips_s.lua' is not encoded in UTF-8.  Loading as ANSI...
[2026-09-25 03:38:44] SCRIPT ERROR: interior-system\blips_s.lua:1: unexpected symbol near 'char(28)'
[2026-09-25 03:38:44] ERROR: Loading script failed: interior-system\blips_s.lua:1: unexpected symbol near 'char(28)'
[2026-09-25 03:38:44] WARNING: item-system/s_inventory.lua [Server] is encoded in ANSI instead of UTF-8.  Please convert your file to UTF-8.
[2026-09-25 03:38:44] WARNING: item-system/c_itemchange.lua(Line 9) [Client] showPlayerHudComponent is deprecated and may not work in future versions. Please replace with setPlayerHudComponentVisible.
[2026-09-25 03:38:44] WARNING: item-system/c_itemchange.lua(Line 13) [Client] showPlayerHudComponent is deprecated and may not work in future versions. Please replace with setPlayerHudComponentVisible.
[2026-09-25 03:38:44] Some files in 'item-system' use deprecated functions.
[2026-09-25 03:38:44] Use the 'upgrade' command to perform a basic upgrade of resources.
[2026-09-25 03:38:44] WARNING: Script 'item-system\s_inventory.lua' is not encoded in UTF-8.  Loading as ANSI...
[2026-09-25 03:38:44] SCRIPT ERROR: item-system\s_inventory.lua:1: unexpected symbol near 'char(28)'
[2026-09-25 03:38:44] ERROR: Loading script failed: item-system\s_inventory.lua:1: unexpected symbol near 'char(28)'
[2026-09-25 03:38:44] ERROR: item-world\g_permissions.lua:13: exports: Call to non-running server resource (item-texture) [string "?"]
[2026-09-25 03:38:44] INFO: [ITEM WORLD] Loading 0 world items will be finished in approximately 0.05 seconds.
[2026-09-25 03:38:44] INFO: item-texture: Loading textures for 0 world items
[2026-09-25 03:38:44] INFO: item-texture: 0 clients waiting on initial sync.
[2026-09-25 03:38:44] INFO: item-texture: 0 textured elements were added for initial sync.
[2026-09-25 03:38:44] WARNING: job-system-trucker/s_trucker_job.lua(Line 2690) [Server] setVehicleTurnVelocity is deprecated and may not work in future versions. Please replace with setElementAngularVelocity.
[2026-09-25 03:38:44] WARNING: job-system-trucker/s_trucker_job.lua(Line 2750) [Server] setVehicleTurnVelocity is deprecated and may not work in future versions. Please replace with setElementAngularVelocity.
[2026-09-25 03:38:44] WARNING: job-system-trucker/s_trucker_job.lua(Line 2810) [Server] setVehicleTurnVelocity is deprecated and may not work in future versions. Please replace with setElementAngularVelocity.
[2026-09-25 03:38:44] WARNING: job-system-trucker/s_trucker_job.lua(Line 2870) [Server] setVehicleTurnVelocity is deprecated and may not work in future versions. Please replace with setElementAngularVelocity.
[2026-09-25 03:38:44] WARNING: job-system-trucker/c_overlay.lua(Line 1166) [Client] getControlState is deprecated and may not work in future versions. Please replace with getPedControlState.
[2026-09-25 03:38:44] WARNING: job-system-trucker/s_marker.lua [Server] is encoded in ANSI instead of UTF-8.  Please convert your file to UTF-8.
[2026-09-25 03:38:44] Some files in 'job-system-trucker' use deprecated functions.
[2026-09-25 03:38:44] Use the 'upgrade' command to perform a basic upgrade of resources.
[2026-09-25 03:38:44] WARNING: Script 'job-system-trucker\s_marker.lua' is not encoded in UTF-8.  Loading as ANSI...
[2026-09-25 03:38:44] SCRIPT ERROR: job-system-trucker\s_marker.lua:1: unexpected symbol near 'char(28)'
[2026-09-25 03:38:44] ERROR: Loading script failed: job-system-trucker\s_marker.lua:1: unexpected symbol near 'char(28)'
[2026-09-25 03:38:44] INFO: [JOB-SYSTEM-TRUCKER] Fetched 2 actual orders sucessfully from SQL
[2026-09-25 03:38:44] WARNING: pd-system/c_policedeagle.lua(Line 437) [Client] getControlState is deprecated and may not work in future versions. Please replace with getPedControlState.
[2026-09-25 03:38:44] WARNING: pd-system/c_policeshotgun.lua(Line 331) [Client] getControlState is deprecated and may not work in future versions. Please replace with getPedControlState.
[2026-09-25 03:38:44] Some files in 'pd-system' use deprecated functions.
[2026-09-25 03:38:44] Use the 'upgrade' command to perform a basic upgrade of resources.
[2026-09-25 03:38:44] ERROR: Couldn't find resource fbi-system. Check it exists.
[2026-09-25 03:38:44] WARNING: realism-system/c_backup_bleepers.lua(Line 333) [Client] getControlState is deprecated and may not work in future versions. Please replace with getPedControlState.
[2026-09-25 03:38:44] WARNING: realism-system/c_cruise_control.lua(Line 141) [Client] setControlState is deprecated and may not work in future versions. Please replace with setPedControlState.
[2026-09-25 03:38:44] WARNING: realism-system/c_cruise_control.lua(Line 149) [Client] setControlState is deprecated and may not work in future versions. Please replace with setPedControlState.
[2026-09-25 03:38:44] WARNING: realism-system/c_cruise_control.lua(Line 201) [Client] setControlState is deprecated and may not work in future versions. Please replace with setPedControlState.
[2026-09-25 03:38:44] WARNING: realism-system/c_fpview.lua(Line 439) [Client] getControlState is deprecated and may not work in future versions. Please replace with getPedControlState.
[2026-09-25 03:38:44] WARNING: realism-system/c_fpview.lua(Line 451) [Client] getControlState is deprecated and may not work in future versions. Please replace with getPedControlState.
[2026-09-25 03:38:44] WARNING: realism-system/c_fpview.lua(Line 463) [Client] getControlState is deprecated and may not work in future versions. Please replace with getPedControlState.
[2026-09-25 03:38:44] WARNING: realism-system/c_heli_rotors.lua(Line 17) [Client] getHelicopterRotorSpeed is deprecated and may not work in future versions. Please replace with getVehicleRotorSpeed.
[2026-09-25 03:38:44] WARNING: realism-system/c_heli_rotors.lua(Line 21) [Client] getHelicopterRotorSpeed is deprecated and may not work in future versions. Please replace with getVehicleRotorSpeed.
[2026-09-25 03:38:44] WARNING: realism-system/c_heli_rotors.lua(Line 25) [Client] setHelicopterRotorSpeed is deprecated and may not work in future versions. Please replace with setVehicleRotorSpeed.
[2026-09-25 03:38:44] WARNING: realism-system/c_carrealism.lua(Line 353) [Client] getControlState is deprecated and may not work in future versions. Please replace with getPedControlState.
[2026-09-25 03:38:44] WARNING: realism-system/handbrake_c.lua(Line 217) [Client] getControlState is deprecated and may not work in future versions. Please replace with getPedControlState.
[2026-09-25 03:38:44] WARNING: realism-system/handbrake_c.lua(Line 221) [Client] setControlState is deprecated and may not work in future versions. Please replace with setPedControlState.
[2026-09-25 03:38:44] Some files in 'realism-system' use deprecated functions.
[2026-09-25 03:38:44] Use the 'upgrade' command to perform a basic upgrade of resources.
[2026-09-25 03:38:44] WARNING: report-system/c_external_report_box.lua(Line 265) [Client] getControlState is deprecated and may not work in future versions. Please replace with getPedControlState.
[2026-09-25 03:38:44] WARNING: report-system/c_top_right_box.lua(Line 84) [Client] getControlState is deprecated and may not work in future versions. Please replace with getPedControlState.
[2026-09-25 03:38:44] Some files in 'report-system' use deprecated functions.
[2026-09-25 03:38:44] Use the 'upgrade' command to perform a basic upgrade of resources.
[2026-09-25 03:38:44] INFO: Loaded 0 reports.
[2026-09-25 03:38:44] WARNING: scoreboard/c_tab.lua(Line 404) [Client] getControlState is deprecated and may not work in future versions. Please replace with getPedControlState.
[2026-09-25 03:38:44] Some files in 'scoreboard' use deprecated functions.
[2026-09-25 03:38:44] Use the 'upgrade' command to perform a basic upgrade of resources.
[2026-09-25 03:38:44] WARNING: shop-system/s_generalshop_system.lua(Line 672) [Server] setVehicleTurnVelocity is deprecated and may not work in future versions. Please replace with setElementAngularVelocity.
[2026-09-25 03:38:44] Some files in 'shop-system' use deprecated functions.
[2026-09-25 03:38:44] Use the 'upgrade' command to perform a basic upgrade of resources.
[2026-09-25 03:38:44] WARNING: spike-system/c_spikes.lua(Line 93) [Client] getVehicleTurnVelocity is deprecated and may not work in future versions. Please replace with getElementAngularVelocity.
[2026-09-25 03:38:44] WARNING: spike-system/c_spikes.lua(Line 97) [Client] setVehicleTurnVelocity is deprecated and may not work in future versions. Please replace with setElementAngularVelocity.
[2026-09-25 03:38:44] Some files in 'spike-system' use deprecated functions.
[2026-09-25 03:38:44] Use the 'upgrade' command to perform a basic upgrade of resources.
[2026-09-25 03:38:45] WARNING: vehicle-interiors/s_vehicle_interiors.lua(Line 1936) [Server] setVehicleTurnVelocity is deprecated and may not work in future versions. Please replace with setElementAngularVelocity.
[2026-09-25 03:38:45] Some files in 'vehicle-interiors' use deprecated functions.
[2026-09-25 03:38:45] Use the 'upgrade' command to perform a basic upgrade of resources.
[2026-09-25 03:38:45] WARNING: superman/c_superman.lua(Line 1352) [Client] getControlState is deprecated and may not work in future versions. Please replace with getPedControlState.
[2026-09-25 03:38:45] WARNING: superman/c_superman.lua(Line 1391) [Client] getControlState is deprecated and may not work in future versions. Please replace with getPedControlState.
[2026-09-25 03:38:45] WARNING: superman/c_superman.lua(Line 1399) [Client] getControlState is deprecated and may not work in future versions. Please replace with getPedControlState.
[2026-09-25 03:38:45] WARNING: superman/c_superman.lua(Line 1415) [Client] getControlState is deprecated and may not work in future versions. Please replace with getPedControlState.
[2026-09-25 03:38:45] WARNING: superman/c_superman.lua(Line 1423) [Client] getControlState is deprecated and may not work in future versions. Please replace with getPedControlState.
[2026-09-25 03:38:45] WARNING: superman/c_superman.lua(Line 1459) [Client] getControlState is deprecated and may not work in future versions. Please replace with getPedControlState.
[2026-09-25 03:38:45] WARNING: superman/c_superman.lua(Line 1487) [Client] getControlState is deprecated and may not work in future versions. Please replace with getPedControlState.
[2026-09-25 03:38:45] WARNING: superman/c_superman.lua(Line 1499) [Client] getControlState is deprecated and may not work in future versions. Please replace with getPedControlState.
[2026-09-25 03:38:45] WARNING: superman/c_superman.lua(Line 2094) [Client] getControlState is deprecated and may not work in future versions. Please replace with getPedControlState.
[2026-09-25 03:38:45] Some files in 'superman' use deprecated functions.
[2026-09-25 03:38:45] Use the 'upgrade' command to perform a basic upgrade of resources.
[2026-09-25 03:38:45] WARNING: gate-manager/s_gate_manager.lua(Line 802) [Server] setVehicleTurnVelocity is deprecated and may not work in future versions. Please replace with setElementAngularVelocity.
[2026-09-25 03:38:45] Some files in 'gate-manager' use deprecated functions.
[2026-09-25 03:38:45] Use the 'upgrade' command to perform a basic upgrade of resources.
[2026-09-25 03:38:46] ERROR: Couldn't find resource hardwaresurvey. Check it exists.
[2026-09-25 03:38:46] WARNING: sfia/s_airtrack.lua(Line 227) [Server] showPlayerHudComponent is deprecated and may not work in future versions. Please replace with setPlayerHudComponentVisible.
[2026-09-25 03:38:46] WARNING: sfia/s_airtrack.lua(Line 263) [Server] showPlayerHudComponent is deprecated and may not work in future versions. Please replace with setPlayerHudComponentVisible.
[2026-09-25 03:38:46] Some files in 'sfia' use deprecated functions.
[2026-09-25 03:38:46] Use the 'upgrade' command to perform a basic upgrade of resources.
[2026-09-25 03:38:46] WARNING: vehicle-manager/s_vehicle_commands.lua(Line 789) [Server] setVehicleTurnVelocity is deprecated and may not work in future versions. Please replace with setElementAngularVelocity.
[2026-09-25 03:38:46] Some files in 'vehicle-manager' use deprecated functions.
[2026-09-25 03:38:46] Use the 'upgrade' command to perform a basic upgrade of resources.
[2026-09-25 03:38:46] INFO: Loaded 0 texture records for all interiors in 0ms
[2026-09-25 03:38:46] WARNING: announcement/client.lua(Line 76) [Client] getControlState is deprecated and may not work in future versions. Please replace with getPedControlState.
[2026-09-25 03:38:46] Some files in 'announcement' use deprecated functions.
[2026-09-25 03:38:46] Use the 'upgrade' command to perform a basic upgrade of resources.
[2026-09-25 03:38:46] ERROR: Couldn't find resource shader_car_paint. Check it exists.
[2026-09-25 03:38:46] ERROR: Couldn't find resource shader_water. Check it exists.
[2026-09-25 03:38:46] ERROR: Couldn't find resource astro-clothing. Check it exists.
[2026-09-25 03:38:46] INFO: LeFire Script loaded ...
[2026-09-25 03:38:46] ERROR: clubtec\s_clubtec.lua:37: exports: Call to non-running server resource (fakevideo) [string "?"]
[2026-09-25 03:38:46] INFO: Loaded 0 animated texture records in 0ms
[2026-09-25 03:38:46] INFO: PRISON-SYSTEM: Loaded 24 cell gates from s_gates.lua
[2026-09-25 03:38:46] ERROR: Couldn't find resource shader_lights. Check it exists.
[2026-09-25 03:38:46] ERROR: Couldn't find resource hdradar. Check it exists.
[2026-09-25 03:38:46] ERROR: Couldn't find resource w-job. Check it exists.
[2026-09-25 03:38:46] ERROR: Couldn't find resource farmarjob. Check it exists.
[2026-09-25 03:38:46] WARNING: vrp/client.lua(Line 246) [Client] showPlayerHudComponent is deprecated and may not work in future versions. Please replace with setPlayerHudComponentVisible.
[2026-09-25 03:38:46] Some files in 'vrp' use deprecated functions.
[2026-09-25 03:38:46] Use the 'upgrade' command to perform a basic upgrade of resources.
[2026-09-25 03:38:46] Querying MTA master server... success! (Auto detected IP:185.225.40.32)
[2026-09-25 03:38:46] Authorized serial account protection is enabled for the ACL group(s): `Admin`  See http://multitheftauto.com/authserial
[2026-09-25 03:38:46] WARNING: <owner_email_address> not set
[2026-09-25 03:38:46] Server started and is ready to accept connections!
[2026-09-25 03:38:46] To stop the server, type 'shutdown' or press Ctrl-C
[2026-09-25 03:38:46] Type 'help' for a list of commands.
[2026-09-25 03:38:50] INFO: [WEATHER] / Line 57 / SQL Settings for weather successfully altered.
[2026-09-25 03:39:13] INFO: [ELEVATOR] Spawning 0 elevators will be finished in approx. 0 seconds.
[2026-09-25 03:39:44] Stopping item-texture
[2026-09-25 03:39:44] Starting item-texture
[2026-09-25 03:39:44] INFO: item-texture: Loading textures for 0 world items
[2026-09-25 03:39:44] INFO: item-texture: 0 clients waiting on initial sync.
[2026-09-25 03:39:44] INFO: item-texture: 0 textured elements were added for initial sync.
[2026-09-25 03:39:44] item-texture restarted successfully
[2026-09-25 03:43:44] WARNING: report-system\s_reports.lua:329: Bad argument @ 'getPlayersInTeam' [Expected team at argument 1, got nil]
[2026-09-25 03:43:44] ERROR: report-system\s_reports.lua:329: attempt to get length of a boolean value
[2026-09-25 03:48:44] INFO: [JOB-SYSTEM-TRUCKER] Fetched 0 actual orders sucessfully from SQL
[2026-09-25 03:48:50] WARNING: report-system\s_reports.lua:329: Bad argument @ 'getPlayersInTeam' [Expected team at argument 1, got nil]
[2026-09-25 03:48:50] ERROR: report-system\s_reports.lua:329: attempt to get length of a boolean value
[2026-09-25 03:53:44] WARNING: report-system\s_reports.lua:329: Bad argument @ 'getPlayersInTeam' [Expected team at argument 1, got nil]
[2026-09-25 03:53:44] ERROR: report-system\s_reports.lua:329: attempt to get length of a boolean value
[2026-09-25 03:58:44] INFO: [JOB-SYSTEM-TRUCKER] Fetched 0 actual orders sucessfully from SQL
[2026-09-25 03:58:50] WARNING: report-system\s_reports.lua:329: Bad argument @ 'getPlayersInTeam' [Expected team at argument 1, got nil]
[2026-09-25 03:58:50] ERROR: report-system\s_reports.lua:329: attempt to get length of a boolean value
[2026-09-25 04:03:44] WARNING: report-system\s_reports.lua:329: Bad argument @ 'getPlayersInTeam' [Expected team at argument 1, got nil]
[2026-09-25 04:03:44] ERROR: report-system\s_reports.lua:329: attempt to get length of a boolean value
[2026-09-25 04:07:50] INFO: [WEATHER] / Line 57 / SQL Settings for weather successfully altered.
[2026-09-25 04:08:44] INFO: [JOB-SYSTEM-TRUCKER] Fetched 0 actual orders sucessfully from SQL
[2026-09-25 04:08:50] WARNING: report-system\s_reports.lua:329: Bad argument @ 'getPlayersInTeam' [Expected team at argument 1, got nil]
[2026-09-25 04:08:50] ERROR: report-system\s_reports.lua:329: attempt to get length of a boolean value
[2026-09-25 04:13:44] WARNING: report-system\s_reports.lua:329: Bad argument @ 'getPlayersInTeam' [Expected team at argument 1, got nil]
[2026-09-25 04:13:44] ERROR: report-system\s_reports.lua:329: attempt to get length of a boolean value
[2026-09-25 04:18:44] INFO: [JOB-SYSTEM-TRUCKER] Fetched 0 actual orders sucessfully from SQL
[2026-09-25 04:18:50] WARNING: report-system\s_reports.lua:329: Bad argument @ 'getPlayersInTeam' [Expected team at argument 1, got nil]
[2026-09-25 04:18:50] ERROR: report-system\s_reports.lua:329: attempt to get length of a boolean value
[2026-09-25 04:23:45] WARNING: report-system\s_reports.lua:329: Bad argument @ 'getPlayersInTeam' [Expected team at argument 1, got nil]
[2026-09-25 04:23:45] ERROR: report-system\s_reports.lua:329: attempt to get length of a boolean value
[2026-09-25 04:28:44] INFO: [JOB-SYSTEM-TRUCKER] Fetched 0 actual orders sucessfully from SQL
[2026-09-25 04:28:50] WARNING: report-system\s_reports.lua:329: Bad argument @ 'getPlayersInTeam' [Expected team at argument 1, got nil]
[2026-09-25 04:28:50] ERROR: report-system\s_reports.lua:329: attempt to get length of a boolean value
[2026-09-25 04:33:45] WARNING: report-system\s_reports.lua:329: Bad argument @ 'getPlayersInTeam' [Expected team at argument 1, got nil]
[2026-09-25 04:33:45] ERROR: report-system\s_reports.lua:329: attempt to get length of a boolean value
[2026-09-25 04:38:44] INFO: [JOB-SYSTEM-TRUCKER] Fetched 0 actual orders sucessfully from SQL
[2026-09-25 04:38:44] INFO: WORLDSAVE INCOMING
[2026-09-25 04:38:44] INFO: [DATA] Saved Faction Drop NPC logs records.
[2026-09-25 04:38:45] WARNING: report-system\s_reports.lua:329: Bad argument @ 'getPlayersInTeam' [Expected team at argument 1, got nil]
[2026-09-25 04:38:45] ERROR: report-system\s_reports.lua:329: attempt to get length of a boolean value
[2026-09-25 04:43:45] WARNING: report-system\s_reports.lua:329: Bad argument @ 'getPlayersInTeam' [Expected team at argument 1, got nil]
[2026-09-25 04:43:45] ERROR: report-system\s_reports.lua:329: attempt to get length of a boolean value
==================================================================
= Multi Theft Auto: San Andreas v1.6
==================================================================
= Server name      : Direct Backup V3
= Server IP address: auto
= Server port      : 22221
= 
= Log file         : ../MTA/server/mods/deathmatch/logs/server.log
= Maximum players  : 32
= HTTP port        : 22221
= Voice Chat       : Disabled
= Bandwidth saving : None
==================================================================
[2026-09-25 04:45:24] WARNING: Ignoring duplicate client file in resource 'vrp': 'Imagens/Fundo.png'
[2026-09-25 04:45:24] Resources: 162 loaded, 0 failed
[2026-09-25 04:45:24] Starting resources...
[2026-09-25 04:45:24] [MYSQL] Connected to database 'pdz' at 127.0.0.1:3306
[2026-09-25 04:45:24] Server minclientversion is now 1.6.0-9.24109.0
[2026-09-25 04:45:24] WARNING: hud/c_overlay_top_right.lua(Line 106) [Client] getControlState is deprecated and may not work in future versions. Please replace with getPedControlState.
[2026-09-25 04:45:24] WARNING: hud/c_overlay_bottom_center.lua(Line 90) [Client] getControlState is deprecated and may not work in future versions. Please replace with getPedControlState.
[2026-09-25 04:45:24] Some files in 'hud' use deprecated functions.
[2026-09-25 04:45:24] Use the 'upgrade' command to perform a basic upgrade of resources.
[2026-09-25 04:45:25] WARNING: account/c_main.lua(Line 5) [Client] showPlayerHudComponent is deprecated and may not work in future versions. Please replace with setPlayerHudComponentVisible.
[2026-09-25 04:45:25] WARNING: account/c_main.lua(Line 7) [Client] showPlayerHudComponent is deprecated and may not work in future versions. Please replace with setPlayerHudComponentVisible.
[2026-09-25 04:45:25] WARNING: account/c_main.lua(Line 9) [Client] showPlayerHudComponent is deprecated and may not work in future versions. Please replace with setPlayerHudComponentVisible.
[2026-09-25 04:45:25] WARNING: account/c_main.lua(Line 11) [Client] showPlayerHudComponent is deprecated and may not work in future versions. Please replace with setPlayerHudComponentVisible.
[2026-09-25 04:45:25] WARNING: account/c_main.lua(Line 13) [Client] showPlayerHudComponent is deprecated and may not work in future versions. Please replace with setPlayerHudComponentVisible.
[2026-09-25 04:45:25] WARNING: account/c_main.lua(Line 15) [Client] showPlayerHudComponent is deprecated and may not work in future versions. Please replace with setPlayerHudComponentVisible.
[2026-09-25 04:45:25] WARNING: account/c_main.lua(Line 17) [Client] showPlayerHudComponent is deprecated and may not work in future versions. Please replace with setPlayerHudComponentVisible.
[2026-09-25 04:45:25] WARNING: account/c_main.lua(Line 19) [Client] showPlayerHudComponent is deprecated and may not work in future versions. Please replace with setPlayerHudComponentVisible.
[2026-09-25 04:45:25] WARNING: account/c_main.lua(Line 21) [Client] showPlayerHudComponent is deprecated and may not work in future versions. Please replace with setPlayerHudComponentVisible.
[2026-09-25 04:45:25] WARNING: account/c_main.lua(Line 23) [Client] showPlayerHudComponent is deprecated and may not work in future versions. Please replace with setPlayerHudComponentVisible.
[2026-09-25 04:45:25] WARNING: account/c_main.lua(Line 25) [Client] showPlayerHudComponent is deprecated and may not work in future versions. Please replace with setPlayerHudComponentVisible.
[2026-09-25 04:45:25] WARNING: account/c_characters.lua(Line 13) [Client] showPlayerHudComponent is deprecated and may not work in future versions. Please replace with setPlayerHudComponentVisible.
[2026-09-25 04:45:25] WARNING: account/c_options.lua(Line 519) [Client] setControlState is deprecated and may not work in future versions. Please replace with setPedControlState.
[2026-09-25 04:45:25] Some files in 'account' use deprecated functions.
[2026-09-25 04:45:25] Use the 'upgrade' command to perform a basic upgrade of resources.
[2026-09-25 04:45:25] ERROR: Couldn't find resource admin. Check it exists.
[2026-09-25 04:45:25] ERROR: Couldn't find resource serialwhitelist. Check it exists.
[2026-09-25 04:45:25] WARNING: admin-system/Player/s_teleport.lua(Line 123) [Server] setVehicleTurnVelocity is deprecated and may not work in future versions. Please replace with setElementAngularVelocity.
[2026-09-25 04:45:25] WARNING: admin-system/Player/s_teleport.lua(Line 313) [Server] setVehicleTurnVelocity is deprecated and may not work in future versions. Please replace with setElementAngularVelocity.
[2026-09-25 04:45:25] WARNING: admin-system/Player/s_teleport.lua(Line 534) [Server] setVehicleTurnVelocity is deprecated and may not work in future versions. Please replace with setElementAngularVelocity.
[2026-09-25 04:45:25] WARNING: admin-system/Player/s_teleport.lua(Line 792) [Server] setVehicleTurnVelocity is deprecated and may not work in future versions. Please replace with setElementAngularVelocity.
[2026-09-25 04:45:25] WARNING: admin-system/Player/s_teleport.lua(Line 1176) [Server] setVehicleTurnVelocity is deprecated and may not work in future versions. Please replace with setElementAngularVelocity.
[2026-09-25 04:45:25] WARNING: admin-system/Player/s_teleport.lua(Line 1326) [Server] setVehicleTurnVelocity is deprecated and may not work in future versions. Please replace with setElementAngularVelocity.
[2026-09-25 04:45:25] WARNING: admin-system/c_overlay.lua(Line 460) [Client] getControlState is deprecated and may not work in future versions. Please replace with getPedControlState.
[2026-09-25 04:45:25] Some files in 'admin-system' use deprecated functions.
[2026-09-25 04:45:25] Use the 'upgrade' command to perform a basic upgrade of resources.
[2026-09-25 04:45:25] Server password cleared
[2026-09-25 04:45:25] WARNING: driveby/driveby_client.lua(Line 1024) [Client] setControlState is deprecated and may not work in future versions. Please replace with setPedControlState.
[2026-09-25 04:45:25] Some files in 'driveby' use deprecated functions.
[2026-09-25 04:45:25] Use the 'upgrade' command to perform a basic upgrade of resources.
[2026-09-25 04:45:25] WARNING: elevator-system/s_elevator_system.lua(Line 1445) [Server] setVehicleTurnVelocity is deprecated and may not work in future versions. Please replace with setElementAngularVelocity.
[2026-09-25 04:45:25] WARNING: elevator-system/s_elevator_system.lua(Line 1553) [Server] setVehicleTurnVelocity is deprecated and may not work in future versions. Please replace with setElementAngularVelocity.
[2026-09-25 04:45:25] Some files in 'elevator-system' use deprecated functions.
[2026-09-25 04:45:25] Use the 'upgrade' command to perform a basic upgrade of resources.
[2026-09-25 04:45:25] WARNING: fuel-system/s_fuel_peds.lua(Line 2522) [Server] setVehicleTurnVelocity is deprecated and may not work in future versions. Please replace with setElementAngularVelocity.
[2026-09-25 04:45:25] Some files in 'fuel-system' use deprecated functions.
[2026-09-25 04:45:25] Use the 'upgrade' command to perform a basic upgrade of resources.
[2026-09-25 04:45:25] Please wait...
[2026-09-25 04:45:25] WARNING: heligrab/c_heli.lua(Line 756) [Client] getControlState is deprecated and may not work in future versions. Please replace with getPedControlState.
[2026-09-25 04:45:25] Some files in 'heligrab' use deprecated functions.
[2026-09-25 04:45:25] Use the 'upgrade' command to perform a basic upgrade of resources.
[2026-09-25 04:45:25] WARNING: interior-system/blips_s.lua [Server] is encoded in ANSI instead of UTF-8.  Please convert your file to UTF-8.
[2026-09-25 04:45:25] Some files in 'interior-system' use deprecated functions.
[2026-09-25 04:45:25] Use the 'upgrade' command to perform a basic upgrade of resources.
[2026-09-25 04:45:25] WARNING: Script 'interior-system\blips_s.lua' is not encoded in UTF-8.  Loading as ANSI...
[2026-09-25 04:45:25] SCRIPT ERROR: interior-system\blips_s.lua:1: unexpected symbol near 'char(28)'
[2026-09-25 04:45:25] ERROR: Loading script failed: interior-system\blips_s.lua:1: unexpected symbol near 'char(28)'
[2026-09-25 04:45:25] [DBTEST] PASS query + fetch_assoc + free_result -> 12 faction rows
[2026-09-25 04:45:25] [DBTEST] PASS query_fetch_assoc -> 0
[2026-09-25 04:45:25] [DBTEST] PASS query_rows_assoc -> 3 rows
[2026-09-25 04:45:25] [DBTEST] PASS result() -> 1
[2026-09-25 04:45:25] [DBTEST] PASS result() by field name -> || L.S.P.D ||
[2026-09-25 04:45:25] [DBTEST] PASS escape_string -> O\'Brien \"test\" \\ \n
[2026-09-25 04:45:25] [DBTEST] PASS query_free
[2026-09-25 04:45:25] [DBTEST] PASS query_insert_free / insert_id -> 1
[2026-09-25 04:45:25] [DBTEST] PASS insert
[2026-09-25 04:45:25] [DBTEST] PASS select_one -> via-insert
[2026-09-25 04:45:25] [DBTEST] PASS update
[2026-09-25 04:45:25] [DBTEST] PASS select -> 2 rows
[2026-09-25 04:45:25] [DBTEST] PASS num_rows -> 2
[2026-09-25 04:45:25] [DBTEST] PASS insert_id() -> 2
[2026-09-25 04:45:25] [DBTEST] PASS returnQueryStats -> 64
[2026-09-25 04:45:25] [DBTEST] PASS ping
[2026-09-25 04:45:25] [DBTEST] PASS delete
[2026-09-25 04:45:25] [DBTEST] finished
[2026-09-25 04:45:26] WARNING: item-system/s_inventory.lua [Server] is encoded in ANSI instead of UTF-8.  Please convert your file to UTF-8.
[2026-09-25 04:45:26] WARNING: item-system/c_itemchange.lua(Line 9) [Client] showPlayerHudComponent is deprecated and may not work in future versions. Please replace with setPlayerHudComponentVisible.
[2026-09-25 04:45:26] WARNING: item-system/c_itemchange.lua(Line 13) [Client] showPlayerHudComponent is deprecated and may not work in future versions. Please replace with setPlayerHudComponentVisible.
[2026-09-25 04:45:26] Some files in 'item-system' use deprecated functions.
[2026-09-25 04:45:26] Use the 'upgrade' command to perform a basic upgrade of resources.
[2026-09-25 04:45:26] WARNING: Script 'item-system\s_inventory.lua' is not encoded in UTF-8.  Loading as ANSI...
[2026-09-25 04:45:26] SCRIPT ERROR: item-system\s_inventory.lua:1: unexpected symbol near 'char(28)'
[2026-09-25 04:45:26] ERROR: Loading script failed: item-system\s_inventory.lua:1: unexpected symbol near 'char(28)'
[2026-09-25 04:45:26] ERROR: item-world\g_permissions.lua:13: exports: Call to non-running server resource (item-texture) [string "?"]
[2026-09-25 04:45:26] INFO: [ITEM WORLD] Loading 0 world items will be finished in approximately 0.05 seconds.
[2026-09-25 04:45:26] INFO: item-texture: Loading textures for 0 world items
[2026-09-25 04:45:26] INFO: item-texture: 0 clients waiting on initial sync.
[2026-09-25 04:45:26] INFO: item-texture: 0 textured elements were added for initial sync.
[2026-09-25 04:45:26] WARNING: job-system-trucker/s_trucker_job.lua(Line 2690) [Server] setVehicleTurnVelocity is deprecated and may not work in future versions. Please replace with setElementAngularVelocity.
[2026-09-25 04:45:26] WARNING: job-system-trucker/s_trucker_job.lua(Line 2750) [Server] setVehicleTurnVelocity is deprecated and may not work in future versions. Please replace with setElementAngularVelocity.
[2026-09-25 04:45:26] WARNING: job-system-trucker/s_trucker_job.lua(Line 2810) [Server] setVehicleTurnVelocity is deprecated and may not work in future versions. Please replace with setElementAngularVelocity.
[2026-09-25 04:45:26] WARNING: job-system-trucker/s_trucker_job.lua(Line 2870) [Server] setVehicleTurnVelocity is deprecated and may not work in future versions. Please replace with setElementAngularVelocity.
[2026-09-25 04:45:26] WARNING: job-system-trucker/c_overlay.lua(Line 1166) [Client] getControlState is deprecated and may not work in future versions. Please replace with getPedControlState.
[2026-09-25 04:45:26] WARNING: job-system-trucker/s_marker.lua [Server] is encoded in ANSI instead of UTF-8.  Please convert your file to UTF-8.
[2026-09-25 04:45:26] Some files in 'job-system-trucker' use deprecated functions.
[2026-09-25 04:45:26] Use the 'upgrade' command to perform a basic upgrade of resources.
[2026-09-25 04:45:26] WARNING: Script 'job-system-trucker\s_marker.lua' is not encoded in UTF-8.  Loading as ANSI...
[2026-09-25 04:45:26] SCRIPT ERROR: job-system-trucker\s_marker.lua:1: unexpected symbol near 'char(28)'
[2026-09-25 04:45:26] ERROR: Loading script failed: job-system-trucker\s_marker.lua:1: unexpected symbol near 'char(28)'
[2026-09-25 04:45:26] INFO: [JOB-SYSTEM-TRUCKER] Fetched 2 actual orders sucessfully from SQL
[2026-09-25 04:45:26] WARNING: pd-system/c_policedeagle.lua(Line 437) [Client] getControlState is deprecated and may not work in future versions. Please replace with getPedControlState.
[2026-09-25 04:45:26] WARNING: pd-system/c_policeshotgun.lua(Line 331) [Client] getControlState is deprecated and may not work in future versions. Please replace with getPedControlState.
[2026-09-25 04:45:26] Some files in 'pd-system' use deprecated functions.
[2026-09-25 04:45:26] Use the 'upgrade' command to perform a basic upgrade of resources.
[2026-09-25 04:45:26] ERROR: Couldn't find resource fbi-system. Check it exists.
[2026-09-25 04:45:26] WARNING: realism-system/c_backup_bleepers.lua(Line 333) [Client] getControlState is deprecated and may not work in future versions. Please replace with getPedControlState.
[2026-09-25 04:45:26] WARNING: realism-system/c_cruise_control.lua(Line 141) [Client] setControlState is deprecated and may not work in future versions. Please replace with setPedControlState.
[2026-09-25 04:45:26] WARNING: realism-system/c_cruise_control.lua(Line 149) [Client] setControlState is deprecated and may not work in future versions. Please replace with setPedControlState.
[2026-09-25 04:45:26] WARNING: realism-system/c_cruise_control.lua(Line 201) [Client] setControlState is deprecated and may not work in future versions. Please replace with setPedControlState.
[2026-09-25 04:45:26] WARNING: realism-system/c_fpview.lua(Line 439) [Client] getControlState is deprecated and may not work in future versions. Please replace with getPedControlState.
[2026-09-25 04:45:26] WARNING: realism-system/c_fpview.lua(Line 451) [Client] getControlState is deprecated and may not work in future versions. Please replace with getPedControlState.
[2026-09-25 04:45:26] WARNING: realism-system/c_fpview.lua(Line 463) [Client] getControlState is deprecated and may not work in future versions. Please replace with getPedControlState.
[2026-09-25 04:45:26] WARNING: realism-system/c_heli_rotors.lua(Line 17) [Client] getHelicopterRotorSpeed is deprecated and may not work in future versions. Please replace with getVehicleRotorSpeed.
[2026-09-25 04:45:26] WARNING: realism-system/c_heli_rotors.lua(Line 21) [Client] getHelicopterRotorSpeed is deprecated and may not work in future versions. Please replace with getVehicleRotorSpeed.
[2026-09-25 04:45:26] WARNING: realism-system/c_heli_rotors.lua(Line 25) [Client] setHelicopterRotorSpeed is deprecated and may not work in future versions. Please replace with setVehicleRotorSpeed.
[2026-09-25 04:45:26] WARNING: realism-system/c_carrealism.lua(Line 353) [Client] getControlState is deprecated and may not work in future versions. Please replace with getPedControlState.
[2026-09-25 04:45:26] WARNING: realism-system/handbrake_c.lua(Line 217) [Client] getControlState is deprecated and may not work in future versions. Please replace with getPedControlState.
[2026-09-25 04:45:26] WARNING: realism-system/handbrake_c.lua(Line 221) [Client] setControlState is deprecated and may not work in future versions. Please replace with setPedControlState.
[2026-09-25 04:45:26] Some files in 'realism-system' use deprecated functions.
[2026-09-25 04:45:26] Use the 'upgrade' command to perform a basic upgrade of resources.
[2026-09-25 04:45:26] WARNING: report-system/c_external_report_box.lua(Line 265) [Client] getControlState is deprecated and may not work in future versions. Please replace with getPedControlState.
[2026-09-25 04:45:26] WARNING: report-system/c_top_right_box.lua(Line 84) [Client] getControlState is deprecated and may not work in future versions. Please replace with getPedControlState.
[2026-09-25 04:45:26] Some files in 'report-system' use deprecated functions.
[2026-09-25 04:45:26] Use the 'upgrade' command to perform a basic upgrade of resources.
[2026-09-25 04:45:26] INFO: Loaded 0 reports.
[2026-09-25 04:45:26] WARNING: scoreboard/c_tab.lua(Line 404) [Client] getControlState is deprecated and may not work in future versions. Please replace with getPedControlState.
[2026-09-25 04:45:26] Some files in 'scoreboard' use deprecated functions.
[2026-09-25 04:45:26] Use the 'upgrade' command to perform a basic upgrade of resources.
[2026-09-25 04:45:26] WARNING: shop-system/s_generalshop_system.lua(Line 672) [Server] setVehicleTurnVelocity is deprecated and may not work in future versions. Please replace with setElementAngularVelocity.
[2026-09-25 04:45:26] Some files in 'shop-system' use deprecated functions.
[2026-09-25 04:45:26] Use the 'upgrade' command to perform a basic upgrade of resources.
[2026-09-25 04:45:26] WARNING: spike-system/c_spikes.lua(Line 93) [Client] getVehicleTurnVelocity is deprecated and may not work in future versions. Please replace with getElementAngularVelocity.
[2026-09-25 04:45:26] WARNING: spike-system/c_spikes.lua(Line 97) [Client] setVehicleTurnVelocity is deprecated and may not work in future versions. Please replace with setElementAngularVelocity.
[2026-09-25 04:45:26] Some files in 'spike-system' use deprecated functions.
[2026-09-25 04:45:26] Use the 'upgrade' command to perform a basic upgrade of resources.
[2026-09-25 04:45:26] WARNING: vehicle-interiors/s_vehicle_interiors.lua(Line 1936) [Server] setVehicleTurnVelocity is deprecated and may not work in future versions. Please replace with setElementAngularVelocity.
[2026-09-25 04:45:26] Some files in 'vehicle-interiors' use deprecated functions.
[2026-09-25 04:45:26] Use the 'upgrade' command to perform a basic upgrade of resources.
[2026-09-25 04:45:27] WARNING: superman/c_superman.lua(Line 1352) [Client] getControlState is deprecated and may not work in future versions. Please replace with getPedControlState.
[2026-09-25 04:45:27] WARNING: superman/c_superman.lua(Line 1391) [Client] getControlState is deprecated and may not work in future versions. Please replace with getPedControlState.
[2026-09-25 04:45:27] WARNING: superman/c_superman.lua(Line 1399) [Client] getControlState is deprecated and may not work in future versions. Please replace with getPedControlState.
[2026-09-25 04:45:27] WARNING: superman/c_superman.lua(Line 1415) [Client] getControlState is deprecated and may not work in future versions. Please replace with getPedControlState.
[2026-09-25 04:45:27] WARNING: superman/c_superman.lua(Line 1423) [Client] getControlState is deprecated and may not work in future versions. Please replace with getPedControlState.
[2026-09-25 04:45:27] WARNING: superman/c_superman.lua(Line 1459) [Client] getControlState is deprecated and may not work in future versions. Please replace with getPedControlState.
[2026-09-25 04:45:27] WARNING: superman/c_superman.lua(Line 1487) [Client] getControlState is deprecated and may not work in future versions. Please replace with getPedControlState.
[2026-09-25 04:45:27] WARNING: superman/c_superman.lua(Line 1499) [Client] getControlState is deprecated and may not work in future versions. Please replace with getPedControlState.
[2026-09-25 04:45:27] WARNING: superman/c_superman.lua(Line 2094) [Client] getControlState is deprecated and may not work in future versions. Please replace with getPedControlState.
[2026-09-25 04:45:27] Some files in 'superman' use deprecated functions.
[2026-09-25 04:45:27] Use the 'upgrade' command to perform a basic upgrade of resources.
[2026-09-25 04:45:27] WARNING: gate-manager/s_gate_manager.lua(Line 802) [Server] setVehicleTurnVelocity is deprecated and may not work in future versions. Please replace with setElementAngularVelocity.
[2026-09-25 04:45:27] Some files in 'gate-manager' use deprecated functions.
[2026-09-25 04:45:27] Use the 'upgrade' command to perform a basic upgrade of resources.
[2026-09-25 04:45:27] ERROR: Couldn't find resource hardwaresurvey. Check it exists.
[2026-09-25 04:45:27] WARNING: sfia/s_airtrack.lua(Line 227) [Server] showPlayerHudComponent is deprecated and may not work in future versions. Please replace with setPlayerHudComponentVisible.
[2026-09-25 04:45:27] WARNING: sfia/s_airtrack.lua(Line 263) [Server] showPlayerHudComponent is deprecated and may not work in future versions. Please replace with setPlayerHudComponentVisible.
[2026-09-25 04:45:27] Some files in 'sfia' use deprecated functions.
[2026-09-25 04:45:27] Use the 'upgrade' command to perform a basic upgrade of resources.
[2026-09-25 04:45:27] WARNING: vehicle-manager/s_vehicle_commands.lua(Line 789) [Server] setVehicleTurnVelocity is deprecated and may not work in future versions. Please replace with setElementAngularVelocity.
[2026-09-25 04:45:27] Some files in 'vehicle-manager' use deprecated functions.
[2026-09-25 04:45:27] Use the 'upgrade' command to perform a basic upgrade of resources.
[2026-09-25 04:45:27] INFO: Loaded 0 texture records for all interiors in 0ms
[2026-09-25 04:45:27] WARNING: announcement/client.lua(Line 76) [Client] getControlState is deprecated and may not work in future versions. Please replace with getPedControlState.
[2026-09-25 04:45:27] Some files in 'announcement' use deprecated functions.
[2026-09-25 04:45:27] Use the 'upgrade' command to perform a basic upgrade of resources.
[2026-09-25 04:45:27] ERROR: Couldn't find resource shader_car_paint. Check it exists.
[2026-09-25 04:45:27] ERROR: Couldn't find resource shader_water. Check it exists.
[2026-09-25 04:45:27] ERROR: Couldn't find resource astro-clothing. Check it exists.
[2026-09-25 04:45:27] INFO: LeFire Script loaded ...
[2026-09-25 04:45:28] ERROR: clubtec\s_clubtec.lua:37: exports: Call to non-running server resource (fakevideo) [string "?"]
[2026-09-25 04:45:28] INFO: Loaded 0 animated texture records in 0ms
[2026-09-25 04:45:28] INFO: PRISON-SYSTEM: Loaded 24 cell gates from s_gates.lua
[2026-09-25 04:45:28] ERROR: Couldn't find resource shader_lights. Check it exists.
[2026-09-25 04:45:28] ERROR: Couldn't find resource hdradar. Check it exists.
[2026-09-25 04:45:28] ERROR: Couldn't find resource w-job. Check it exists.
[2026-09-25 04:45:28] ERROR: Couldn't find resource farmarjob. Check it exists.
[2026-09-25 04:45:28] WARNING: vrp/client.lua(Line 246) [Client] showPlayerHudComponent is deprecated and may not work in future versions. Please replace with setPlayerHudComponentVisible.
[2026-09-25 04:45:28] Some files in 'vrp' use deprecated functions.
[2026-09-25 04:45:28] Use the 'upgrade' command to perform a basic upgrade of resources.
[2026-09-25 04:45:28] Querying MTA master server... success! (Auto detected IP:129.224.207.139)
[2026-09-25 04:45:28] Authorized serial account protection is enabled for the ACL group(s): `Admin`  See http://multitheftauto.com/authserial
[2026-09-25 04:45:28] WARNING: <owner_email_address> not set
[2026-09-25 04:45:28] Server started and is ready to accept connections!
[2026-09-25 04:45:28] To stop the server, type 'shutdown' or press Ctrl-C
[2026-09-25 04:45:28] Type 'help' for a list of commands.
[2026-09-25 04:45:31] INFO: [WEATHER] / Line 57 / SQL Settings for weather successfully altered.
==================================================================
= Multi Theft Auto: San Andreas v1.6
==================================================================
= Server name      : Direct Backup V3
= Server IP address: auto
= Server port      : 22221
= 
= Log file         : ../MTA/server/mods/deathmatch/logs/server.log
= Maximum players  : 32
= HTTP port        : 22221
= Voice Chat       : Disabled
= Bandwidth saving : None
==================================================================
[2026-09-25 04:51:29] WARNING: Ignoring duplicate client file in resource 'vrp': 'Imagens/Fundo.png'
[2026-09-25 04:51:29] Resources: 161 loaded, 0 failed
[2026-09-25 04:51:29] Starting resources...
[2026-09-25 04:51:29] [MYSQL] Connected to database 'pdz' at 127.0.0.1:3306
[2026-09-25 04:51:29] Server minclientversion is now 1.6.0-9.24109.0
[2026-09-25 04:51:29] WARNING: hud/c_overlay_top_right.lua(Line 106) [Client] getControlState is deprecated and may not work in future versions. Please replace with getPedControlState.
[2026-09-25 04:51:29] WARNING: hud/c_overlay_bottom_center.lua(Line 90) [Client] getControlState is deprecated and may not work in future versions. Please replace with getPedControlState.
[2026-09-25 04:51:29] Some files in 'hud' use deprecated functions.
[2026-09-25 04:51:29] Use the 'upgrade' command to perform a basic upgrade of resources.
[2026-09-25 04:51:30] WARNING: account/c_main.lua(Line 5) [Client] showPlayerHudComponent is deprecated and may not work in future versions. Please replace with setPlayerHudComponentVisible.
[2026-09-25 04:51:30] WARNING: account/c_main.lua(Line 7) [Client] showPlayerHudComponent is deprecated and may not work in future versions. Please replace with setPlayerHudComponentVisible.
[2026-09-25 04:51:30] WARNING: account/c_main.lua(Line 9) [Client] showPlayerHudComponent is deprecated and may not work in future versions. Please replace with setPlayerHudComponentVisible.
[2026-09-25 04:51:30] WARNING: account/c_main.lua(Line 11) [Client] showPlayerHudComponent is deprecated and may not work in future versions. Please replace with setPlayerHudComponentVisible.
[2026-09-25 04:51:30] WARNING: account/c_main.lua(Line 13) [Client] showPlayerHudComponent is deprecated and may not work in future versions. Please replace with setPlayerHudComponentVisible.
[2026-09-25 04:51:30] WARNING: account/c_main.lua(Line 15) [Client] showPlayerHudComponent is deprecated and may not work in future versions. Please replace with setPlayerHudComponentVisible.
[2026-09-25 04:51:30] WARNING: account/c_main.lua(Line 17) [Client] showPlayerHudComponent is deprecated and may not work in future versions. Please replace with setPlayerHudComponentVisible.
[2026-09-25 04:51:30] WARNING: account/c_main.lua(Line 19) [Client] showPlayerHudComponent is deprecated and may not work in future versions. Please replace with setPlayerHudComponentVisible.
[2026-09-25 04:51:30] WARNING: account/c_main.lua(Line 21) [Client] showPlayerHudComponent is deprecated and may not work in future versions. Please replace with setPlayerHudComponentVisible.
[2026-09-25 04:51:30] WARNING: account/c_main.lua(Line 23) [Client] showPlayerHudComponent is deprecated and may not work in future versions. Please replace with setPlayerHudComponentVisible.
[2026-09-25 04:51:30] WARNING: account/c_main.lua(Line 25) [Client] showPlayerHudComponent is deprecated and may not work in future versions. Please replace with setPlayerHudComponentVisible.
[2026-09-25 04:51:30] WARNING: account/c_characters.lua(Line 13) [Client] showPlayerHudComponent is deprecated and may not work in future versions. Please replace with setPlayerHudComponentVisible.
[2026-09-25 04:51:30] WARNING: account/c_options.lua(Line 519) [Client] setControlState is deprecated and may not work in future versions. Please replace with setPedControlState.
[2026-09-25 04:51:30] Some files in 'account' use deprecated functions.
[2026-09-25 04:51:30] Use the 'upgrade' command to perform a basic upgrade of resources.
[2026-09-25 04:51:30] ERROR: Couldn't find resource admin. Check it exists.
[2026-09-25 04:51:30] ERROR: Couldn't find resource serialwhitelist. Check it exists.
[2026-09-25 04:51:30] WARNING: admin-system/Player/s_teleport.lua(Line 123) [Server] setVehicleTurnVelocity is deprecated and may not work in future versions. Please replace with setElementAngularVelocity.
[2026-09-25 04:51:30] WARNING: admin-system/Player/s_teleport.lua(Line 313) [Server] setVehicleTurnVelocity is deprecated and may not work in future versions. Please replace with setElementAngularVelocity.
[2026-09-25 04:51:30] WARNING: admin-system/Player/s_teleport.lua(Line 534) [Server] setVehicleTurnVelocity is deprecated and may not work in future versions. Please replace with setElementAngularVelocity.
[2026-09-25 04:51:30] WARNING: admin-system/Player/s_teleport.lua(Line 792) [Server] setVehicleTurnVelocity is deprecated and may not work in future versions. Please replace with setElementAngularVelocity.
[2026-09-25 04:51:30] WARNING: admin-system/Player/s_teleport.lua(Line 1176) [Server] setVehicleTurnVelocity is deprecated and may not work in future versions. Please replace with setElementAngularVelocity.
[2026-09-25 04:51:30] WARNING: admin-system/Player/s_teleport.lua(Line 1326) [Server] setVehicleTurnVelocity is deprecated and may not work in future versions. Please replace with setElementAngularVelocity.
[2026-09-25 04:51:30] WARNING: admin-system/c_overlay.lua(Line 460) [Client] getControlState is deprecated and may not work in future versions. Please replace with getPedControlState.
[2026-09-25 04:51:30] Some files in 'admin-system' use deprecated functions.
[2026-09-25 04:51:30] Use the 'upgrade' command to perform a basic upgrade of resources.
[2026-09-25 04:51:30] Server password cleared
[2026-09-25 04:51:30] WARNING: driveby/driveby_client.lua(Line 1024) [Client] setControlState is deprecated and may not work in future versions. Please replace with setPedControlState.
[2026-09-25 04:51:30] Some files in 'driveby' use deprecated functions.
[2026-09-25 04:51:30] Use the 'upgrade' command to perform a basic upgrade of resources.
[2026-09-25 04:51:30] WARNING: elevator-system/s_elevator_system.lua(Line 1445) [Server] setVehicleTurnVelocity is deprecated and may not work in future versions. Please replace with setElementAngularVelocity.
[2026-09-25 04:51:30] WARNING: elevator-system/s_elevator_system.lua(Line 1553) [Server] setVehicleTurnVelocity is deprecated and may not work in future versions. Please replace with setElementAngularVelocity.
[2026-09-25 04:51:30] Some files in 'elevator-system' use deprecated functions.
[2026-09-25 04:51:30] Use the 'upgrade' command to perform a basic upgrade of resources.
[2026-09-25 04:51:30] WARNING: fuel-system/s_fuel_peds.lua(Line 2522) [Server] setVehicleTurnVelocity is deprecated and may not work in future versions. Please replace with setElementAngularVelocity.
[2026-09-25 04:51:30] Some files in 'fuel-system' use deprecated functions.
[2026-09-25 04:51:30] Use the 'upgrade' command to perform a basic upgrade of resources.
[2026-09-25 04:51:30] Please wait...
[2026-09-25 04:51:30] WARNING: heligrab/c_heli.lua(Line 756) [Client] getControlState is deprecated and may not work in future versions. Please replace with getPedControlState.
[2026-09-25 04:51:30] Some files in 'heligrab' use deprecated functions.
[2026-09-25 04:51:30] Use the 'upgrade' command to perform a basic upgrade of resources.
[2026-09-25 04:51:30] WARNING: interior-system/blips_s.lua [Server] is encoded in ANSI instead of UTF-8.  Please convert your file to UTF-8.
[2026-09-25 04:51:30] Some files in 'interior-system' use deprecated functions.
[2026-09-25 04:51:30] Use the 'upgrade' command to perform a basic upgrade of resources.
[2026-09-25 04:51:30] WARNING: Script 'interior-system\blips_s.lua' is not encoded in UTF-8.  Loading as ANSI...
[2026-09-25 04:51:30] SCRIPT ERROR: interior-system\blips_s.lua:1: unexpected symbol near 'char(28)'
[2026-09-25 04:51:30] ERROR: Loading script failed: interior-system\blips_s.lua:1: unexpected symbol near 'char(28)'
[2026-09-25 04:51:31] WARNING: item-system/s_inventory.lua [Server] is encoded in ANSI instead of UTF-8.  Please convert your file to UTF-8.
[2026-09-25 04:51:31] WARNING: item-system/c_itemchange.lua(Line 9) [Client] showPlayerHudComponent is deprecated and may not work in future versions. Please replace with setPlayerHudComponentVisible.
[2026-09-25 04:51:31] WARNING: item-system/c_itemchange.lua(Line 13) [Client] showPlayerHudComponent is deprecated and may not work in future versions. Please replace with setPlayerHudComponentVisible.
[2026-09-25 04:51:31] Some files in 'item-system' use deprecated functions.
[2026-09-25 04:51:31] Use the 'upgrade' command to perform a basic upgrade of resources.
[2026-09-25 04:51:31] WARNING: Script 'item-system\s_inventory.lua' is not encoded in UTF-8.  Loading as ANSI...
[2026-09-25 04:51:31] SCRIPT ERROR: item-system\s_inventory.lua:1: unexpected symbol near 'char(28)'
[2026-09-25 04:51:31] ERROR: Loading script failed: item-system\s_inventory.lua:1: unexpected symbol near 'char(28)'
[2026-09-25 04:51:31] ERROR: item-world\g_permissions.lua:13: exports: Call to non-running server resource (item-texture) [string "?"]
[2026-09-25 04:51:31] INFO: [ITEM WORLD] Loading 0 world items will be finished in approximately 0.05 seconds.
[2026-09-25 04:51:31] INFO: item-texture: Loading textures for 0 world items
[2026-09-25 04:51:31] INFO: item-texture: 0 clients waiting on initial sync.
[2026-09-25 04:51:31] INFO: item-texture: 0 textured elements were added for initial sync.
[2026-09-25 04:51:31] WARNING: job-system-trucker/s_trucker_job.lua(Line 2690) [Server] setVehicleTurnVelocity is deprecated and may not work in future versions. Please replace with setElementAngularVelocity.
[2026-09-25 04:51:31] WARNING: job-system-trucker/s_trucker_job.lua(Line 2750) [Server] setVehicleTurnVelocity is deprecated and may not work in future versions. Please replace with setElementAngularVelocity.
[2026-09-25 04:51:31] WARNING: job-system-trucker/s_trucker_job.lua(Line 2810) [Server] setVehicleTurnVelocity is deprecated and may not work in future versions. Please replace with setElementAngularVelocity.
[2026-09-25 04:51:31] WARNING: job-system-trucker/s_trucker_job.lua(Line 2870) [Server] setVehicleTurnVelocity is deprecated and may not work in future versions. Please replace with setElementAngularVelocity.
[2026-09-25 04:51:31] WARNING: job-system-trucker/c_overlay.lua(Line 1166) [Client] getControlState is deprecated and may not work in future versions. Please replace with getPedControlState.
[2026-09-25 04:51:31] WARNING: job-system-trucker/s_marker.lua [Server] is encoded in ANSI instead of UTF-8.  Please convert your file to UTF-8.
[2026-09-25 04:51:31] Some files in 'job-system-trucker' use deprecated functions.
[2026-09-25 04:51:31] Use the 'upgrade' command to perform a basic upgrade of resources.
[2026-09-25 04:51:31] WARNING: Script 'job-system-trucker\s_marker.lua' is not encoded in UTF-8.  Loading as ANSI...
[2026-09-25 04:51:31] SCRIPT ERROR: job-system-trucker\s_marker.lua:1: unexpected symbol near 'char(28)'
[2026-09-25 04:51:31] ERROR: Loading script failed: job-system-trucker\s_marker.lua:1: unexpected symbol near 'char(28)'
[2026-09-25 04:51:31] INFO: [JOB-SYSTEM-TRUCKER] Fetched 2 actual orders sucessfully from SQL
[2026-09-25 04:51:31] WARNING: pd-system/c_policedeagle.lua(Line 437) [Client] getControlState is deprecated and may not work in future versions. Please replace with getPedControlState.
[2026-09-25 04:51:31] WARNING: pd-system/c_policeshotgun.lua(Line 331) [Client] getControlState is deprecated and may not work in future versions. Please replace with getPedControlState.
[2026-09-25 04:51:31] Some files in 'pd-system' use deprecated functions.
[2026-09-25 04:51:31] Use the 'upgrade' command to perform a basic upgrade of resources.
[2026-09-25 04:51:31] ERROR: Couldn't find resource fbi-system. Check it exists.
[2026-09-25 04:51:31] WARNING: realism-system/c_backup_bleepers.lua(Line 333) [Client] getControlState is deprecated and may not work in future versions. Please replace with getPedControlState.
[2026-09-25 04:51:31] WARNING: realism-system/c_cruise_control.lua(Line 141) [Client] setControlState is deprecated and may not work in future versions. Please replace with setPedControlState.
[2026-09-25 04:51:31] WARNING: realism-system/c_cruise_control.lua(Line 149) [Client] setControlState is deprecated and may not work in future versions. Please replace with setPedControlState.
[2026-09-25 04:51:31] WARNING: realism-system/c_cruise_control.lua(Line 201) [Client] setControlState is deprecated and may not work in future versions. Please replace with setPedControlState.
[2026-09-25 04:51:31] WARNING: realism-system/c_fpview.lua(Line 439) [Client] getControlState is deprecated and may not work in future versions. Please replace with getPedControlState.
[2026-09-25 04:51:31] WARNING: realism-system/c_fpview.lua(Line 451) [Client] getControlState is deprecated and may not work in future versions. Please replace with getPedControlState.
[2026-09-25 04:51:31] WARNING: realism-system/c_fpview.lua(Line 463) [Client] getControlState is deprecated and may not work in future versions. Please replace with getPedControlState.
[2026-09-25 04:51:31] WARNING: realism-system/c_heli_rotors.lua(Line 17) [Client] getHelicopterRotorSpeed is deprecated and may not work in future versions. Please replace with getVehicleRotorSpeed.
[2026-09-25 04:51:31] WARNING: realism-system/c_heli_rotors.lua(Line 21) [Client] getHelicopterRotorSpeed is deprecated and may not work in future versions. Please replace with getVehicleRotorSpeed.
[2026-09-25 04:51:31] WARNING: realism-system/c_heli_rotors.lua(Line 25) [Client] setHelicopterRotorSpeed is deprecated and may not work in future versions. Please replace with setVehicleRotorSpeed.
[2026-09-25 04:51:31] WARNING: realism-system/c_carrealism.lua(Line 353) [Client] getControlState is deprecated and may not work in future versions. Please replace with getPedControlState.
[2026-09-25 04:51:31] WARNING: realism-system/handbrake_c.lua(Line 217) [Client] getControlState is deprecated and may not work in future versions. Please replace with getPedControlState.
[2026-09-25 04:51:31] WARNING: realism-system/handbrake_c.lua(Line 221) [Client] setControlState is deprecated and may not work in future versions. Please replace with setPedControlState.
[2026-09-25 04:51:31] Some files in 'realism-system' use deprecated functions.
[2026-09-25 04:51:31] Use the 'upgrade' command to perform a basic upgrade of resources.
[2026-09-25 04:51:31] WARNING: report-system/c_external_report_box.lua(Line 265) [Client] getControlState is deprecated and may not work in future versions. Please replace with getPedControlState.
[2026-09-25 04:51:31] WARNING: report-system/c_top_right_box.lua(Line 84) [Client] getControlState is deprecated and may not work in future versions. Please replace with getPedControlState.
[2026-09-25 04:51:31] Some files in 'report-system' use deprecated functions.
[2026-09-25 04:51:31] Use the 'upgrade' command to perform a basic upgrade of resources.
[2026-09-25 04:51:31] INFO: Loaded 0 reports.
[2026-09-25 04:51:31] WARNING: scoreboard/c_tab.lua(Line 404) [Client] getControlState is deprecated and may not work in future versions. Please replace with getPedControlState.
[2026-09-25 04:51:31] Some files in 'scoreboard' use deprecated functions.
[2026-09-25 04:51:31] Use the 'upgrade' command to perform a basic upgrade of resources.
[2026-09-25 04:51:31] WARNING: shop-system/s_generalshop_system.lua(Line 672) [Server] setVehicleTurnVelocity is deprecated and may not work in future versions. Please replace with setElementAngularVelocity.
[2026-09-25 04:51:31] Some files in 'shop-system' use deprecated functions.
[2026-09-25 04:51:31] Use the 'upgrade' command to perform a basic upgrade of resources.
[2026-09-25 04:51:31] WARNING: spike-system/c_spikes.lua(Line 93) [Client] getVehicleTurnVelocity is deprecated and may not work in future versions. Please replace with getElementAngularVelocity.
[2026-09-25 04:51:31] WARNING: spike-system/c_spikes.lua(Line 97) [Client] setVehicleTurnVelocity is deprecated and may not work in future versions. Please replace with setElementAngularVelocity.
[2026-09-25 04:51:31] Some files in 'spike-system' use deprecated functions.
[2026-09-25 04:51:31] Use the 'upgrade' command to perform a basic upgrade of resources.
[2026-09-25 04:51:31] WARNING: vehicle-interiors/s_vehicle_interiors.lua(Line 1936) [Server] setVehicleTurnVelocity is deprecated and may not work in future versions. Please replace with setElementAngularVelocity.
[2026-09-25 04:51:31] Some files in 'vehicle-interiors' use deprecated functions.
[2026-09-25 04:51:31] Use the 'upgrade' command to perform a basic upgrade of resources.
[2026-09-25 04:51:32] WARNING: superman/c_superman.lua(Line 1352) [Client] getControlState is deprecated and may not work in future versions. Please replace with getPedControlState.
[2026-09-25 04:51:32] WARNING: superman/c_superman.lua(Line 1391) [Client] getControlState is deprecated and may not work in future versions. Please replace with getPedControlState.
[2026-09-25 04:51:32] WARNING: superman/c_superman.lua(Line 1399) [Client] getControlState is deprecated and may not work in future versions. Please replace with getPedControlState.
[2026-09-25 04:51:32] WARNING: superman/c_superman.lua(Line 1415) [Client] getControlState is deprecated and may not work in future versions. Please replace with getPedControlState.
[2026-09-25 04:51:32] WARNING: superman/c_superman.lua(Line 1423) [Client] getControlState is deprecated and may not work in future versions. Please replace with getPedControlState.
[2026-09-25 04:51:32] WARNING: superman/c_superman.lua(Line 1459) [Client] getControlState is deprecated and may not work in future versions. Please replace with getPedControlState.
[2026-09-25 04:51:32] WARNING: superman/c_superman.lua(Line 1487) [Client] getControlState is deprecated and may not work in future versions. Please replace with getPedControlState.
[2026-09-25 04:51:32] WARNING: superman/c_superman.lua(Line 1499) [Client] getControlState is deprecated and may not work in future versions. Please replace with getPedControlState.
[2026-09-25 04:51:32] WARNING: superman/c_superman.lua(Line 2094) [Client] getControlState is deprecated and may not work in future versions. Please replace with getPedControlState.
[2026-09-25 04:51:32] Some files in 'superman' use deprecated functions.
[2026-09-25 04:51:32] Use the 'upgrade' command to perform a basic upgrade of resources.
[2026-09-25 04:51:32] WARNING: gate-manager/s_gate_manager.lua(Line 802) [Server] setVehicleTurnVelocity is deprecated and may not work in future versions. Please replace with setElementAngularVelocity.
[2026-09-25 04:51:32] Some files in 'gate-manager' use deprecated functions.
[2026-09-25 04:51:32] Use the 'upgrade' command to perform a basic upgrade of resources.
[2026-09-25 04:51:32] ERROR: Couldn't find resource hardwaresurvey. Check it exists.
[2026-09-25 04:51:32] WARNING: sfia/s_airtrack.lua(Line 227) [Server] showPlayerHudComponent is deprecated and may not work in future versions. Please replace with setPlayerHudComponentVisible.
[2026-09-25 04:51:32] WARNING: sfia/s_airtrack.lua(Line 263) [Server] showPlayerHudComponent is deprecated and may not work in future versions. Please replace with setPlayerHudComponentVisible.
[2026-09-25 04:51:32] Some files in 'sfia' use deprecated functions.
[2026-09-25 04:51:32] Use the 'upgrade' command to perform a basic upgrade of resources.
[2026-09-25 04:51:32] WARNING: vehicle-manager/s_vehicle_commands.lua(Line 789) [Server] setVehicleTurnVelocity is deprecated and may not work in future versions. Please replace with setElementAngularVelocity.
[2026-09-25 04:51:32] Some files in 'vehicle-manager' use deprecated functions.
[2026-09-25 04:51:32] Use the 'upgrade' command to perform a basic upgrade of resources.
[2026-09-25 04:51:32] INFO: Loaded 0 texture records for all interiors in 0ms
[2026-09-25 04:51:32] WARNING: announcement/client.lua(Line 76) [Client] getControlState is deprecated and may not work in future versions. Please replace with getPedControlState.
[2026-09-25 04:51:32] Some files in 'announcement' use deprecated functions.
[2026-09-25 04:51:32] Use the 'upgrade' command to perform a basic upgrade of resources.
[2026-09-25 04:51:32] INFO: LeFire Script loaded ...
[2026-09-25 04:51:33] ERROR: fakevideo\s_fakevideo.lua:37: exports: Call to non-running server resource (clubtec) [string "?"]
[2026-09-25 04:51:33] INFO: Loaded 0 animated texture records in 0ms
[2026-09-25 04:51:33] INFO: PRISON-SYSTEM: Loaded 24 cell gates from s_gates.lua
[2026-09-25 04:51:33] WARNING: vrp/client.lua(Line 246) [Client] showPlayerHudComponent is deprecated and may not work in future versions. Please replace with setPlayerHudComponentVisible.
[2026-09-25 04:51:33] Some files in 'vrp' use deprecated functions.
[2026-09-25 04:51:33] Use the 'upgrade' command to perform a basic upgrade of resources.
[2026-09-25 04:51:33] Querying MTA master server... success! (Auto detected IP:185.225.40.32)
[2026-09-25 04:51:33] Authorized serial account protection is enabled for the ACL group(s): `Admin`  See http://multitheftauto.com/authserial
[2026-09-25 04:51:33] WARNING: <owner_email_address> not set
[2026-09-25 04:51:33] Server started and is ready to accept connections!
[2026-09-25 04:51:33] To stop the server, type 'shutdown' or press Ctrl-C
[2026-09-25 04:51:33] Type 'help' for a list of commands.
[2026-09-25 04:51:36] INFO: [WEATHER] / Line 57 / SQL Settings for weather successfully altered.
[2026-09-25 04:52:00] INFO: [ELEVATOR] Spawning 0 elevators will be finished in approx. 0 seconds.
[2026-09-25 04:52:31] Stopping item-texture
[2026-09-25 04:52:31] Starting item-texture
[2026-09-25 04:52:31] INFO: item-texture: Loading textures for 0 world items
[2026-09-25 04:52:31] INFO: item-texture: 0 clients waiting on initial sync.
[2026-09-25 04:52:31] INFO: item-texture: 0 textured elements were added for initial sync.
[2026-09-25 04:52:31] item-texture restarted successfully
[2026-09-25 04:56:31] WARNING: report-system\s_reports.lua:329: Bad argument @ 'getPlayersInTeam' [Expected team at argument 1, got nil]
[2026-09-25 04:56:31] ERROR: report-system\s_reports.lua:329: attempt to get length of a boolean value
==================================================================
= Multi Theft Auto: San Andreas v1.6
==================================================================
= Server name      : Direct Backup V3
= Server IP address: auto
= Server port      : 22221
= 
= Log file         : ../MTA/server/mods/deathmatch/logs/server.log
= Maximum players  : 32
= HTTP port        : 22221
= Voice Chat       : Disabled
= Bandwidth saving : None
==================================================================
[2026-09-25 04:57:41] WARNING: Ignoring duplicate client file in resource 'vrp': 'Imagens/Fundo.png'
[2026-09-25 04:57:41] Resources: 161 loaded, 0 failed
[2026-09-25 04:57:41] Starting resources...
[2026-09-25 04:57:41] [MYSQL] Connected to database 'pdz' at 127.0.0.1:3306
[2026-09-25 04:57:41] Server minclientversion is now 1.6.0-9.24109.0
[2026-09-25 04:57:41] WARNING: hud/c_overlay_top_right.lua(Line 106) [Client] getControlState is deprecated and may not work in future versions. Please replace with getPedControlState.
[2026-09-25 04:57:41] WARNING: hud/c_overlay_bottom_center.lua(Line 90) [Client] getControlState is deprecated and may not work in future versions. Please replace with getPedControlState.
[2026-09-25 04:57:41] Some files in 'hud' use deprecated functions.
[2026-09-25 04:57:41] Use the 'upgrade' command to perform a basic upgrade of resources.
[2026-09-25 04:57:41] WARNING: account/c_main.lua(Line 5) [Client] showPlayerHudComponent is deprecated and may not work in future versions. Please replace with setPlayerHudComponentVisible.
[2026-09-25 04:57:41] WARNING: account/c_main.lua(Line 7) [Client] showPlayerHudComponent is deprecated and may not work in future versions. Please replace with setPlayerHudComponentVisible.
[2026-09-25 04:57:41] WARNING: account/c_main.lua(Line 9) [Client] showPlayerHudComponent is deprecated and may not work in future versions. Please replace with setPlayerHudComponentVisible.
[2026-09-25 04:57:41] WARNING: account/c_main.lua(Line 11) [Client] showPlayerHudComponent is deprecated and may not work in future versions. Please replace with setPlayerHudComponentVisible.
[2026-09-25 04:57:41] WARNING: account/c_main.lua(Line 13) [Client] showPlayerHudComponent is deprecated and may not work in future versions. Please replace with setPlayerHudComponentVisible.
[2026-09-25 04:57:41] WARNING: account/c_main.lua(Line 15) [Client] showPlayerHudComponent is deprecated and may not work in future versions. Please replace with setPlayerHudComponentVisible.
[2026-09-25 04:57:41] WARNING: account/c_main.lua(Line 17) [Client] showPlayerHudComponent is deprecated and may not work in future versions. Please replace with setPlayerHudComponentVisible.
[2026-09-25 04:57:41] WARNING: account/c_main.lua(Line 19) [Client] showPlayerHudComponent is deprecated and may not work in future versions. Please replace with setPlayerHudComponentVisible.
[2026-09-25 04:57:41] WARNING: account/c_main.lua(Line 21) [Client] showPlayerHudComponent is deprecated and may not work in future versions. Please replace with setPlayerHudComponentVisible.
[2026-09-25 04:57:41] WARNING: account/c_main.lua(Line 23) [Client] showPlayerHudComponent is deprecated and may not work in future versions. Please replace with setPlayerHudComponentVisible.
[2026-09-25 04:57:41] WARNING: account/c_main.lua(Line 25) [Client] showPlayerHudComponent is deprecated and may not work in future versions. Please replace with setPlayerHudComponentVisible.
[2026-09-25 04:57:41] WARNING: account/c_characters.lua(Line 13) [Client] showPlayerHudComponent is deprecated and may not work in future versions. Please replace with setPlayerHudComponentVisible.
[2026-09-25 04:57:41] WARNING: account/c_options.lua(Line 519) [Client] setControlState is deprecated and may not work in future versions. Please replace with setPedControlState.
[2026-09-25 04:57:41] Some files in 'account' use deprecated functions.
[2026-09-25 04:57:41] Use the 'upgrade' command to perform a basic upgrade of resources.
[2026-09-25 04:57:41] WARNING: admin-system/Player/s_teleport.lua(Line 123) [Server] setVehicleTurnVelocity is deprecated and may not work in future versions. Please replace with setElementAngularVelocity.
[2026-09-25 04:57:41] WARNING: admin-system/Player/s_teleport.lua(Line 313) [Server] setVehicleTurnVelocity is deprecated and may not work in future versions. Please replace with setElementAngularVelocity.
[2026-09-25 04:57:41] WARNING: admin-system/Player/s_teleport.lua(Line 534) [Server] setVehicleTurnVelocity is deprecated and may not work in future versions. Please replace with setElementAngularVelocity.
[2026-09-25 04:57:41] WARNING: admin-system/Player/s_teleport.lua(Line 792) [Server] setVehicleTurnVelocity is deprecated and may not work in future versions. Please replace with setElementAngularVelocity.
[2026-09-25 04:57:41] WARNING: admin-system/Player/s_teleport.lua(Line 1176) [Server] setVehicleTurnVelocity is deprecated and may not work in future versions. Please replace with setElementAngularVelocity.
[2026-09-25 04:57:41] WARNING: admin-system/Player/s_teleport.lua(Line 1326) [Server] setVehicleTurnVelocity is deprecated and may not work in future versions. Please replace with setElementAngularVelocity.
[2026-09-25 04:57:41] WARNING: admin-system/c_overlay.lua(Line 460) [Client] getControlState is deprecated and may not work in future versions. Please replace with getPedControlState.
[2026-09-25 04:57:41] Some files in 'admin-system' use deprecated functions.
[2026-09-25 04:57:41] Use the 'upgrade' command to perform a basic upgrade of resources.
[2026-09-25 04:57:41] Server password cleared
[2026-09-25 04:57:41] WARNING: driveby/driveby_client.lua(Line 1024) [Client] setControlState is deprecated and may not work in future versions. Please replace with setPedControlState.
[2026-09-25 04:57:41] Some files in 'driveby' use deprecated functions.
[2026-09-25 04:57:41] Use the 'upgrade' command to perform a basic upgrade of resources.
[2026-09-25 04:57:41] WARNING: elevator-system/s_elevator_system.lua(Line 1445) [Server] setVehicleTurnVelocity is deprecated and may not work in future versions. Please replace with setElementAngularVelocity.
[2026-09-25 04:57:41] WARNING: elevator-system/s_elevator_system.lua(Line 1553) [Server] setVehicleTurnVelocity is deprecated and may not work in future versions. Please replace with setElementAngularVelocity.
[2026-09-25 04:57:41] Some files in 'elevator-system' use deprecated functions.
[2026-09-25 04:57:41] Use the 'upgrade' command to perform a basic upgrade of resources.
[2026-09-25 04:57:41] WARNING: fuel-system/s_fuel_peds.lua(Line 2522) [Server] setVehicleTurnVelocity is deprecated and may not work in future versions. Please replace with setElementAngularVelocity.
[2026-09-25 04:57:42] Some files in 'fuel-system' use deprecated functions.
[2026-09-25 04:57:42] Use the 'upgrade' command to perform a basic upgrade of resources.
[2026-09-25 04:57:42] Please wait...
[2026-09-25 04:57:42] WARNING: heligrab/c_heli.lua(Line 756) [Client] getControlState is deprecated and may not work in future versions. Please replace with getPedControlState.
[2026-09-25 04:57:42] Some files in 'heligrab' use deprecated functions.
[2026-09-25 04:57:42] Use the 'upgrade' command to perform a basic upgrade of resources.
[2026-09-25 04:57:42] WARNING: interior-system/blips_s.lua [Server] is encoded in ANSI instead of UTF-8.  Please convert your file to UTF-8.
[2026-09-25 04:57:42] Some files in 'interior-system' use deprecated functions.
[2026-09-25 04:57:42] Use the 'upgrade' command to perform a basic upgrade of resources.
[2026-09-25 04:57:42] WARNING: Script 'interior-system\blips_s.lua' is not encoded in UTF-8.  Loading as ANSI...
[2026-09-25 04:57:42] SCRIPT ERROR: interior-system\blips_s.lua:1: unexpected symbol near 'char(28)'
[2026-09-25 04:57:42] ERROR: Loading script failed: interior-system\blips_s.lua:1: unexpected symbol near 'char(28)'
[2026-09-25 04:57:42] WARNING: item-system/s_inventory.lua [Server] is encoded in ANSI instead of UTF-8.  Please convert your file to UTF-8.
[2026-09-25 04:57:42] WARNING: item-system/c_itemchange.lua(Line 9) [Client] showPlayerHudComponent is deprecated and may not work in future versions. Please replace with setPlayerHudComponentVisible.
[2026-09-25 04:57:42] WARNING: item-system/c_itemchange.lua(Line 13) [Client] showPlayerHudComponent is deprecated and may not work in future versions. Please replace with setPlayerHudComponentVisible.
[2026-09-25 04:57:42] Some files in 'item-system' use deprecated functions.
[2026-09-25 04:57:42] Use the 'upgrade' command to perform a basic upgrade of resources.
[2026-09-25 04:57:42] WARNING: Script 'item-system\s_inventory.lua' is not encoded in UTF-8.  Loading as ANSI...
[2026-09-25 04:57:42] SCRIPT ERROR: item-system\s_inventory.lua:1: unexpected symbol near 'char(28)'
[2026-09-25 04:57:42] ERROR: Loading script failed: item-system\s_inventory.lua:1: unexpected symbol near 'char(28)'
[2026-09-25 04:57:42] WARNING: item-texture\s_itemtexture.lua:173: Bad argument @ 'getElementsByType' [Expected element at argument 2, got boolean]
[2026-09-25 04:57:42] INFO: item-texture: Loading textures for 0 world items
[2026-09-25 04:57:42] INFO: item-texture: 0 clients waiting on initial sync.
[2026-09-25 04:57:42] INFO: item-texture: 0 textured elements were added for initial sync.
[2026-09-25 04:57:42] INFO: [ITEM WORLD] Loading 0 world items will be finished in approximately 0.05 seconds.
[2026-09-25 04:57:42] WARNING: job-system-trucker/s_trucker_job.lua(Line 2690) [Server] setVehicleTurnVelocity is deprecated and may not work in future versions. Please replace with setElementAngularVelocity.
[2026-09-25 04:57:42] WARNING: job-system-trucker/s_trucker_job.lua(Line 2750) [Server] setVehicleTurnVelocity is deprecated and may not work in future versions. Please replace with setElementAngularVelocity.
[2026-09-25 04:57:42] WARNING: job-system-trucker/s_trucker_job.lua(Line 2810) [Server] setVehicleTurnVelocity is deprecated and may not work in future versions. Please replace with setElementAngularVelocity.
[2026-09-25 04:57:42] WARNING: job-system-trucker/s_trucker_job.lua(Line 2870) [Server] setVehicleTurnVelocity is deprecated and may not work in future versions. Please replace with setElementAngularVelocity.
[2026-09-25 04:57:42] WARNING: job-system-trucker/c_overlay.lua(Line 1166) [Client] getControlState is deprecated and may not work in future versions. Please replace with getPedControlState.
[2026-09-25 04:57:42] WARNING: job-system-trucker/s_marker.lua [Server] is encoded in ANSI instead of UTF-8.  Please convert your file to UTF-8.
[2026-09-25 04:57:42] Some files in 'job-system-trucker' use deprecated functions.
[2026-09-25 04:57:42] Use the 'upgrade' command to perform a basic upgrade of resources.
[2026-09-25 04:57:42] WARNING: Script 'job-system-trucker\s_marker.lua' is not encoded in UTF-8.  Loading as ANSI...
[2026-09-25 04:57:42] SCRIPT ERROR: job-system-trucker\s_marker.lua:1: unexpected symbol near 'char(28)'
[2026-09-25 04:57:42] ERROR: Loading script failed: job-system-trucker\s_marker.lua:1: unexpected symbol near 'char(28)'
[2026-09-25 04:57:42] INFO: [JOB-SYSTEM-TRUCKER] Fetched 2 actual orders sucessfully from SQL
[2026-09-25 04:57:42] WARNING: pd-system/c_policedeagle.lua(Line 437) [Client] getControlState is deprecated and may not work in future versions. Please replace with getPedControlState.
[2026-09-25 04:57:42] WARNING: pd-system/c_policeshotgun.lua(Line 331) [Client] getControlState is deprecated and may not work in future versions. Please replace with getPedControlState.
[2026-09-25 04:57:42] Some files in 'pd-system' use deprecated functions.
[2026-09-25 04:57:42] Use the 'upgrade' command to perform a basic upgrade of resources.
[2026-09-25 04:57:42] WARNING: realism-system/c_backup_bleepers.lua(Line 333) [Client] getControlState is deprecated and may not work in future versions. Please replace with getPedControlState.
[2026-09-25 04:57:42] WARNING: realism-system/c_cruise_control.lua(Line 141) [Client] setControlState is deprecated and may not work in future versions. Please replace with setPedControlState.
[2026-09-25 04:57:42] WARNING: realism-system/c_cruise_control.lua(Line 149) [Client] setControlState is deprecated and may not work in future versions. Please replace with setPedControlState.
[2026-09-25 04:57:42] WARNING: realism-system/c_cruise_control.lua(Line 201) [Client] setControlState is deprecated and may not work in future versions. Please replace with setPedControlState.
[2026-09-25 04:57:42] WARNING: realism-system/c_fpview.lua(Line 439) [Client] getControlState is deprecated and may not work in future versions. Please replace with getPedControlState.
[2026-09-25 04:57:42] WARNING: realism-system/c_fpview.lua(Line 451) [Client] getControlState is deprecated and may not work in future versions. Please replace with getPedControlState.
[2026-09-25 04:57:42] WARNING: realism-system/c_fpview.lua(Line 463) [Client] getControlState is deprecated and may not work in future versions. Please replace with getPedControlState.
[2026-09-25 04:57:42] WARNING: realism-system/c_heli_rotors.lua(Line 17) [Client] getHelicopterRotorSpeed is deprecated and may not work in future versions. Please replace with getVehicleRotorSpeed.
[2026-09-25 04:57:42] WARNING: realism-system/c_heli_rotors.lua(Line 21) [Client] getHelicopterRotorSpeed is deprecated and may not work in future versions. Please replace with getVehicleRotorSpeed.
[2026-09-25 04:57:42] WARNING: realism-system/c_heli_rotors.lua(Line 25) [Client] setHelicopterRotorSpeed is deprecated and may not work in future versions. Please replace with setVehicleRotorSpeed.
[2026-09-25 04:57:42] WARNING: realism-system/c_carrealism.lua(Line 353) [Client] getControlState is deprecated and may not work in future versions. Please replace with getPedControlState.
[2026-09-25 04:57:42] WARNING: realism-system/handbrake_c.lua(Line 217) [Client] getControlState is deprecated and may not work in future versions. Please replace with getPedControlState.
[2026-09-25 04:57:42] WARNING: realism-system/handbrake_c.lua(Line 221) [Client] setControlState is deprecated and may not work in future versions. Please replace with setPedControlState.
[2026-09-25 04:57:42] Some files in 'realism-system' use deprecated functions.
[2026-09-25 04:57:42] Use the 'upgrade' command to perform a basic upgrade of resources.
[2026-09-25 04:57:42] WARNING: report-system/c_external_report_box.lua(Line 265) [Client] getControlState is deprecated and may not work in future versions. Please replace with getPedControlState.
[2026-09-25 04:57:42] WARNING: report-system/c_top_right_box.lua(Line 84) [Client] getControlState is deprecated and may not work in future versions. Please replace with getPedControlState.
[2026-09-25 04:57:42] Some files in 'report-system' use deprecated functions.
[2026-09-25 04:57:42] Use the 'upgrade' command to perform a basic upgrade of resources.
[2026-09-25 04:57:42] INFO: Loaded 0 reports.
[2026-09-25 04:57:43] WARNING: scoreboard/c_tab.lua(Line 404) [Client] getControlState is deprecated and may not work in future versions. Please replace with getPedControlState.
[2026-09-25 04:57:43] Some files in 'scoreboard' use deprecated functions.
[2026-09-25 04:57:43] Use the 'upgrade' command to perform a basic upgrade of resources.
[2026-09-25 04:57:43] WARNING: shop-system/s_generalshop_system.lua(Line 672) [Server] setVehicleTurnVelocity is deprecated and may not work in future versions. Please replace with setElementAngularVelocity.
[2026-09-25 04:57:43] Some files in 'shop-system' use deprecated functions.
[2026-09-25 04:57:43] Use the 'upgrade' command to perform a basic upgrade of resources.
[2026-09-25 04:57:43] WARNING: spike-system/c_spikes.lua(Line 93) [Client] getVehicleTurnVelocity is deprecated and may not work in future versions. Please replace with getElementAngularVelocity.
[2026-09-25 04:57:43] WARNING: spike-system/c_spikes.lua(Line 97) [Client] setVehicleTurnVelocity is deprecated and may not work in future versions. Please replace with setElementAngularVelocity.
[2026-09-25 04:57:43] Some files in 'spike-system' use deprecated functions.
[2026-09-25 04:57:43] Use the 'upgrade' command to perform a basic upgrade of resources.
[2026-09-25 04:57:43] WARNING: vehicle-interiors/s_vehicle_interiors.lua(Line 1936) [Server] setVehicleTurnVelocity is deprecated and may not work in future versions. Please replace with setElementAngularVelocity.
[2026-09-25 04:57:43] Some files in 'vehicle-interiors' use deprecated functions.
[2026-09-25 04:57:43] Use the 'upgrade' command to perform a basic upgrade of resources.
[2026-09-25 04:57:43] WARNING: superman/c_superman.lua(Line 1352) [Client] getControlState is deprecated and may not work in future versions. Please replace with getPedControlState.
[2026-09-25 04:57:43] WARNING: superman/c_superman.lua(Line 1391) [Client] getControlState is deprecated and may not work in future versions. Please replace with getPedControlState.
[2026-09-25 04:57:43] WARNING: superman/c_superman.lua(Line 1399) [Client] getControlState is deprecated and may not work in future versions. Please replace with getPedControlState.
[2026-09-25 04:57:43] WARNING: superman/c_superman.lua(Line 1415) [Client] getControlState is deprecated and may not work in future versions. Please replace with getPedControlState.
[2026-09-25 04:57:43] WARNING: superman/c_superman.lua(Line 1423) [Client] getControlState is deprecated and may not work in future versions. Please replace with getPedControlState.
[2026-09-25 04:57:43] WARNING: superman/c_superman.lua(Line 1459) [Client] getControlState is deprecated and may not work in future versions. Please replace with getPedControlState.
[2026-09-25 04:57:43] WARNING: superman/c_superman.lua(Line 1487) [Client] getControlState is deprecated and may not work in future versions. Please replace with getPedControlState.
[2026-09-25 04:57:43] WARNING: superman/c_superman.lua(Line 1499) [Client] getControlState is deprecated and may not work in future versions. Please replace with getPedControlState.
[2026-09-25 04:57:43] WARNING: superman/c_superman.lua(Line 2094) [Client] getControlState is deprecated and may not work in future versions. Please replace with getPedControlState.
[2026-09-25 04:57:43] Some files in 'superman' use deprecated functions.
[2026-09-25 04:57:43] Use the 'upgrade' command to perform a basic upgrade of resources.
[2026-09-25 04:57:43] WARNING: gate-manager/s_gate_manager.lua(Line 802) [Server] setVehicleTurnVelocity is deprecated and may not work in future versions. Please replace with setElementAngularVelocity.
[2026-09-25 04:57:43] Some files in 'gate-manager' use deprecated functions.
[2026-09-25 04:57:43] Use the 'upgrade' command to perform a basic upgrade of resources.
[2026-09-25 04:57:44] WARNING: sfia/s_airtrack.lua(Line 227) [Server] showPlayerHudComponent is deprecated and may not work in future versions. Please replace with setPlayerHudComponentVisible.
[2026-09-25 04:57:44] WARNING: sfia/s_airtrack.lua(Line 263) [Server] showPlayerHudComponent is deprecated and may not work in future versions. Please replace with setPlayerHudComponentVisible.
[2026-09-25 04:57:44] Some files in 'sfia' use deprecated functions.
[2026-09-25 04:57:44] Use the 'upgrade' command to perform a basic upgrade of resources.
[2026-09-25 04:57:44] WARNING: vehicle-manager/s_vehicle_commands.lua(Line 789) [Server] setVehicleTurnVelocity is deprecated and may not work in future versions. Please replace with setElementAngularVelocity.
[2026-09-25 04:57:44] Some files in 'vehicle-manager' use deprecated functions.
[2026-09-25 04:57:44] Use the 'upgrade' command to perform a basic upgrade of resources.
[2026-09-25 04:57:44] INFO: Loaded 0 texture records for all interiors in 0ms
[2026-09-25 04:57:44] WARNING: announcement/client.lua(Line 76) [Client] getControlState is deprecated and may not work in future versions. Please replace with getPedControlState.
[2026-09-25 04:57:44] Some files in 'announcement' use deprecated functions.
[2026-09-25 04:57:44] Use the 'upgrade' command to perform a basic upgrade of resources.
[2026-09-25 04:57:44] INFO: LeFire Script loaded ...
[2026-09-25 04:57:44] INFO: Loaded 0 animated texture records in 0ms
[2026-09-25 04:57:44] INFO: PRISON-SYSTEM: Loaded 24 cell gates from s_gates.lua
[2026-09-25 04:57:45] WARNING: vrp/client.lua(Line 246) [Client] showPlayerHudComponent is deprecated and may not work in future versions. Please replace with setPlayerHudComponentVisible.
[2026-09-25 04:57:45] Some files in 'vrp' use deprecated functions.
[2026-09-25 04:57:45] Use the 'upgrade' command to perform a basic upgrade of resources.
[2026-09-25 04:57:45] Querying MTA master server... success! (Auto detected IP:9.246.91.224)
[2026-09-25 04:57:45] Authorized serial account protection is enabled for the ACL group(s): `Admin`  See http://multitheftauto.com/authserial
[2026-09-25 04:57:45] WARNING: <owner_email_address> not set
[2026-09-25 04:57:45] Server started and is ready to accept connections!
[2026-09-25 04:57:45] To stop the server, type 'shutdown' or press Ctrl-C
[2026-09-25 04:57:45] Type 'help' for a list of commands.
[2026-09-25 04:57:48] INFO: [WEATHER] / Line 57 / SQL Settings for weather successfully altered.
[2026-09-25 04:58:11] INFO: [ELEVATOR] Spawning 0 elevators will be finished in approx. 0 seconds.
[2026-09-25 04:58:42] Stopping item-texture
[2026-09-25 04:58:42] Starting item-texture
[2026-09-25 04:58:42] INFO: item-texture: Loading textures for 0 world items
[2026-09-25 04:58:42] INFO: item-texture: 0 clients waiting on initial sync.
[2026-09-25 04:58:42] INFO: item-texture: 0 textured elements were added for initial sync.
[2026-09-25 04:58:42] item-texture restarted successfully
[2026-09-25 05:02:42] WARNING: report-system\s_reports.lua:329: Bad argument @ 'getPlayersInTeam' [Expected team at argument 1, got nil]
[2026-09-25 05:02:42] ERROR: report-system\s_reports.lua:329: attempt to get length of a boolean value
[2026-09-25 05:07:42] INFO: [JOB-SYSTEM-TRUCKER] Fetched 0 actual orders sucessfully from SQL
[2026-09-25 05:07:48] WARNING: report-system\s_reports.lua:329: Bad argument @ 'getPlayersInTeam' [Expected team at argument 1, got nil]
[2026-09-25 05:07:48] ERROR: report-system\s_reports.lua:329: attempt to get length of a boolean value
[2026-09-25 05:12:42] WARNING: report-system\s_reports.lua:329: Bad argument @ 'getPlayersInTeam' [Expected team at argument 1, got nil]
[2026-09-25 05:12:42] ERROR: report-system\s_reports.lua:329: attempt to get length of a boolean value
[2026-09-25 05:17:42] INFO: [JOB-SYSTEM-TRUCKER] Fetched 0 actual orders sucessfully from SQL
[2026-09-25 05:17:48] WARNING: report-system\s_reports.lua:329: Bad argument @ 'getPlayersInTeam' [Expected team at argument 1, got nil]
[2026-09-25 05:17:48] ERROR: report-system\s_reports.lua:329: attempt to get length of a boolean value
[2026-09-25 05:22:43] WARNING: report-system\s_reports.lua:329: Bad argument @ 'getPlayersInTeam' [Expected team at argument 1, got nil]
[2026-09-25 05:22:43] ERROR: report-system\s_reports.lua:329: attempt to get length of a boolean value
[2026-09-25 05:26:48] INFO: [WEATHER] / Line 57 / SQL Settings for weather successfully altered.
[2026-09-25 05:27:42] INFO: [JOB-SYSTEM-TRUCKER] Fetched 0 actual orders sucessfully from SQL
[2026-09-25 05:27:48] WARNING: report-system\s_reports.lua:329: Bad argument @ 'getPlayersInTeam' [Expected team at argument 1, got nil]
[2026-09-25 05:27:48] ERROR: report-system\s_reports.lua:329: attempt to get length of a boolean value
[2026-09-25 05:32:43] WARNING: report-system\s_reports.lua:329: Bad argument @ 'getPlayersInTeam' [Expected team at argument 1, got nil]
[2026-09-25 05:32:43] ERROR: report-system\s_reports.lua:329: attempt to get length of a boolean value
[2026-09-25 05:37:42] INFO: [JOB-SYSTEM-TRUCKER] Fetched 0 actual orders sucessfully from SQL
[2026-09-25 05:37:48] WARNING: report-system\s_reports.lua:329: Bad argument @ 'getPlayersInTeam' [Expected team at argument 1, got nil]
[2026-09-25 05:37:48] ERROR: report-system\s_reports.lua:329: attempt to get length of a boolean value
[2026-09-25 05:42:43] WARNING: report-system\s_reports.lua:329: Bad argument @ 'getPlayersInTeam' [Expected team at argument 1, got nil]
[2026-09-25 05:42:43] ERROR: report-system\s_reports.lua:329: attempt to get length of a boolean value
[2026-09-25 05:47:42] INFO: [JOB-SYSTEM-TRUCKER] Fetched 0 actual orders sucessfully from SQL
[2026-09-25 05:47:48] WARNING: report-system\s_reports.lua:329: Bad argument @ 'getPlayersInTeam' [Expected team at argument 1, got nil]
[2026-09-25 05:47:48] ERROR: report-system\s_reports.lua:329: attempt to get length of a boolean value
[2026-09-25 05:52:43] WARNING: report-system\s_reports.lua:329: Bad argument @ 'getPlayersInTeam' [Expected team at argument 1, got nil]
[2026-09-25 05:52:43] ERROR: report-system\s_reports.lua:329: attempt to get length of a boolean value
[2026-09-25 05:57:42] INFO: [JOB-SYSTEM-TRUCKER] Fetched 0 actual orders sucessfully from SQL
[2026-09-25 05:57:43] INFO: WORLDSAVE INCOMING
[2026-09-25 05:57:43] INFO: [DATA] Saved Faction Drop NPC logs records.
[2026-09-25 05:57:43] WARNING: report-system\s_reports.lua:329: Bad argument @ 'getPlayersInTeam' [Expected team at argument 1, got nil]
[2026-09-25 05:57:43] ERROR: report-system\s_reports.lua:329: attempt to get length of a boolean value
==================================================================
= Multi Theft Auto: San Andreas v1.6
==================================================================
= Server name      : Direct Backup V3
= Server IP address: auto
= Server port      : 22221
= 
= Log file         : ../MTA/server/mods/deathmatch/logs/server.log
= Maximum players  : 32
= HTTP port        : 22221
= Voice Chat       : Disabled
= Bandwidth saving : None
==================================================================
[2026-09-25 17:44:02] WARNING: Ignoring duplicate client file in resource 'vrp': 'Imagens/Fundo.png'
[2026-09-25 17:44:02] Resources: 161 loaded, 0 failed
[2026-09-25 17:44:02] Starting resources...
[2026-09-25 17:44:04] [MYSQL] Connected to database 'pdz' at 127.0.0.1:3306
[2026-09-25 17:44:04] Server minclientversion is now 1.6.0-9.24109.0
[2026-09-25 17:44:04] WARNING: hud/c_overlay_top_right.lua(Line 106) [Client] getControlState is deprecated and may not work in future versions. Please replace with getPedControlState.
[2026-09-25 17:44:04] WARNING: hud/c_overlay_bottom_center.lua(Line 90) [Client] getControlState is deprecated and may not work in future versions. Please replace with getPedControlState.
[2026-09-25 17:44:04] Some files in 'hud' use deprecated functions.
[2026-09-25 17:44:04] Use the 'upgrade' command to perform a basic upgrade of resources.
[2026-09-25 17:44:05] WARNING: account/c_main.lua(Line 5) [Client] showPlayerHudComponent is deprecated and may not work in future versions. Please replace with setPlayerHudComponentVisible.
[2026-09-25 17:44:05] WARNING: account/c_main.lua(Line 7) [Client] showPlayerHudComponent is deprecated and may not work in future versions. Please replace with setPlayerHudComponentVisible.
[2026-09-25 17:44:05] WARNING: account/c_main.lua(Line 9) [Client] showPlayerHudComponent is deprecated and may not work in future versions. Please replace with setPlayerHudComponentVisible.
[2026-09-25 17:44:05] WARNING: account/c_main.lua(Line 11) [Client] showPlayerHudComponent is deprecated and may not work in future versions. Please replace with setPlayerHudComponentVisible.
[2026-09-25 17:44:05] WARNING: account/c_main.lua(Line 13) [Client] showPlayerHudComponent is deprecated and may not work in future versions. Please replace with setPlayerHudComponentVisible.
[2026-09-25 17:44:05] WARNING: account/c_main.lua(Line 15) [Client] showPlayerHudComponent is deprecated and may not work in future versions. Please replace with setPlayerHudComponentVisible.
[2026-09-25 17:44:05] WARNING: account/c_main.lua(Line 17) [Client] showPlayerHudComponent is deprecated and may not work in future versions. Please replace with setPlayerHudComponentVisible.
[2026-09-25 17:44:05] WARNING: account/c_main.lua(Line 19) [Client] showPlayerHudComponent is deprecated and may not work in future versions. Please replace with setPlayerHudComponentVisible.
[2026-09-25 17:44:05] WARNING: account/c_main.lua(Line 21) [Client] showPlayerHudComponent is deprecated and may not work in future versions. Please replace with setPlayerHudComponentVisible.
[2026-09-25 17:44:05] WARNING: account/c_main.lua(Line 23) [Client] showPlayerHudComponent is deprecated and may not work in future versions. Please replace with setPlayerHudComponentVisible.
[2026-09-25 17:44:05] WARNING: account/c_main.lua(Line 25) [Client] showPlayerHudComponent is deprecated and may not work in future versions. Please replace with setPlayerHudComponentVisible.
[2026-09-25 17:44:05] WARNING: account/c_characters.lua(Line 13) [Client] showPlayerHudComponent is deprecated and may not work in future versions. Please replace with setPlayerHudComponentVisible.
[2026-09-25 17:44:05] WARNING: account/c_options.lua(Line 519) [Client] setControlState is deprecated and may not work in future versions. Please replace with setPedControlState.
[2026-09-25 17:44:05] Some files in 'account' use deprecated functions.
[2026-09-25 17:44:05] Use the 'upgrade' command to perform a basic upgrade of resources.
[2026-09-25 17:44:05] WARNING: admin-system/Player/s_teleport.lua(Line 123) [Server] setVehicleTurnVelocity is deprecated and may not work in future versions. Please replace with setElementAngularVelocity.
[2026-09-25 17:44:05] WARNING: admin-system/Player/s_teleport.lua(Line 313) [Server] setVehicleTurnVelocity is deprecated and may not work in future versions. Please replace with setElementAngularVelocity.
[2026-09-25 17:44:05] WARNING: admin-system/Player/s_teleport.lua(Line 534) [Server] setVehicleTurnVelocity is deprecated and may not work in future versions. Please replace with setElementAngularVelocity.
[2026-09-25 17:44:05] WARNING: admin-system/Player/s_teleport.lua(Line 792) [Server] setVehicleTurnVelocity is deprecated and may not work in future versions. Please replace with setElementAngularVelocity.
[2026-09-25 17:44:05] WARNING: admin-system/Player/s_teleport.lua(Line 1176) [Server] setVehicleTurnVelocity is deprecated and may not work in future versions. Please replace with setElementAngularVelocity.
[2026-09-25 17:44:05] WARNING: admin-system/Player/s_teleport.lua(Line 1326) [Server] setVehicleTurnVelocity is deprecated and may not work in future versions. Please replace with setElementAngularVelocity.
[2026-09-25 17:44:05] WARNING: admin-system/c_overlay.lua(Line 460) [Client] getControlState is deprecated and may not work in future versions. Please replace with getPedControlState.
[2026-09-25 17:44:05] Some files in 'admin-system' use deprecated functions.
[2026-09-25 17:44:05] Use the 'upgrade' command to perform a basic upgrade of resources.
[2026-09-25 17:44:05] Server password cleared
[2026-09-25 17:44:05] WARNING: driveby/driveby_client.lua(Line 1024) [Client] setControlState is deprecated and may not work in future versions. Please replace with setPedControlState.
[2026-09-25 17:44:05] Some files in 'driveby' use deprecated functions.
[2026-09-25 17:44:05] Use the 'upgrade' command to perform a basic upgrade of resources.
[2026-09-25 17:44:05] WARNING: elevator-system/s_elevator_system.lua(Line 1445) [Server] setVehicleTurnVelocity is deprecated and may not work in future versions. Please replace with setElementAngularVelocity.
[2026-09-25 17:44:05] WARNING: elevator-system/s_elevator_system.lua(Line 1553) [Server] setVehicleTurnVelocity is deprecated and may not work in future versions. Please replace with setElementAngularVelocity.
[2026-09-25 17:44:05] Some files in 'elevator-system' use deprecated functions.
[2026-09-25 17:44:05] Use the 'upgrade' command to perform a basic upgrade of resources.
[2026-09-25 17:44:05] WARNING: fuel-system/s_fuel_peds.lua(Line 2522) [Server] setVehicleTurnVelocity is deprecated and may not work in future versions. Please replace with setElementAngularVelocity.
[2026-09-25 17:44:05] Some files in 'fuel-system' use deprecated functions.
[2026-09-25 17:44:05] Use the 'upgrade' command to perform a basic upgrade of resources.
[2026-09-25 17:44:05] Please wait...
[2026-09-25 17:44:05] WARNING: heligrab/c_heli.lua(Line 756) [Client] getControlState is deprecated and may not work in future versions. Please replace with getPedControlState.
[2026-09-25 17:44:05] Some files in 'heligrab' use deprecated functions.
[2026-09-25 17:44:05] Use the 'upgrade' command to perform a basic upgrade of resources.
[2026-09-25 17:44:05] WARNING: item-system/c_itemchange.lua(Line 9) [Client] showPlayerHudComponent is deprecated and may not work in future versions. Please replace with setPlayerHudComponentVisible.
[2026-09-25 17:44:05] WARNING: item-system/c_itemchange.lua(Line 13) [Client] showPlayerHudComponent is deprecated and may not work in future versions. Please replace with setPlayerHudComponentVisible.
[2026-09-25 17:44:05] Some files in 'item-system' use deprecated functions.
[2026-09-25 17:44:05] Use the 'upgrade' command to perform a basic upgrade of resources.
[2026-09-25 17:44:05] WARNING: item-texture\s_itemtexture.lua:173: Bad argument @ 'getElementsByType' [Expected element at argument 2, got boolean]
[2026-09-25 17:44:05] INFO: item-texture: Loading textures for 0 world items
[2026-09-25 17:44:05] INFO: item-texture: 0 clients waiting on initial sync.
[2026-09-25 17:44:05] INFO: item-texture: 0 textured elements were added for initial sync.
[2026-09-25 17:44:06] INFO: [ITEM WORLD] Loading 0 world items will be finished in approximately 0.05 seconds.
[2026-09-25 17:44:06] WARNING: job-system-trucker/s_trucker_job.lua(Line 2690) [Server] setVehicleTurnVelocity is deprecated and may not work in future versions. Please replace with setElementAngularVelocity.
[2026-09-25 17:44:06] WARNING: job-system-trucker/s_trucker_job.lua(Line 2750) [Server] setVehicleTurnVelocity is deprecated and may not work in future versions. Please replace with setElementAngularVelocity.
[2026-09-25 17:44:06] WARNING: job-system-trucker/s_trucker_job.lua(Line 2810) [Server] setVehicleTurnVelocity is deprecated and may not work in future versions. Please replace with setElementAngularVelocity.
[2026-09-25 17:44:06] WARNING: job-system-trucker/s_trucker_job.lua(Line 2870) [Server] setVehicleTurnVelocity is deprecated and may not work in future versions. Please replace with setElementAngularVelocity.
[2026-09-25 17:44:06] WARNING: job-system-trucker/c_overlay.lua(Line 1166) [Client] getControlState is deprecated and may not work in future versions. Please replace with getPedControlState.
[2026-09-25 17:44:06] Some files in 'job-system-trucker' use deprecated functions.
[2026-09-25 17:44:06] Use the 'upgrade' command to perform a basic upgrade of resources.
[2026-09-25 17:44:06] INFO: [JOB-SYSTEM-TRUCKER] Fetched 2 actual orders sucessfully from SQL
[2026-09-25 17:44:06] WARNING: pd-system/c_policedeagle.lua(Line 437) [Client] getControlState is deprecated and may not work in future versions. Please replace with getPedControlState.
[2026-09-25 17:44:06] WARNING: pd-system/c_policeshotgun.lua(Line 331) [Client] getControlState is deprecated and may not work in future versions. Please replace with getPedControlState.
[2026-09-25 17:44:06] Some files in 'pd-system' use deprecated functions.
[2026-09-25 17:44:06] Use the 'upgrade' command to perform a basic upgrade of resources.
[2026-09-25 17:44:06] WARNING: realism-system/c_backup_bleepers.lua(Line 333) [Client] getControlState is deprecated and may not work in future versions. Please replace with getPedControlState.
[2026-09-25 17:44:06] WARNING: realism-system/c_cruise_control.lua(Line 141) [Client] setControlState is deprecated and may not work in future versions. Please replace with setPedControlState.
[2026-09-25 17:44:06] WARNING: realism-system/c_cruise_control.lua(Line 149) [Client] setControlState is deprecated and may not work in future versions. Please replace with setPedControlState.
[2026-09-25 17:44:06] WARNING: realism-system/c_cruise_control.lua(Line 201) [Client] setControlState is deprecated and may not work in future versions. Please replace with setPedControlState.
[2026-09-25 17:44:06] WARNING: realism-system/c_fpview.lua(Line 439) [Client] getControlState is deprecated and may not work in future versions. Please replace with getPedControlState.
[2026-09-25 17:44:06] WARNING: realism-system/c_fpview.lua(Line 451) [Client] getControlState is deprecated and may not work in future versions. Please replace with getPedControlState.
[2026-09-25 17:44:06] WARNING: realism-system/c_fpview.lua(Line 463) [Client] getControlState is deprecated and may not work in future versions. Please replace with getPedControlState.
[2026-09-25 17:44:06] WARNING: realism-system/c_heli_rotors.lua(Line 17) [Client] getHelicopterRotorSpeed is deprecated and may not work in future versions. Please replace with getVehicleRotorSpeed.
[2026-09-25 17:44:06] WARNING: realism-system/c_heli_rotors.lua(Line 21) [Client] getHelicopterRotorSpeed is deprecated and may not work in future versions. Please replace with getVehicleRotorSpeed.
[2026-09-25 17:44:06] WARNING: realism-system/c_heli_rotors.lua(Line 25) [Client] setHelicopterRotorSpeed is deprecated and may not work in future versions. Please replace with setVehicleRotorSpeed.
[2026-09-25 17:44:06] WARNING: realism-system/c_carrealism.lua(Line 353) [Client] getControlState is deprecated and may not work in future versions. Please replace with getPedControlState.
[2026-09-25 17:44:06] WARNING: realism-system/handbrake_c.lua(Line 217) [Client] getControlState is deprecated and may not work in future versions. Please replace with getPedControlState.
[2026-09-25 17:44:06] WARNING: realism-system/handbrake_c.lua(Line 221) [Client] setControlState is deprecated and may not work in future versions. Please replace with setPedControlState.
[2026-09-25 17:44:06] Some files in 'realism-system' use deprecated functions.
[2026-09-25 17:44:06] Use the 'upgrade' command to perform a basic upgrade of resources.
[2026-09-25 17:44:06] WARNING: report-system/c_external_report_box.lua(Line 265) [Client] getControlState is deprecated and may not work in future versions. Please replace with getPedControlState.
[2026-09-25 17:44:06] WARNING: report-system/c_top_right_box.lua(Line 84) [Client] getControlState is deprecated and may not work in future versions. Please replace with getPedControlState.
[2026-09-25 17:44:06] Some files in 'report-system' use deprecated functions.
[2026-09-25 17:44:06] Use the 'upgrade' command to perform a basic upgrade of resources.
[2026-09-25 17:44:06] INFO: Loaded 0 reports.
[2026-09-25 17:44:06] WARNING: scoreboard/c_tab.lua(Line 404) [Client] getControlState is deprecated and may not work in future versions. Please replace with getPedControlState.
[2026-09-25 17:44:06] Some files in 'scoreboard' use deprecated functions.
[2026-09-25 17:44:06] Use the 'upgrade' command to perform a basic upgrade of resources.
[2026-09-25 17:44:06] WARNING: shop-system/s_generalshop_system.lua(Line 672) [Server] setVehicleTurnVelocity is deprecated and may not work in future versions. Please replace with setElementAngularVelocity.
[2026-09-25 17:44:06] Some files in 'shop-system' use deprecated functions.
[2026-09-25 17:44:06] Use the 'upgrade' command to perform a basic upgrade of resources.
[2026-09-25 17:44:06] WARNING: spike-system/c_spikes.lua(Line 93) [Client] getVehicleTurnVelocity is deprecated and may not work in future versions. Please replace with getElementAngularVelocity.
[2026-09-25 17:44:06] WARNING: spike-system/c_spikes.lua(Line 97) [Client] setVehicleTurnVelocity is deprecated and may not work in future versions. Please replace with setElementAngularVelocity.
[2026-09-25 17:44:06] Some files in 'spike-system' use deprecated functions.
[2026-09-25 17:44:06] Use the 'upgrade' command to perform a basic upgrade of resources.
[2026-09-25 17:44:06] WARNING: vehicle-interiors/s_vehicle_interiors.lua(Line 1936) [Server] setVehicleTurnVelocity is deprecated and may not work in future versions. Please replace with setElementAngularVelocity.
[2026-09-25 17:44:06] Some files in 'vehicle-interiors' use deprecated functions.
[2026-09-25 17:44:06] Use the 'upgrade' command to perform a basic upgrade of resources.
[2026-09-25 17:44:06] WARNING: superman/c_superman.lua(Line 1352) [Client] getControlState is deprecated and may not work in future versions. Please replace with getPedControlState.
[2026-09-25 17:44:06] WARNING: superman/c_superman.lua(Line 1391) [Client] getControlState is deprecated and may not work in future versions. Please replace with getPedControlState.
[2026-09-25 17:44:06] WARNING: superman/c_superman.lua(Line 1399) [Client] getControlState is deprecated and may not work in future versions. Please replace with getPedControlState.
[2026-09-25 17:44:06] WARNING: superman/c_superman.lua(Line 1415) [Client] getControlState is deprecated and may not work in future versions. Please replace with getPedControlState.
[2026-09-25 17:44:06] WARNING: superman/c_superman.lua(Line 1423) [Client] getControlState is deprecated and may not work in future versions. Please replace with getPedControlState.
[2026-09-25 17:44:06] WARNING: superman/c_superman.lua(Line 1459) [Client] getControlState is deprecated and may not work in future versions. Please replace with getPedControlState.
[2026-09-25 17:44:06] WARNING: superman/c_superman.lua(Line 1487) [Client] getControlState is deprecated and may not work in future versions. Please replace with getPedControlState.
[2026-09-25 17:44:06] WARNING: superman/c_superman.lua(Line 1499) [Client] getControlState is deprecated and may not work in future versions. Please replace with getPedControlState.
[2026-09-25 17:44:06] WARNING: superman/c_superman.lua(Line 2094) [Client] getControlState is deprecated and may not work in future versions. Please replace with getPedControlState.
[2026-09-25 17:44:06] Some files in 'superman' use deprecated functions.
[2026-09-25 17:44:06] Use the 'upgrade' command to perform a basic upgrade of resources.
[2026-09-25 17:44:06] WARNING: gate-manager/s_gate_manager.lua(Line 802) [Server] setVehicleTurnVelocity is deprecated and may not work in future versions. Please replace with setElementAngularVelocity.
[2026-09-25 17:44:06] Some files in 'gate-manager' use deprecated functions.
[2026-09-25 17:44:06] Use the 'upgrade' command to perform a basic upgrade of resources.
[2026-09-25 17:44:07] WARNING: sfia/s_airtrack.lua(Line 227) [Server] showPlayerHudComponent is deprecated and may not work in future versions. Please replace with setPlayerHudComponentVisible.
[2026-09-25 17:44:07] WARNING: sfia/s_airtrack.lua(Line 263) [Server] showPlayerHudComponent is deprecated and may not work in future versions. Please replace with setPlayerHudComponentVisible.
[2026-09-25 17:44:07] Some files in 'sfia' use deprecated functions.
[2026-09-25 17:44:07] Use the 'upgrade' command to perform a basic upgrade of resources.
[2026-09-25 17:44:07] WARNING: vehicle-manager/s_vehicle_commands.lua(Line 789) [Server] setVehicleTurnVelocity is deprecated and may not work in future versions. Please replace with setElementAngularVelocity.
[2026-09-25 17:44:07] Some files in 'vehicle-manager' use deprecated functions.
[2026-09-25 17:44:07] Use the 'upgrade' command to perform a basic upgrade of resources.
[2026-09-25 17:44:07] INFO: Loaded 0 texture records for all interiors in 1ms
[2026-09-25 17:44:07] WARNING: announcement/client.lua(Line 76) [Client] getControlState is deprecated and may not work in future versions. Please replace with getPedControlState.
[2026-09-25 17:44:07] Some files in 'announcement' use deprecated functions.
[2026-09-25 17:44:07] Use the 'upgrade' command to perform a basic upgrade of resources.
[2026-09-25 17:44:07] INFO: LeFire Script loaded ...
[2026-09-25 17:44:07] INFO: Loaded 0 animated texture records in 0ms
[2026-09-25 17:44:07] INFO: PRISON-SYSTEM: Loaded 24 cell gates from s_gates.lua
[2026-09-25 17:44:07] WARNING: vrp/client.lua(Line 246) [Client] showPlayerHudComponent is deprecated and may not work in future versions. Please replace with setPlayerHudComponentVisible.
[2026-09-25 17:44:07] Some files in 'vrp' use deprecated functions.
[2026-09-25 17:44:07] Use the 'upgrade' command to perform a basic upgrade of resources.
[2026-09-25 17:44:07] Querying MTA master server... success! (Auto detected IP:9.246.91.236)
[2026-09-25 17:44:07] Authorized serial account protection is enabled for the ACL group(s): `Admin`  See http://multitheftauto.com/authserial
[2026-09-25 17:44:07] WARNING: <owner_email_address> not set
[2026-09-25 17:44:07] Server started and is ready to accept connections!
[2026-09-25 17:44:07] To stop the server, type 'shutdown' or press Ctrl-C
[2026-09-25 17:44:07] Type 'help' for a list of commands.
[2026-09-25 17:44:11] INFO: [WEATHER] / Line 57 / SQL Settings for weather successfully altered.
==================================================================
= Multi Theft Auto: San Andreas v1.6
==================================================================
= Server name      : Direct Backup V3
= Server IP address: auto
= Server port      : 22221
= 
= Log file         : ../MTA/server/mods/deathmatch/logs/server.log
= Maximum players  : 32
= HTTP port        : 22221
= Voice Chat       : Disabled
= Bandwidth saving : None
==================================================================
[2026-09-25 17:49:56] WARNING: Ignoring duplicate client file in resource 'vrp': 'Imagens/Fundo.png'
[2026-09-25 17:49:56] Resources: 161 loaded, 0 failed
[2026-09-25 17:49:56] Starting resources...
[2026-09-25 17:49:56] [MYSQL] Connected to database 'pdz' at 127.0.0.1:3306
[2026-09-25 17:49:56] Server minclientversion is now 1.6.0-9.24109.0
[2026-09-25 17:49:56] WARNING: hud/c_overlay_top_right.lua(Line 106) [Client] getControlState is deprecated and may not work in future versions. Please replace with getPedControlState.
[2026-09-25 17:49:56] WARNING: hud/c_overlay_bottom_center.lua(Line 90) [Client] getControlState is deprecated and may not work in future versions. Please replace with getPedControlState.
[2026-09-25 17:49:56] Some files in 'hud' use deprecated functions.
[2026-09-25 17:49:56] Use the 'upgrade' command to perform a basic upgrade of resources.
[2026-09-25 17:49:56] WARNING: account/c_main.lua(Line 5) [Client] showPlayerHudComponent is deprecated and may not work in future versions. Please replace with setPlayerHudComponentVisible.
[2026-09-25 17:49:56] WARNING: account/c_main.lua(Line 7) [Client] showPlayerHudComponent is deprecated and may not work in future versions. Please replace with setPlayerHudComponentVisible.
[2026-09-25 17:49:56] WARNING: account/c_main.lua(Line 9) [Client] showPlayerHudComponent is deprecated and may not work in future versions. Please replace with setPlayerHudComponentVisible.
[2026-09-25 17:49:56] WARNING: account/c_main.lua(Line 11) [Client] showPlayerHudComponent is deprecated and may not work in future versions. Please replace with setPlayerHudComponentVisible.
[2026-09-25 17:49:56] WARNING: account/c_main.lua(Line 13) [Client] showPlayerHudComponent is deprecated and may not work in future versions. Please replace with setPlayerHudComponentVisible.
[2026-09-25 17:49:56] WARNING: account/c_main.lua(Line 15) [Client] showPlayerHudComponent is deprecated and may not work in future versions. Please replace with setPlayerHudComponentVisible.
[2026-09-25 17:49:56] WARNING: account/c_main.lua(Line 17) [Client] showPlayerHudComponent is deprecated and may not work in future versions. Please replace with setPlayerHudComponentVisible.
[2026-09-25 17:49:56] WARNING: account/c_main.lua(Line 19) [Client] showPlayerHudComponent is deprecated and may not work in future versions. Please replace with setPlayerHudComponentVisible.
[2026-09-25 17:49:56] WARNING: account/c_main.lua(Line 21) [Client] showPlayerHudComponent is deprecated and may not work in future versions. Please replace with setPlayerHudComponentVisible.
[2026-09-25 17:49:56] WARNING: account/c_main.lua(Line 23) [Client] showPlayerHudComponent is deprecated and may not work in future versions. Please replace with setPlayerHudComponentVisible.
[2026-09-25 17:49:56] WARNING: account/c_main.lua(Line 25) [Client] showPlayerHudComponent is deprecated and may not work in future versions. Please replace with setPlayerHudComponentVisible.
[2026-09-25 17:49:56] WARNING: account/c_characters.lua(Line 13) [Client] showPlayerHudComponent is deprecated and may not work in future versions. Please replace with setPlayerHudComponentVisible.
[2026-09-25 17:49:56] WARNING: account/c_options.lua(Line 519) [Client] setControlState is deprecated and may not work in future versions. Please replace with setPedControlState.
[2026-09-25 17:49:56] Some files in 'account' use deprecated functions.
[2026-09-25 17:49:56] Use the 'upgrade' command to perform a basic upgrade of resources.
[2026-09-25 17:49:57] WARNING: admin-system/Player/s_teleport.lua(Line 123) [Server] setVehicleTurnVelocity is deprecated and may not work in future versions. Please replace with setElementAngularVelocity.
[2026-09-25 17:49:57] WARNING: admin-system/Player/s_teleport.lua(Line 313) [Server] setVehicleTurnVelocity is deprecated and may not work in future versions. Please replace with setElementAngularVelocity.
[2026-09-25 17:49:57] WARNING: admin-system/Player/s_teleport.lua(Line 534) [Server] setVehicleTurnVelocity is deprecated and may not work in future versions. Please replace with setElementAngularVelocity.
[2026-09-25 17:49:57] WARNING: admin-system/Player/s_teleport.lua(Line 792) [Server] setVehicleTurnVelocity is deprecated and may not work in future versions. Please replace with setElementAngularVelocity.
[2026-09-25 17:49:57] WARNING: admin-system/Player/s_teleport.lua(Line 1176) [Server] setVehicleTurnVelocity is deprecated and may not work in future versions. Please replace with setElementAngularVelocity.
[2026-09-25 17:49:57] WARNING: admin-system/Player/s_teleport.lua(Line 1326) [Server] setVehicleTurnVelocity is deprecated and may not work in future versions. Please replace with setElementAngularVelocity.
[2026-09-25 17:49:57] WARNING: admin-system/c_overlay.lua(Line 460) [Client] getControlState is deprecated and may not work in future versions. Please replace with getPedControlState.
[2026-09-25 17:49:57] Some files in 'admin-system' use deprecated functions.
[2026-09-25 17:49:57] Use the 'upgrade' command to perform a basic upgrade of resources.
[2026-09-25 17:49:57] Server password cleared
[2026-09-25 17:49:57] WARNING: driveby/driveby_client.lua(Line 1024) [Client] setControlState is deprecated and may not work in future versions. Please replace with setPedControlState.
[2026-09-25 17:49:57] Some files in 'driveby' use deprecated functions.
[2026-09-25 17:49:57] Use the 'upgrade' command to perform a basic upgrade of resources.
[2026-09-25 17:49:57] WARNING: elevator-system/s_elevator_system.lua(Line 1445) [Server] setVehicleTurnVelocity is deprecated and may not work in future versions. Please replace with setElementAngularVelocity.
[2026-09-25 17:49:57] WARNING: elevator-system/s_elevator_system.lua(Line 1553) [Server] setVehicleTurnVelocity is deprecated and may not work in future versions. Please replace with setElementAngularVelocity.
[2026-09-25 17:49:57] Some files in 'elevator-system' use deprecated functions.
[2026-09-25 17:49:57] Use the 'upgrade' command to perform a basic upgrade of resources.
[2026-09-25 17:49:57] WARNING: fuel-system/s_fuel_peds.lua(Line 2522) [Server] setVehicleTurnVelocity is deprecated and may not work in future versions. Please replace with setElementAngularVelocity.
[2026-09-25 17:49:57] Some files in 'fuel-system' use deprecated functions.
[2026-09-25 17:49:57] Use the 'upgrade' command to perform a basic upgrade of resources.
[2026-09-25 17:49:57] Please wait...
[2026-09-25 17:49:57] WARNING: heligrab/c_heli.lua(Line 756) [Client] getControlState is deprecated and may not work in future versions. Please replace with getPedControlState.
[2026-09-25 17:49:57] Some files in 'heligrab' use deprecated functions.
[2026-09-25 17:49:57] Use the 'upgrade' command to perform a basic upgrade of resources.
[2026-09-25 17:49:57] WARNING: item-system/c_itemchange.lua(Line 9) [Client] showPlayerHudComponent is deprecated and may not work in future versions. Please replace with setPlayerHudComponentVisible.
[2026-09-25 17:49:57] WARNING: item-system/c_itemchange.lua(Line 13) [Client] showPlayerHudComponent is deprecated and may not work in future versions. Please replace with setPlayerHudComponentVisible.
[2026-09-25 17:49:57] Some files in 'item-system' use deprecated functions.
[2026-09-25 17:49:57] Use the 'upgrade' command to perform a basic upgrade of resources.
[2026-09-25 17:49:57] WARNING: item-texture\s_itemtexture.lua:173: Bad argument @ 'getElementsByType' [Expected element at argument 2, got boolean]
[2026-09-25 17:49:57] INFO: item-texture: Loading textures for 0 world items
[2026-09-25 17:49:57] INFO: item-texture: 0 clients waiting on initial sync.
[2026-09-25 17:49:57] INFO: item-texture: 0 textured elements were added for initial sync.
[2026-09-25 17:49:57] INFO: [ITEM WORLD] Loading 0 world items will be finished in approximately 0.05 seconds.
[2026-09-25 17:49:57] WARNING: job-system-trucker/s_trucker_job.lua(Line 2690) [Server] setVehicleTurnVelocity is deprecated and may not work in future versions. Please replace with setElementAngularVelocity.
[2026-09-25 17:49:57] WARNING: job-system-trucker/s_trucker_job.lua(Line 2750) [Server] setVehicleTurnVelocity is deprecated and may not work in future versions. Please replace with setElementAngularVelocity.
[2026-09-25 17:49:57] WARNING: job-system-trucker/s_trucker_job.lua(Line 2810) [Server] setVehicleTurnVelocity is deprecated and may not work in future versions. Please replace with setElementAngularVelocity.
[2026-09-25 17:49:57] WARNING: job-system-trucker/s_trucker_job.lua(Line 2870) [Server] setVehicleTurnVelocity is deprecated and may not work in future versions. Please replace with setElementAngularVelocity.
[2026-09-25 17:49:57] WARNING: job-system-trucker/c_overlay.lua(Line 1166) [Client] getControlState is deprecated and may not work in future versions. Please replace with getPedControlState.
[2026-09-25 17:49:57] Some files in 'job-system-trucker' use deprecated functions.
[2026-09-25 17:49:57] Use the 'upgrade' command to perform a basic upgrade of resources.
[2026-09-25 17:49:57] INFO: [JOB-SYSTEM-TRUCKER] Fetched 2 actual orders sucessfully from SQL
[2026-09-25 17:49:58] WARNING: pd-system/c_policedeagle.lua(Line 437) [Client] getControlState is deprecated and may not work in future versions. Please replace with getPedControlState.
[2026-09-25 17:49:58] WARNING: pd-system/c_policeshotgun.lua(Line 331) [Client] getControlState is deprecated and may not work in future versions. Please replace with getPedControlState.
[2026-09-25 17:49:58] Some files in 'pd-system' use deprecated functions.
[2026-09-25 17:49:58] Use the 'upgrade' command to perform a basic upgrade of resources.
[2026-09-25 17:49:58] WARNING: realism-system/c_backup_bleepers.lua(Line 333) [Client] getControlState is deprecated and may not work in future versions. Please replace with getPedControlState.
[2026-09-25 17:49:58] WARNING: realism-system/c_cruise_control.lua(Line 141) [Client] setControlState is deprecated and may not work in future versions. Please replace with setPedControlState.
[2026-09-25 17:49:58] WARNING: realism-system/c_cruise_control.lua(Line 149) [Client] setControlState is deprecated and may not work in future versions. Please replace with setPedControlState.
[2026-09-25 17:49:58] WARNING: realism-system/c_cruise_control.lua(Line 201) [Client] setControlState is deprecated and may not work in future versions. Please replace with setPedControlState.
[2026-09-25 17:49:58] WARNING: realism-system/c_fpview.lua(Line 439) [Client] getControlState is deprecated and may not work in future versions. Please replace with getPedControlState.
[2026-09-25 17:49:58] WARNING: realism-system/c_fpview.lua(Line 451) [Client] getControlState is deprecated and may not work in future versions. Please replace with getPedControlState.
[2026-09-25 17:49:58] WARNING: realism-system/c_fpview.lua(Line 463) [Client] getControlState is deprecated and may not work in future versions. Please replace with getPedControlState.
[2026-09-25 17:49:58] WARNING: realism-system/c_heli_rotors.lua(Line 17) [Client] getHelicopterRotorSpeed is deprecated and may not work in future versions. Please replace with getVehicleRotorSpeed.
[2026-09-25 17:49:58] WARNING: realism-system/c_heli_rotors.lua(Line 21) [Client] getHelicopterRotorSpeed is deprecated and may not work in future versions. Please replace with getVehicleRotorSpeed.
[2026-09-25 17:49:58] WARNING: realism-system/c_heli_rotors.lua(Line 25) [Client] setHelicopterRotorSpeed is deprecated and may not work in future versions. Please replace with setVehicleRotorSpeed.
[2026-09-25 17:49:58] WARNING: realism-system/c_carrealism.lua(Line 353) [Client] getControlState is deprecated and may not work in future versions. Please replace with getPedControlState.
[2026-09-25 17:49:58] WARNING: realism-system/handbrake_c.lua(Line 217) [Client] getControlState is deprecated and may not work in future versions. Please replace with getPedControlState.
[2026-09-25 17:49:58] WARNING: realism-system/handbrake_c.lua(Line 221) [Client] setControlState is deprecated and may not work in future versions. Please replace with setPedControlState.
[2026-09-25 17:49:58] Some files in 'realism-system' use deprecated functions.
[2026-09-25 17:49:58] Use the 'upgrade' command to perform a basic upgrade of resources.
[2026-09-25 17:49:58] WARNING: report-system/c_external_report_box.lua(Line 265) [Client] getControlState is deprecated and may not work in future versions. Please replace with getPedControlState.
[2026-09-25 17:49:58] WARNING: report-system/c_top_right_box.lua(Line 84) [Client] getControlState is deprecated and may not work in future versions. Please replace with getPedControlState.
[2026-09-25 17:49:58] Some files in 'report-system' use deprecated functions.
[2026-09-25 17:49:58] Use the 'upgrade' command to perform a basic upgrade of resources.
[2026-09-25 17:49:58] INFO: Loaded 0 reports.
[2026-09-25 17:49:58] WARNING: scoreboard/c_tab.lua(Line 404) [Client] getControlState is deprecated and may not work in future versions. Please replace with getPedControlState.
[2026-09-25 17:49:58] Some files in 'scoreboard' use deprecated functions.
[2026-09-25 17:49:58] Use the 'upgrade' command to perform a basic upgrade of resources.
[2026-09-25 17:49:58] WARNING: shop-system/s_generalshop_system.lua(Line 672) [Server] setVehicleTurnVelocity is deprecated and may not work in future versions. Please replace with setElementAngularVelocity.
[2026-09-25 17:49:58] Some files in 'shop-system' use deprecated functions.
[2026-09-25 17:49:58] Use the 'upgrade' command to perform a basic upgrade of resources.
[2026-09-25 17:49:58] WARNING: spike-system/c_spikes.lua(Line 93) [Client] getVehicleTurnVelocity is deprecated and may not work in future versions. Please replace with getElementAngularVelocity.
[2026-09-25 17:49:58] WARNING: spike-system/c_spikes.lua(Line 97) [Client] setVehicleTurnVelocity is deprecated and may not work in future versions. Please replace with setElementAngularVelocity.
[2026-09-25 17:49:58] Some files in 'spike-system' use deprecated functions.
[2026-09-25 17:49:58] Use the 'upgrade' command to perform a basic upgrade of resources.
[2026-09-25 17:49:58] WARNING: vehicle-interiors/s_vehicle_interiors.lua(Line 1936) [Server] setVehicleTurnVelocity is deprecated and may not work in future versions. Please replace with setElementAngularVelocity.
[2026-09-25 17:49:58] Some files in 'vehicle-interiors' use deprecated functions.
[2026-09-25 17:49:58] Use the 'upgrade' command to perform a basic upgrade of resources.
[2026-09-25 17:49:58] WARNING: superman/c_superman.lua(Line 1352) [Client] getControlState is deprecated and may not work in future versions. Please replace with getPedControlState.
[2026-09-25 17:49:58] WARNING: superman/c_superman.lua(Line 1391) [Client] getControlState is deprecated and may not work in future versions. Please replace with getPedControlState.
[2026-09-25 17:49:58] WARNING: superman/c_superman.lua(Line 1399) [Client] getControlState is deprecated and may not work in future versions. Please replace with getPedControlState.
[2026-09-25 17:49:58] WARNING: superman/c_superman.lua(Line 1415) [Client] getControlState is deprecated and may not work in future versions. Please replace with getPedControlState.
[2026-09-25 17:49:58] WARNING: superman/c_superman.lua(Line 1423) [Client] getControlState is deprecated and may not work in future versions. Please replace with getPedControlState.
[2026-09-25 17:49:58] WARNING: superman/c_superman.lua(Line 1459) [Client] getControlState is deprecated and may not work in future versions. Please replace with getPedControlState.
[2026-09-25 17:49:58] WARNING: superman/c_superman.lua(Line 1487) [Client] getControlState is deprecated and may not work in future versions. Please replace with getPedControlState.
[2026-09-25 17:49:58] WARNING: superman/c_superman.lua(Line 1499) [Client] getControlState is deprecated and may not work in future versions. Please replace with getPedControlState.
[2026-09-25 17:49:58] WARNING: superman/c_superman.lua(Line 2094) [Client] getControlState is deprecated and may not work in future versions. Please replace with getPedControlState.
[2026-09-25 17:49:58] Some files in 'superman' use deprecated functions.
[2026-09-25 17:49:58] Use the 'upgrade' command to perform a basic upgrade of resources.
[2026-09-25 17:49:58] WARNING: gate-manager/s_gate_manager.lua(Line 802) [Server] setVehicleTurnVelocity is deprecated and may not work in future versions. Please replace with setElementAngularVelocity.
[2026-09-25 17:49:58] Some files in 'gate-manager' use deprecated functions.
[2026-09-25 17:49:58] Use the 'upgrade' command to perform a basic upgrade of resources.
[2026-09-25 17:49:59] WARNING: sfia/s_airtrack.lua(Line 227) [Server] showPlayerHudComponent is deprecated and may not work in future versions. Please replace with setPlayerHudComponentVisible.
[2026-09-25 17:49:59] WARNING: sfia/s_airtrack.lua(Line 263) [Server] showPlayerHudComponent is deprecated and may not work in future versions. Please replace with setPlayerHudComponentVisible.
[2026-09-25 17:49:59] Some files in 'sfia' use deprecated functions.
[2026-09-25 17:49:59] Use the 'upgrade' command to perform a basic upgrade of resources.
[2026-09-25 17:49:59] WARNING: vehicle-manager/s_vehicle_commands.lua(Line 789) [Server] setVehicleTurnVelocity is deprecated and may not work in future versions. Please replace with setElementAngularVelocity.
[2026-09-25 17:49:59] Some files in 'vehicle-manager' use deprecated functions.
[2026-09-25 17:49:59] Use the 'upgrade' command to perform a basic upgrade of resources.
[2026-09-25 17:49:59] INFO: Loaded 0 texture records for all interiors in 0ms
[2026-09-25 17:49:59] WARNING: announcement/client.lua(Line 76) [Client] getControlState is deprecated and may not work in future versions. Please replace with getPedControlState.
[2026-09-25 17:49:59] Some files in 'announcement' use deprecated functions.
[2026-09-25 17:49:59] Use the 'upgrade' command to perform a basic upgrade of resources.
[2026-09-25 17:49:59] INFO: LeFire Script loaded ...
[2026-09-25 17:49:59] INFO: Loaded 0 animated texture records in 0ms
[2026-09-25 17:49:59] INFO: PRISON-SYSTEM: Loaded 24 cell gates from s_gates.lua
[2026-09-25 17:49:59] WARNING: vrp/client.lua(Line 246) [Client] showPlayerHudComponent is deprecated and may not work in future versions. Please replace with setPlayerHudComponentVisible.
[2026-09-25 17:49:59] Some files in 'vrp' use deprecated functions.
[2026-09-25 17:49:59] Use the 'upgrade' command to perform a basic upgrade of resources.
[2026-09-25 17:49:59] Querying MTA master server... success! (Auto detected IP:185.225.40.32)
[2026-09-25 17:49:59] Authorized serial account protection is enabled for the ACL group(s): `Admin`  See http://multitheftauto.com/authserial
[2026-09-25 17:49:59] WARNING: <owner_email_address> not set
[2026-09-25 17:49:59] Server started and is ready to accept connections!
[2026-09-25 17:49:59] To stop the server, type 'shutdown' or press Ctrl-C
[2026-09-25 17:49:59] Type 'help' for a list of commands.
[2026-09-25 17:50:03] INFO: [WEATHER] / Line 57 / SQL Settings for weather successfully altered.
[2026-09-25 17:50:27] INFO: [ELEVATOR] Spawning 0 elevators will be finished in approx. 0 seconds.
[2026-09-25 17:50:57] Stopping item-texture
[2026-09-25 17:50:57] Starting item-texture
[2026-09-25 17:50:57] INFO: item-texture: Loading textures for 0 world items
[2026-09-25 17:50:57] INFO: item-texture: 0 clients waiting on initial sync.
[2026-09-25 17:50:57] INFO: item-texture: 0 textured elements were added for initial sync.
[2026-09-25 17:50:58] item-texture restarted successfully
[2026-09-25 17:54:58] WARNING: report-system\s_reports.lua:329: Bad argument @ 'getPlayersInTeam' [Expected team at argument 1, got nil]
[2026-09-25 17:54:58] ERROR: report-system\s_reports.lua:329: attempt to get length of a boolean value
[2026-09-25 17:59:58] INFO: [JOB-SYSTEM-TRUCKER] Fetched 0 actual orders sucessfully from SQL
[2026-09-25 18:00:04] WARNING: report-system\s_reports.lua:329: Bad argument @ 'getPlayersInTeam' [Expected team at argument 1, got nil]
[2026-09-25 18:00:04] ERROR: report-system\s_reports.lua:329: attempt to get length of a boolean value
[2026-09-25 18:04:07] CONNECT: GlossyHarp91 connected (IP: 127.0.0.1  Serial: 5476DADC39B41BA9B017E8EF2EE22433  Version: 1.6.0-9.24149.0)
[2026-09-25 18:04:08] JOIN: GlossyHarp91 joined the game (IP: 127.0.0.1)
[2026-09-25 18:04:08] NICK: GlossyHarp91 is now known as Direct-Hosting.4844
[2026-09-25 18:04:58] WARNING: report-system\s_reports.lua:329: Bad argument @ 'getPlayersInTeam' [Expected team at argument 1, got nil]
[2026-09-25 18:04:58] ERROR: report-system\s_reports.lua:329: attempt to get length of a boolean value
[2026-09-25 18:05:44] NICK: Direct-Hosting.4844 is now known as Rpbson_Walton
[2026-09-25 18:09:58] INFO: [JOB-SYSTEM-TRUCKER] Fetched 0 actual orders sucessfully from SQL
[2026-09-25 18:10:04] WARNING: report-system\s_reports.lua:329: Bad argument @ 'getPlayersInTeam' [Expected team at argument 1, got nil]
[2026-09-25 18:10:04] ERROR: report-system\s_reports.lua:329: attempt to get length of a boolean value
[2026-09-25 18:14:58] WARNING: report-system\s_reports.lua:329: Bad argument @ 'getPlayersInTeam' [Expected team at argument 1, got nil]
[2026-09-25 18:14:58] ERROR: report-system\s_reports.lua:329: attempt to get length of a boolean value
[2026-09-25 18:19:03] INFO: [WEATHER] / Line 57 / SQL Settings for weather successfully altered.
[2026-09-25 18:19:58] INFO: [JOB-SYSTEM-TRUCKER] Fetched 0 actual orders sucessfully from SQL
[2026-09-25 18:20:04] WARNING: report-system\s_reports.lua:329: Bad argument @ 'getPlayersInTeam' [Expected team at argument 1, got nil]
[2026-09-25 18:20:04] ERROR: report-system\s_reports.lua:329: attempt to get length of a boolean value
[2026-09-25 18:24:58] WARNING: report-system\s_reports.lua:329: Bad argument @ 'getPlayersInTeam' [Expected team at argument 1, got nil]
[2026-09-25 18:24:58] ERROR: report-system\s_reports.lua:329: attempt to get length of a boolean value
==================================================================
= Multi Theft Auto: San Andreas v1.6
==================================================================
= Server name      : Direct Backup V3
= Server IP address: auto
= Server port      : 22221
= 
= Log file         : ../MTA/server/mods/deathmatch/logs/server.log
= Maximum players  : 32
= HTTP port        : 22221
= Voice Chat       : Disabled
= Bandwidth saving : None
==================================================================
[2026-09-25 18:25:43] WARNING: Ignoring duplicate client file in resource 'vrp': 'Imagens/Fundo.png'
[2026-09-25 18:25:43] Resources: 161 loaded, 0 failed
[2026-09-25 18:25:43] Starting resources...
[2026-09-25 18:25:45] [MYSQL] Connected to database 'pdz' at 127.0.0.1:3306
[2026-09-25 18:25:45] Server minclientversion is now 1.6.0-9.24109.0
[2026-09-25 18:25:45] WARNING: hud/c_overlay_top_right.lua(Line 106) [Client] getControlState is deprecated and may not work in future versions. Please replace with getPedControlState.
[2026-09-25 18:25:45] WARNING: hud/c_overlay_bottom_center.lua(Line 90) [Client] getControlState is deprecated and may not work in future versions. Please replace with getPedControlState.
[2026-09-25 18:25:45] Some files in 'hud' use deprecated functions.
[2026-09-25 18:25:45] Use the 'upgrade' command to perform a basic upgrade of resources.
[2026-09-25 18:25:45] WARNING: account/c_main.lua(Line 5) [Client] showPlayerHudComponent is deprecated and may not work in future versions. Please replace with setPlayerHudComponentVisible.
[2026-09-25 18:25:45] WARNING: account/c_main.lua(Line 7) [Client] showPlayerHudComponent is deprecated and may not work in future versions. Please replace with setPlayerHudComponentVisible.
[2026-09-25 18:25:45] WARNING: account/c_main.lua(Line 9) [Client] showPlayerHudComponent is deprecated and may not work in future versions. Please replace with setPlayerHudComponentVisible.
[2026-09-25 18:25:45] WARNING: account/c_main.lua(Line 11) [Client] showPlayerHudComponent is deprecated and may not work in future versions. Please replace with setPlayerHudComponentVisible.
[2026-09-25 18:25:45] WARNING: account/c_main.lua(Line 13) [Client] showPlayerHudComponent is deprecated and may not work in future versions. Please replace with setPlayerHudComponentVisible.
[2026-09-25 18:25:45] WARNING: account/c_main.lua(Line 15) [Client] showPlayerHudComponent is deprecated and may not work in future versions. Please replace with setPlayerHudComponentVisible.
[2026-09-25 18:25:45] WARNING: account/c_main.lua(Line 17) [Client] showPlayerHudComponent is deprecated and may not work in future versions. Please replace with setPlayerHudComponentVisible.
[2026-09-25 18:25:45] WARNING: account/c_main.lua(Line 19) [Client] showPlayerHudComponent is deprecated and may not work in future versions. Please replace with setPlayerHudComponentVisible.
[2026-09-25 18:25:45] WARNING: account/c_main.lua(Line 21) [Client] showPlayerHudComponent is deprecated and may not work in future versions. Please replace with setPlayerHudComponentVisible.
[2026-09-25 18:25:45] WARNING: account/c_main.lua(Line 23) [Client] showPlayerHudComponent is deprecated and may not work in future versions. Please replace with setPlayerHudComponentVisible.
[2026-09-25 18:25:45] WARNING: account/c_main.lua(Line 25) [Client] showPlayerHudComponent is deprecated and may not work in future versions. Please replace with setPlayerHudComponentVisible.
[2026-09-25 18:25:45] WARNING: account/c_characters.lua(Line 13) [Client] showPlayerHudComponent is deprecated and may not work in future versions. Please replace with setPlayerHudComponentVisible.
[2026-09-25 18:25:45] WARNING: account/c_options.lua(Line 519) [Client] setControlState is deprecated and may not work in future versions. Please replace with setPedControlState.
[2026-09-25 18:25:45] Some files in 'account' use deprecated functions.
[2026-09-25 18:25:45] Use the 'upgrade' command to perform a basic upgrade of resources.
[2026-09-25 18:25:45] WARNING: admin-system/Player/s_teleport.lua(Line 123) [Server] setVehicleTurnVelocity is deprecated and may not work in future versions. Please replace with setElementAngularVelocity.
[2026-09-25 18:25:45] WARNING: admin-system/Player/s_teleport.lua(Line 313) [Server] setVehicleTurnVelocity is deprecated and may not work in future versions. Please replace with setElementAngularVelocity.
[2026-09-25 18:25:45] WARNING: admin-system/Player/s_teleport.lua(Line 534) [Server] setVehicleTurnVelocity is deprecated and may not work in future versions. Please replace with setElementAngularVelocity.
[2026-09-25 18:25:45] WARNING: admin-system/Player/s_teleport.lua(Line 792) [Server] setVehicleTurnVelocity is deprecated and may not work in future versions. Please replace with setElementAngularVelocity.
[2026-09-25 18:25:45] WARNING: admin-system/Player/s_teleport.lua(Line 1176) [Server] setVehicleTurnVelocity is deprecated and may not work in future versions. Please replace with setElementAngularVelocity.
[2026-09-25 18:25:45] WARNING: admin-system/Player/s_teleport.lua(Line 1326) [Server] setVehicleTurnVelocity is deprecated and may not work in future versions. Please replace with setElementAngularVelocity.
[2026-09-25 18:25:45] WARNING: admin-system/c_overlay.lua(Line 460) [Client] getControlState is deprecated and may not work in future versions. Please replace with getPedControlState.
[2026-09-25 18:25:45] Some files in 'admin-system' use deprecated functions.
[2026-09-25 18:25:45] Use the 'upgrade' command to perform a basic upgrade of resources.
[2026-09-25 18:25:46] Server password cleared
[2026-09-25 18:25:46] WARNING: driveby/driveby_client.lua(Line 1024) [Client] setControlState is deprecated and may not work in future versions. Please replace with setPedControlState.
[2026-09-25 18:25:46] Some files in 'driveby' use deprecated functions.
[2026-09-25 18:25:46] Use the 'upgrade' command to perform a basic upgrade of resources.
[2026-09-25 18:25:46] WARNING: elevator-system/s_elevator_system.lua(Line 1445) [Server] setVehicleTurnVelocity is deprecated and may not work in future versions. Please replace with setElementAngularVelocity.
[2026-09-25 18:25:46] WARNING: elevator-system/s_elevator_system.lua(Line 1553) [Server] setVehicleTurnVelocity is deprecated and may not work in future versions. Please replace with setElementAngularVelocity.
[2026-09-25 18:25:46] Some files in 'elevator-system' use deprecated functions.
[2026-09-25 18:25:46] Use the 'upgrade' command to perform a basic upgrade of resources.
[2026-09-25 18:25:46] WARNING: fuel-system/s_fuel_peds.lua(Line 2522) [Server] setVehicleTurnVelocity is deprecated and may not work in future versions. Please replace with setElementAngularVelocity.
[2026-09-25 18:25:46] Some files in 'fuel-system' use deprecated functions.
[2026-09-25 18:25:46] Use the 'upgrade' command to perform a basic upgrade of resources.
[2026-09-25 18:25:46] Please wait...
[2026-09-25 18:25:46] WARNING: heligrab/c_heli.lua(Line 756) [Client] getControlState is deprecated and may not work in future versions. Please replace with getPedControlState.
[2026-09-25 18:25:46] Some files in 'heligrab' use deprecated functions.
[2026-09-25 18:25:46] Use the 'upgrade' command to perform a basic upgrade of resources.
[2026-09-25 18:25:46] WARNING: item-system/c_itemchange.lua(Line 9) [Client] showPlayerHudComponent is deprecated and may not work in future versions. Please replace with setPlayerHudComponentVisible.
[2026-09-25 18:25:46] WARNING: item-system/c_itemchange.lua(Line 13) [Client] showPlayerHudComponent is deprecated and may not work in future versions. Please replace with setPlayerHudComponentVisible.
[2026-09-25 18:25:46] Some files in 'item-system' use deprecated functions.
[2026-09-25 18:25:46] Use the 'upgrade' command to perform a basic upgrade of resources.
[2026-09-25 18:25:46] WARNING: item-texture\s_itemtexture.lua:173: Bad argument @ 'getElementsByType' [Expected element at argument 2, got boolean]
[2026-09-25 18:25:46] INFO: item-texture: Loading textures for 0 world items
[2026-09-25 18:25:46] INFO: item-texture: 0 clients waiting on initial sync.
[2026-09-25 18:25:46] INFO: item-texture: 0 textured elements were added for initial sync.
[2026-09-25 18:25:46] INFO: [ITEM WORLD] Loading 0 world items will be finished in approximately 0.05 seconds.
[2026-09-25 18:25:46] WARNING: job-system-trucker/s_trucker_job.lua(Line 2690) [Server] setVehicleTurnVelocity is deprecated and may not work in future versions. Please replace with setElementAngularVelocity.
[2026-09-25 18:25:46] WARNING: job-system-trucker/s_trucker_job.lua(Line 2750) [Server] setVehicleTurnVelocity is deprecated and may not work in future versions. Please replace with setElementAngularVelocity.
[2026-09-25 18:25:46] WARNING: job-system-trucker/s_trucker_job.lua(Line 2810) [Server] setVehicleTurnVelocity is deprecated and may not work in future versions. Please replace with setElementAngularVelocity.
[2026-09-25 18:25:46] WARNING: job-system-trucker/s_trucker_job.lua(Line 2870) [Server] setVehicleTurnVelocity is deprecated and may not work in future versions. Please replace with setElementAngularVelocity.
[2026-09-25 18:25:46] WARNING: job-system-trucker/c_overlay.lua(Line 1166) [Client] getControlState is deprecated and may not work in future versions. Please replace with getPedControlState.
[2026-09-25 18:25:46] Some files in 'job-system-trucker' use deprecated functions.
[2026-09-25 18:25:46] Use the 'upgrade' command to perform a basic upgrade of resources.
[2026-09-25 18:25:46] INFO: [JOB-SYSTEM-TRUCKER] Fetched 2 actual orders sucessfully from SQL
[2026-09-25 18:25:46] WARNING: pd-system/c_policedeagle.lua(Line 437) [Client] getControlState is deprecated and may not work in future versions. Please replace with getPedControlState.
[2026-09-25 18:25:46] WARNING: pd-system/c_policeshotgun.lua(Line 331) [Client] getControlState is deprecated and may not work in future versions. Please replace with getPedControlState.
[2026-09-25 18:25:46] Some files in 'pd-system' use deprecated functions.
[2026-09-25 18:25:46] Use the 'upgrade' command to perform a basic upgrade of resources.
[2026-09-25 18:25:47] WARNING: realism-system/c_backup_bleepers.lua(Line 333) [Client] getControlState is deprecated and may not work in future versions. Please replace with getPedControlState.
[2026-09-25 18:25:47] WARNING: realism-system/c_cruise_control.lua(Line 141) [Client] setControlState is deprecated and may not work in future versions. Please replace with setPedControlState.
[2026-09-25 18:25:47] WARNING: realism-system/c_cruise_control.lua(Line 149) [Client] setControlState is deprecated and may not work in future versions. Please replace with setPedControlState.
[2026-09-25 18:25:47] WARNING: realism-system/c_cruise_control.lua(Line 201) [Client] setControlState is deprecated and may not work in future versions. Please replace with setPedControlState.
[2026-09-25 18:25:47] WARNING: realism-system/c_fpview.lua(Line 439) [Client] getControlState is deprecated and may not work in future versions. Please replace with getPedControlState.
[2026-09-25 18:25:47] WARNING: realism-system/c_fpview.lua(Line 451) [Client] getControlState is deprecated and may not work in future versions. Please replace with getPedControlState.
[2026-09-25 18:25:47] WARNING: realism-system/c_fpview.lua(Line 463) [Client] getControlState is deprecated and may not work in future versions. Please replace with getPedControlState.
[2026-09-25 18:25:47] WARNING: realism-system/c_heli_rotors.lua(Line 17) [Client] getHelicopterRotorSpeed is deprecated and may not work in future versions. Please replace with getVehicleRotorSpeed.
[2026-09-25 18:25:47] WARNING: realism-system/c_heli_rotors.lua(Line 21) [Client] getHelicopterRotorSpeed is deprecated and may not work in future versions. Please replace with getVehicleRotorSpeed.
[2026-09-25 18:25:47] WARNING: realism-system/c_heli_rotors.lua(Line 25) [Client] setHelicopterRotorSpeed is deprecated and may not work in future versions. Please replace with setVehicleRotorSpeed.
[2026-09-25 18:25:47] WARNING: realism-system/c_carrealism.lua(Line 353) [Client] getControlState is deprecated and may not work in future versions. Please replace with getPedControlState.
[2026-09-25 18:25:47] WARNING: realism-system/handbrake_c.lua(Line 217) [Client] getControlState is deprecated and may not work in future versions. Please replace with getPedControlState.
[2026-09-25 18:25:47] WARNING: realism-system/handbrake_c.lua(Line 221) [Client] setControlState is deprecated and may not work in future versions. Please replace with setPedControlState.
[2026-09-25 18:25:47] Some files in 'realism-system' use deprecated functions.
[2026-09-25 18:25:47] Use the 'upgrade' command to perform a basic upgrade of resources.
[2026-09-25 18:25:47] WARNING: report-system/c_external_report_box.lua(Line 265) [Client] getControlState is deprecated and may not work in future versions. Please replace with getPedControlState.
[2026-09-25 18:25:47] WARNING: report-system/c_top_right_box.lua(Line 84) [Client] getControlState is deprecated and may not work in future versions. Please replace with getPedControlState.
[2026-09-25 18:25:47] Some files in 'report-system' use deprecated functions.
[2026-09-25 18:25:47] Use the 'upgrade' command to perform a basic upgrade of resources.
[2026-09-25 18:25:47] INFO: Loaded 0 reports.
[2026-09-25 18:25:47] WARNING: shop-system/s_generalshop_system.lua(Line 672) [Server] setVehicleTurnVelocity is deprecated and may not work in future versions. Please replace with setElementAngularVelocity.
[2026-09-25 18:25:47] Some files in 'shop-system' use deprecated functions.
[2026-09-25 18:25:47] Use the 'upgrade' command to perform a basic upgrade of resources.
[2026-09-25 18:25:47] WARNING: spike-system/c_spikes.lua(Line 93) [Client] getVehicleTurnVelocity is deprecated and may not work in future versions. Please replace with getElementAngularVelocity.
[2026-09-25 18:25:47] WARNING: spike-system/c_spikes.lua(Line 97) [Client] setVehicleTurnVelocity is deprecated and may not work in future versions. Please replace with setElementAngularVelocity.
[2026-09-25 18:25:47] Some files in 'spike-system' use deprecated functions.
[2026-09-25 18:25:47] Use the 'upgrade' command to perform a basic upgrade of resources.
[2026-09-25 18:25:47] WARNING: vehicle-interiors/s_vehicle_interiors.lua(Line 1936) [Server] setVehicleTurnVelocity is deprecated and may not work in future versions. Please replace with setElementAngularVelocity.
[2026-09-25 18:25:47] Some files in 'vehicle-interiors' use deprecated functions.
[2026-09-25 18:25:47] Use the 'upgrade' command to perform a basic upgrade of resources.
[2026-09-25 18:25:47] WARNING: superman/c_superman.lua(Line 1352) [Client] getControlState is deprecated and may not work in future versions. Please replace with getPedControlState.
[2026-09-25 18:25:47] WARNING: superman/c_superman.lua(Line 1391) [Client] getControlState is deprecated and may not work in future versions. Please replace with getPedControlState.
[2026-09-25 18:25:47] WARNING: superman/c_superman.lua(Line 1399) [Client] getControlState is deprecated and may not work in future versions. Please replace with getPedControlState.
[2026-09-25 18:25:47] WARNING: superman/c_superman.lua(Line 1415) [Client] getControlState is deprecated and may not work in future versions. Please replace with getPedControlState.
[2026-09-25 18:25:47] WARNING: superman/c_superman.lua(Line 1423) [Client] getControlState is deprecated and may not work in future versions. Please replace with getPedControlState.
[2026-09-25 18:25:47] WARNING: superman/c_superman.lua(Line 1459) [Client] getControlState is deprecated and may not work in future versions. Please replace with getPedControlState.
[2026-09-25 18:25:47] WARNING: superman/c_superman.lua(Line 1487) [Client] getControlState is deprecated and may not work in future versions. Please replace with getPedControlState.
[2026-09-25 18:25:47] WARNING: superman/c_superman.lua(Line 1499) [Client] getControlState is deprecated and may not work in future versions. Please replace with getPedControlState.
[2026-09-25 18:25:47] WARNING: superman/c_superman.lua(Line 2094) [Client] getControlState is deprecated and may not work in future versions. Please replace with getPedControlState.
[2026-09-25 18:25:47] Some files in 'superman' use deprecated functions.
[2026-09-25 18:25:47] Use the 'upgrade' command to perform a basic upgrade of resources.
[2026-09-25 18:25:47] WARNING: gate-manager/s_gate_manager.lua(Line 802) [Server] setVehicleTurnVelocity is deprecated and may not work in future versions. Please replace with setElementAngularVelocity.
[2026-09-25 18:25:47] Some files in 'gate-manager' use deprecated functions.
[2026-09-25 18:25:47] Use the 'upgrade' command to perform a basic upgrade of resources.
[2026-09-25 18:25:48] WARNING: sfia/s_airtrack.lua(Line 227) [Server] showPlayerHudComponent is deprecated and may not work in future versions. Please replace with setPlayerHudComponentVisible.
[2026-09-25 18:25:48] WARNING: sfia/s_airtrack.lua(Line 263) [Server] showPlayerHudComponent is deprecated and may not work in future versions. Please replace with setPlayerHudComponentVisible.
[2026-09-25 18:25:48] Some files in 'sfia' use deprecated functions.
[2026-09-25 18:25:48] Use the 'upgrade' command to perform a basic upgrade of resources.
[2026-09-25 18:25:48] WARNING: vehicle-manager/s_vehicle_commands.lua(Line 789) [Server] setVehicleTurnVelocity is deprecated and may not work in future versions. Please replace with setElementAngularVelocity.
[2026-09-25 18:25:48] Some files in 'vehicle-manager' use deprecated functions.
[2026-09-25 18:25:48] Use the 'upgrade' command to perform a basic upgrade of resources.
[2026-09-25 18:25:48] INFO: Loaded 0 texture records for all interiors in 0ms
[2026-09-25 18:25:48] WARNING: announcement/client.lua(Line 76) [Client] getControlState is deprecated and may not work in future versions. Please replace with getPedControlState.
[2026-09-25 18:25:48] Some files in 'announcement' use deprecated functions.
[2026-09-25 18:25:48] Use the 'upgrade' command to perform a basic upgrade of resources.
[2026-09-25 18:25:48] INFO: LeFire Script loaded ...
[2026-09-25 18:25:48] INFO: Loaded 0 animated texture records in 0ms
[2026-09-25 18:25:48] INFO: PRISON-SYSTEM: Loaded 24 cell gates from s_gates.lua
[2026-09-25 18:25:48] WARNING: vrp/client.lua(Line 246) [Client] showPlayerHudComponent is deprecated and may not work in future versions. Please replace with setPlayerHudComponentVisible.
[2026-09-25 18:25:48] Some files in 'vrp' use deprecated functions.
[2026-09-25 18:25:48] Use the 'upgrade' command to perform a basic upgrade of resources.
[2026-09-25 18:25:48] Querying MTA master server... success! (Auto detected IP:185.225.40.32)
[2026-09-25 18:25:48] Authorized serial account protection is enabled for the ACL group(s): `Admin`  See http://multitheftauto.com/authserial
[2026-09-25 18:25:48] WARNING: <owner_email_address> not set
[2026-09-25 18:25:48] Server started and is ready to accept connections!
[2026-09-25 18:25:48] To stop the server, type 'shutdown' or press Ctrl-C
[2026-09-25 18:25:48] Type 'help' for a list of commands.
[2026-09-25 18:25:52] INFO: [WEATHER] / Line 57 / SQL Settings for weather successfully altered.
[2026-09-25 18:26:16] INFO: [ELEVATOR] Spawning 0 elevators will be finished in approx. 0 seconds.
[2026-09-25 18:26:31] CONNECT: GlossyHarp91 connected (IP: 127.0.0.1  Serial: 5476DADC39B41BA9B017E8EF2EE22433  Version: 1.6.0-9.24149.0)
[2026-09-25 18:26:31] JOIN: GlossyHarp91 joined the game (IP: 127.0.0.1)
[2026-09-25 18:26:31] NICK: GlossyHarp91 is now known as Direct-Hosting.6694
[2026-09-25 18:26:46] Stopping item-texture
[2026-09-25 18:26:46] Starting item-texture
[2026-09-25 18:26:46] INFO: item-texture: Loading textures for 0 world items
[2026-09-25 18:26:46] INFO: item-texture: 0 clients waiting on initial sync.
[2026-09-25 18:26:46] INFO: item-texture: 0 textured elements were added for initial sync.
[2026-09-25 18:26:46] item-texture restarted successfully
[2026-09-25 18:27:23] NICK: Direct-Hosting.6694 is now known as Rpbson_Walton
[2026-09-25 18:30:47] WARNING: report-system\s_reports.lua:329: Bad argument @ 'getPlayersInTeam' [Expected team at argument 1, got nil]
[2026-09-25 18:30:47] ERROR: report-system\s_reports.lua:329: attempt to get length of a boolean value
[2026-09-25 18:35:46] INFO: [JOB-SYSTEM-TRUCKER] Fetched 0 actual orders sucessfully from SQL
[2026-09-25 18:35:52] WARNING: report-system\s_reports.lua:329: Bad argument @ 'getPlayersInTeam' [Expected team at argument 1, got nil]
[2026-09-25 18:35:52] ERROR: report-system\s_reports.lua:329: attempt to get length of a boolean value
[2026-09-25 18:40:47] WARNING: report-system\s_reports.lua:329: Bad argument @ 'getPlayersInTeam' [Expected team at argument 1, got nil]
[2026-09-25 18:40:47] ERROR: report-system\s_reports.lua:329: attempt to get length of a boolean value
[2026-09-25 18:45:46] INFO: [JOB-SYSTEM-TRUCKER] Fetched 0 actual orders sucessfully from SQL
[2026-09-25 18:45:52] WARNING: report-system\s_reports.lua:329: Bad argument @ 'getPlayersInTeam' [Expected team at argument 1, got nil]
[2026-09-25 18:45:52] ERROR: report-system\s_reports.lua:329: attempt to get length of a boolean value
[2026-09-25 18:50:47] WARNING: report-system\s_reports.lua:329: Bad argument @ 'getPlayersInTeam' [Expected team at argument 1, got nil]
[2026-09-25 18:50:47] ERROR: report-system\s_reports.lua:329: attempt to get length of a boolean value
[2026-09-25 18:54:52] INFO: [WEATHER] / Line 57 / SQL Settings for weather successfully altered.
[2026-09-25 18:55:46] INFO: [JOB-SYSTEM-TRUCKER] Fetched 0 actual orders sucessfully from SQL
[2026-09-25 18:55:52] WARNING: report-system\s_reports.lua:329: Bad argument @ 'getPlayersInTeam' [Expected team at argument 1, got nil]
[2026-09-25 18:55:52] ERROR: report-system\s_reports.lua:329: attempt to get length of a boolean value
[2026-09-25 19:00:47] WARNING: report-system\s_reports.lua:329: Bad argument @ 'getPlayersInTeam' [Expected team at argument 1, got nil]
[2026-09-25 19:00:47] ERROR: report-system\s_reports.lua:329: attempt to get length of a boolean value
[2026-09-25 19:05:46] INFO: [JOB-SYSTEM-TRUCKER] Fetched 0 actual orders sucessfully from SQL
[2026-09-25 19:05:52] WARNING: report-system\s_reports.lua:329: Bad argument @ 'getPlayersInTeam' [Expected team at argument 1, got nil]
[2026-09-25 19:05:52] ERROR: report-system\s_reports.lua:329: attempt to get length of a boolean value
[2026-09-25 19:10:47] WARNING: report-system\s_reports.lua:329: Bad argument @ 'getPlayersInTeam' [Expected team at argument 1, got nil]
[2026-09-25 19:10:47] ERROR: report-system\s_reports.lua:329: attempt to get length of a boolean value
[2026-09-25 19:15:47] INFO: [JOB-SYSTEM-TRUCKER] Fetched 0 actual orders sucessfully from SQL
[2026-09-25 19:15:53] WARNING: report-system\s_reports.lua:329: Bad argument @ 'getPlayersInTeam' [Expected team at argument 1, got nil]
[2026-09-25 19:15:53] ERROR: report-system\s_reports.lua:329: attempt to get length of a boolean value
[2026-09-25 19:20:47] WARNING: report-system\s_reports.lua:329: Bad argument @ 'getPlayersInTeam' [Expected team at argument 1, got nil]
[2026-09-25 19:20:47] ERROR: report-system\s_reports.lua:329: attempt to get length of a boolean value
[2026-09-25 19:25:47] INFO: [JOB-SYSTEM-TRUCKER] Fetched 0 actual orders sucessfully from SQL
[2026-09-25 19:25:47] INFO: WORLDSAVE INCOMING
[2026-09-25 19:25:47] INFO: [DATA] Saved Faction Drop NPC logs records.
[2026-09-25 19:25:47] WARNING: report-system\s_reports.lua:329: Bad argument @ 'getPlayersInTeam' [Expected team at argument 1, got nil]
[2026-09-25 19:25:47] ERROR: report-system\s_reports.lua:329: attempt to get length of a boolean value
[2026-09-25 19:30:47] WARNING: report-system\s_reports.lua:329: Bad argument @ 'getPlayersInTeam' [Expected team at argument 1, got nil]
[2026-09-25 19:30:47] ERROR: report-system\s_reports.lua:329: attempt to get length of a boolean value
[2026-09-25 19:33:52] INFO: [WEATHER] / Line 57 / SQL Settings for weather successfully altered.
[2026-09-25 19:35:47] INFO: [JOB-SYSTEM-TRUCKER] Fetched 0 actual orders sucessfully from SQL
[2026-09-25 19:35:47] WARNING: report-system\s_reports.lua:329: Bad argument @ 'getPlayersInTeam' [Expected team at argument 1, got nil]
[2026-09-25 19:35:53] ERROR: report-system\s_reports.lua:329: attempt to get length of a boolean value
[2026-09-25 19:40:47] WARNING: report-system\s_reports.lua:329: Bad argument @ 'getPlayersInTeam' [Expected team at argument 1, got nil]
[2026-09-25 19:40:47] ERROR: report-system\s_reports.lua:329: attempt to get length of a boolean value
[2026-09-25 19:45:47] INFO: [JOB-SYSTEM-TRUCKER] Fetched 0 actual orders sucessfully from SQL
[2026-09-25 19:45:53] WARNING: report-system\s_reports.lua:329: Bad argument @ 'getPlayersInTeam' [Expected team at argument 1, got nil]
[2026-09-25 19:45:53] ERROR: report-system\s_reports.lua:329: attempt to get length of a boolean value
[2026-09-25 19:50:47] WARNING: report-system\s_reports.lua:329: Bad argument @ 'getPlayersInTeam' [Expected team at argument 1, got nil]
[2026-09-25 19:50:47] ERROR: report-system\s_reports.lua:329: attempt to get length of a boolean value
[2026-09-25 19:55:47] INFO: [JOB-SYSTEM-TRUCKER] Fetched 0 actual orders sucessfully from SQL
[2026-09-25 19:55:53] WARNING: report-system\s_reports.lua:329: Bad argument @ 'getPlayersInTeam' [Expected team at argument 1, got nil]
[2026-09-25 19:55:53] ERROR: report-system\s_reports.lua:329: attempt to get length of a boolean value
[2026-09-25 20:00:47] WARNING: report-system\s_reports.lua:329: Bad argument @ 'getPlayersInTeam' [Expected team at argument 1, got nil]
[2026-09-25 20:00:47] ERROR: report-system\s_reports.lua:329: attempt to get length of a boolean value
[2026-09-25 20:05:47] INFO: [JOB-SYSTEM-TRUCKER] Fetched 0 actual orders sucessfully from SQL
[2026-09-25 20:05:53] WARNING: report-system\s_reports.lua:329: Bad argument @ 'getPlayersInTeam' [Expected team at argument 1, got nil]
[2026-09-25 20:05:53] ERROR: report-system\s_reports.lua:329: attempt to get length of a boolean value
[2026-09-25 20:10:47] WARNING: report-system\s_reports.lua:329: Bad argument @ 'getPlayersInTeam' [Expected team at argument 1, got nil]
[2026-09-25 20:10:47] ERROR: report-system\s_reports.lua:329: attempt to get length of a boolean value
[2026-09-25 20:15:47] INFO: [JOB-SYSTEM-TRUCKER] Fetched 0 actual orders sucessfully from SQL
[2026-09-25 20:15:53] WARNING: report-system\s_reports.lua:329: Bad argument @ 'getPlayersInTeam' [Expected team at argument 1, got nil]
[2026-09-25 20:15:53] ERROR: report-system\s_reports.lua:329: attempt to get length of a boolean value
[2026-09-25 20:20:47] WARNING: report-system\s_reports.lua:329: Bad argument @ 'getPlayersInTeam' [Expected team at argument 1, got nil]
[2026-09-25 20:20:47] ERROR: report-system\s_reports.lua:329: attempt to get length of a boolean value
[2026-09-25 20:25:47] INFO: [JOB-SYSTEM-TRUCKER] Fetched 0 actual orders sucessfully from SQL
[2026-09-25 20:25:47] INFO: WORLDSAVE INCOMING
[2026-09-25 20:25:47] INFO: [DATA] Saved Faction Drop NPC logs records.
[2026-09-25 20:25:47] WARNING: report-system\s_reports.lua:329: Bad argument @ 'getPlayersInTeam' [Expected team at argument 1, got nil]
[2026-09-25 20:25:47] ERROR: report-system\s_reports.lua:329: attempt to get length of a boolean value
[2026-09-25 20:30:47] WARNING: report-system\s_reports.lua:329: Bad argument @ 'getPlayersInTeam' [Expected team at argument 1, got nil]
[2026-09-25 20:30:47] ERROR: report-system\s_reports.lua:329: attempt to get length of a boolean value
[2026-09-25 20:30:52] INFO: [WEATHER] / Line 57 / SQL Settings for weather successfully altered.
[2026-09-25 20:35:47] INFO: [JOB-SYSTEM-TRUCKER] Fetched 0 actual orders sucessfully from SQL
[2026-09-25 20:35:47] WARNING: report-system\s_reports.lua:329: Bad argument @ 'getPlayersInTeam' [Expected team at argument 1, got nil]
[2026-09-25 20:35:53] ERROR: report-system\s_reports.lua:329: attempt to get length of a boolean value
[2026-09-25 20:40:47] WARNING: report-system\s_reports.lua:329: Bad argument @ 'getPlayersInTeam' [Expected team at argument 1, got nil]
[2026-09-25 20:40:47] ERROR: report-system\s_reports.lua:329: attempt to get length of a boolean value
[2026-09-25 20:45:47] INFO: [JOB-SYSTEM-TRUCKER] Fetched 0 actual orders sucessfully from SQL
[2026-09-25 20:45:53] WARNING: report-system\s_reports.lua:329: Bad argument @ 'getPlayersInTeam' [Expected team at argument 1, got nil]
[2026-09-25 20:45:53] ERROR: report-system\s_reports.lua:329: attempt to get length of a boolean value
[2026-09-25 20:50:47] WARNING: report-system\s_reports.lua:329: Bad argument @ 'getPlayersInTeam' [Expected team at argument 1, got nil]
[2026-09-25 20:50:47] ERROR: report-system\s_reports.lua:329: attempt to get length of a boolean value
[2026-09-25 20:55:47] INFO: [JOB-SYSTEM-TRUCKER] Fetched 0 actual orders sucessfully from SQL
[2026-09-25 20:55:53] WARNING: report-system\s_reports.lua:329: Bad argument @ 'getPlayersInTeam' [Expected team at argument 1, got nil]
[2026-09-25 20:55:53] ERROR: report-system\s_reports.lua:329: attempt to get length of a boolean value
[2026-09-25 21:00:47] WARNING: report-system\s_reports.lua:329: Bad argument @ 'getPlayersInTeam' [Expected team at argument 1, got nil]
[2026-09-25 21:00:47] ERROR: report-system\s_reports.lua:329: attempt to get length of a boolean value
[2026-09-25 21:02:52] INFO: [WEATHER] / Line 57 / SQL Settings for weather successfully altered.
[2026-09-25 21:05:47] INFO: [JOB-SYSTEM-TRUCKER] Fetched 0 actual orders sucessfully from SQL
[2026-09-25 21:05:53] WARNING: report-system\s_reports.lua:329: Bad argument @ 'getPlayersInTeam' [Expected team at argument 1, got nil]
[2026-09-25 21:05:53] ERROR: report-system\s_reports.lua:329: attempt to get length of a boolean value
[2026-09-25 21:10:47] WARNING: report-system\s_reports.lua:329: Bad argument @ 'getPlayersInTeam' [Expected team at argument 1, got nil]
[2026-09-25 21:10:47] ERROR: report-system\s_reports.lua:329: attempt to get length of a boolean value
[2026-09-25 21:15:47] INFO: [JOB-SYSTEM-TRUCKER] Fetched 0 actual orders sucessfully from SQL
[2026-09-25 21:15:53] WARNING: report-system\s_reports.lua:329: Bad argument @ 'getPlayersInTeam' [Expected team at argument 1, got nil]
[2026-09-25 21:15:53] ERROR: report-system\s_reports.lua:329: attempt to get length of a boolean value
[2026-09-25 21:20:47] WARNING: report-system\s_reports.lua:329: Bad argument @ 'getPlayersInTeam' [Expected team at argument 1, got nil]
[2026-09-25 21:20:47] ERROR: report-system\s_reports.lua:329: attempt to get length of a boolean value
[2026-09-25 21:25:47] INFO: [JOB-SYSTEM-TRUCKER] Fetched 0 actual orders sucessfully from SQL
[2026-09-25 21:25:47] INFO: WORLDSAVE INCOMING
[2026-09-25 21:25:47] INFO: [DATA] Saved Faction Drop NPC logs records.
[2026-09-25 21:25:47] WARNING: report-system\s_reports.lua:329: Bad argument @ 'getPlayersInTeam' [Expected team at argument 1, got nil]
[2026-09-25 21:25:47] ERROR: report-system\s_reports.lua:329: attempt to get length of a boolean value
[2026-09-25 21:30:47] WARNING: report-system\s_reports.lua:329: Bad argument @ 'getPlayersInTeam' [Expected team at argument 1, got nil]
[2026-09-25 21:30:47] ERROR: report-system\s_reports.lua:329: attempt to get length of a boolean value
[2026-09-25 21:35:47] INFO: [JOB-SYSTEM-TRUCKER] Fetched 0 actual orders sucessfully from SQL
[2026-09-25 21:35:47] WARNING: report-system\s_reports.lua:329: Bad argument @ 'getPlayersInTeam' [Expected team at argument 1, got nil]
[2026-09-25 21:35:53] ERROR: report-system\s_reports.lua:329: attempt to get length of a boolean value
[2026-09-25 21:40:47] WARNING: report-system\s_reports.lua:329: Bad argument @ 'getPlayersInTeam' [Expected team at argument 1, got nil]
[2026-09-25 21:40:47] ERROR: report-system\s_reports.lua:329: attempt to get length of a boolean value
[2026-09-25 21:45:47] INFO: [JOB-SYSTEM-TRUCKER] Fetched 0 actual orders sucessfully from SQL
[2026-09-25 21:45:53] WARNING: report-system\s_reports.lua:329: Bad argument @ 'getPlayersInTeam' [Expected team at argument 1, got nil]
[2026-09-25 21:45:53] ERROR: report-system\s_reports.lua:329: attempt to get length of a boolean value
[2026-09-25 21:48:52] INFO: [WEATHER] / Line 57 / SQL Settings for weather successfully altered.
[2026-09-25 21:50:47] WARNING: report-system\s_reports.lua:329: Bad argument @ 'getPlayersInTeam' [Expected team at argument 1, got nil]
[2026-09-25 21:50:47] ERROR: report-system\s_reports.lua:329: attempt to get length of a boolean value
[2026-09-25 21:55:47] INFO: [JOB-SYSTEM-TRUCKER] Fetched 0 actual orders sucessfully from SQL
[2026-09-25 21:55:53] WARNING: report-system\s_reports.lua:329: Bad argument @ 'getPlayersInTeam' [Expected team at argument 1, got nil]
[2026-09-25 21:55:53] ERROR: report-system\s_reports.lua:329: attempt to get length of a boolean value
[2026-09-25 22:00:47] WARNING: report-system\s_reports.lua:329: Bad argument @ 'getPlayersInTeam' [Expected team at argument 1, got nil]
[2026-09-25 22:00:47] ERROR: report-system\s_reports.lua:329: attempt to get length of a boolean value
[2026-09-25 22:05:47] INFO: [JOB-SYSTEM-TRUCKER] Fetched 0 actual orders sucessfully from SQL
[2026-09-25 22:05:53] WARNING: report-system\s_reports.lua:329: Bad argument @ 'getPlayersInTeam' [Expected team at argument 1, got nil]
[2026-09-25 22:05:53] ERROR: report-system\s_reports.lua:329: attempt to get length of a boolean value
[2026-09-25 22:10:48] WARNING: report-system\s_reports.lua:329: Bad argument @ 'getPlayersInTeam' [Expected team at argument 1, got nil]
[2026-09-25 22:10:48] ERROR: report-system\s_reports.lua:329: attempt to get length of a boolean value
[2026-09-25 22:15:47] INFO: [JOB-SYSTEM-TRUCKER] Fetched 0 actual orders sucessfully from SQL
[2026-09-25 22:15:53] WARNING: report-system\s_reports.lua:329: Bad argument @ 'getPlayersInTeam' [Expected team at argument 1, got nil]
[2026-09-25 22:15:53] ERROR: report-system\s_reports.lua:329: attempt to get length of a boolean value
[2026-09-25 22:20:48] WARNING: report-system\s_reports.lua:329: Bad argument @ 'getPlayersInTeam' [Expected team at argument 1, got nil]
[2026-09-25 22:20:48] ERROR: report-system\s_reports.lua:329: attempt to get length of a boolean value
[2026-09-25 22:22:50] QUIT: Rpbson_Walton left the game [Quit] 
[2026-09-25 22:22:52] CONNECT: GlossyHarp91 connected (IP: 127.0.0.1  Serial: 5476DADC39B41BA9B017E8EF2EE22433  Version: 1.6.0-9.24149.0)
[2026-09-25 22:22:52] JOIN: GlossyHarp91 joined the game (IP: 127.0.0.1)
[2026-09-25 22:22:52] NICK: GlossyHarp91 is now known as Direct-Hosting.7072
[2026-09-25 22:23:41] NICK: Direct-Hosting.7072 is now known as Rpbson_Walton
[2026-09-25 22:25:47] INFO: WORLDSAVE INCOMING
[2026-09-25 22:25:47] INFO: [DATA] Saved Faction Drop NPC logs records.
[2026-09-25 22:25:47] INFO: [JOB-SYSTEM-TRUCKER] Fetched 0 actual orders sucessfully from SQL
[2026-09-25 22:25:48] WARNING: report-system\s_reports.lua:329: Bad argument @ 'getPlayersInTeam' [Expected team at argument 1, got nil]
[2026-09-25 22:25:48] ERROR: report-system\s_reports.lua:329: attempt to get length of a boolean value
[2026-09-25 22:30:48] WARNING: report-system\s_reports.lua:329: Bad argument @ 'getPlayersInTeam' [Expected team at argument 1, got nil]
[2026-09-25 22:30:48] ERROR: report-system\s_reports.lua:329: attempt to get length of a boolean value
[2026-09-25 22:31:52] INFO: [WEATHER] / Line 57 / SQL Settings for weather successfully altered.
[2026-09-25 22:35:47] INFO: [JOB-SYSTEM-TRUCKER] Fetched 0 actual orders sucessfully from SQL
[2026-09-25 22:35:48] WARNING: report-system\s_reports.lua:329: Bad argument @ 'getPlayersInTeam' [Expected team at argument 1, got nil]
[2026-09-25 22:35:54] ERROR: report-system\s_reports.lua:329: attempt to get length of a boolean value
[2026-09-25 22:40:48] WARNING: report-system\s_reports.lua:329: Bad argument @ 'getPlayersInTeam' [Expected team at argument 1, got nil]
[2026-09-25 22:40:48] ERROR: report-system\s_reports.lua:329: attempt to get length of a boolean value
[2026-09-25 22:45:47] INFO: [JOB-SYSTEM-TRUCKER] Fetched 0 actual orders sucessfully from SQL
[2026-09-25 22:45:53] WARNING: report-system\s_reports.lua:329: Bad argument @ 'getPlayersInTeam' [Expected team at argument 1, got nil]
[2026-09-25 22:45:53] ERROR: report-system\s_reports.lua:329: attempt to get length of a boolean value
[2026-09-25 22:50:48] WARNING: report-system\s_reports.lua:329: Bad argument @ 'getPlayersInTeam' [Expected team at argument 1, got nil]
[2026-09-25 22:50:48] ERROR: report-system\s_reports.lua:329: attempt to get length of a boolean value
[2026-09-25 22:55:47] INFO: [JOB-SYSTEM-TRUCKER] Fetched 0 actual orders sucessfully from SQL
[2026-09-25 22:55:53] WARNING: report-system\s_reports.lua:329: Bad argument @ 'getPlayersInTeam' [Expected team at argument 1, got nil]
[2026-09-25 22:55:53] ERROR: report-system\s_reports.lua:329: attempt to get length of a boolean value
[2026-09-25 23:00:48] WARNING: report-system\s_reports.lua:329: Bad argument @ 'getPlayersInTeam' [Expected team at argument 1, got nil]
[2026-09-25 23:00:48] ERROR: report-system\s_reports.lua:329: attempt to get length of a boolean value
[2026-09-25 23:05:47] INFO: [JOB-SYSTEM-TRUCKER] Fetched 0 actual orders sucessfully from SQL
[2026-09-25 23:05:53] WARNING: report-system\s_reports.lua:329: Bad argument @ 'getPlayersInTeam' [Expected team at argument 1, got nil]
[2026-09-25 23:05:53] ERROR: report-system\s_reports.lua:329: attempt to get length of a boolean value
[2026-09-25 23:10:48] WARNING: report-system\s_reports.lua:329: Bad argument @ 'getPlayersInTeam' [Expected team at argument 1, got nil]
[2026-09-25 23:10:48] ERROR: report-system\s_reports.lua:329: attempt to get length of a boolean value
[2026-09-25 23:11:56] ACL: Denied 'Console' access to command 'restart'
[2026-09-25 23:11:56] ACL: Access denied for 'restart'
[2026-09-25 23:15:47] INFO: [JOB-SYSTEM-TRUCKER] Fetched 0 actual orders sucessfully from SQL
[2026-09-25 23:15:53] WARNING: report-system\s_reports.lua:329: Bad argument @ 'getPlayersInTeam' [Expected team at argument 1, got nil]
[2026-09-25 23:15:53] ERROR: report-system\s_reports.lua:329: attempt to get length of a boolean value
[2026-09-25 23:16:04] ACL: Denied 'Console' access to command 'restart'
[2026-09-25 23:16:04] ACL: Access denied for 'restart'
[2026-09-25 23:16:16] ACL: Denied 'Console' access to command 'restart'
[2026-09-25 23:16:16] ACL: Access denied for 'restart'
[2026-09-25 23:20:48] WARNING: report-system\s_reports.lua:329: Bad argument @ 'getPlayersInTeam' [Expected team at argument 1, got nil]
[2026-09-25 23:20:48] ERROR: report-system\s_reports.lua:329: attempt to get length of a boolean value
[2026-09-25 23:22:10] QUIT: Rpbson_Walton left the game [Quit] 
[2026-09-25 23:22:12] CONNECT: GlossyHarp91 connected (IP: 127.0.0.1  Serial: 5476DADC39B41BA9B017E8EF2EE22433  Version: 1.6.0-9.24149.0)
[2026-09-25 23:22:12] JOIN: GlossyHarp91 joined the game (IP: 127.0.0.1)
[2026-09-25 23:22:12] NICK: GlossyHarp91 is now known as Direct-Hosting.1611
[2026-09-25 23:22:56] NICK: Direct-Hosting.1611 is now known as Rpbson_Walton
[2026-09-25 23:23:39] NICK: Rpbson_Walton is now known as Robson_Walton
[2026-09-25 23:25:47] INFO: WORLDSAVE INCOMING
[2026-09-25 23:25:47] INFO: [DATA] Saved Faction Drop NPC logs records.
[2026-09-25 23:25:47] INFO: [JOB-SYSTEM-TRUCKER] Fetched 0 actual orders sucessfully from SQL
[2026-09-25 23:25:48] WARNING: report-system\s_reports.lua:329: Bad argument @ 'getPlayersInTeam' [Expected team at argument 1, got nil]
[2026-09-25 23:25:48] ERROR: report-system\s_reports.lua:329: attempt to get length of a boolean value
[2026-09-25 23:26:46] QUIT: Robson_Walton left the game [Quit] 
[2026-09-25 23:26:51] CONNECT: GlossyHarp91 connected (IP: 127.0.0.1  Serial: 5476DADC39B41BA9B017E8EF2EE22433  Version: 1.6.0-9.24149.0)
[2026-09-25 23:26:51] JOIN: GlossyHarp91 joined the game (IP: 127.0.0.1)
[2026-09-25 23:26:51] NICK: GlossyHarp91 is now known as Direct-Hosting.9090
[2026-09-25 23:29:02] INFO: Loading 2 account settings to client #1
[2026-09-25 23:29:08] NICK: Direct-Hosting.9090 is now known as Robson_Walton
[2026-09-25 23:30:48] WARNING: report-system\s_reports.lua:329: Bad argument @ 'getPlayersInTeam' [Expected team at argument 1, got nil]
[2026-09-25 23:30:48] ERROR: report-system\s_reports.lua:329: attempt to get length of a boolean value
[2026-09-25 23:32:40] ACL: Denied 'Console' access to command 'restart'
[2026-09-25 23:32:40] ACL: Access denied for 'restart'
[2026-09-25 23:35:47] INFO: [JOB-SYSTEM-TRUCKER] Fetched 0 actual orders sucessfully from SQL
[2026-09-25 23:35:48] WARNING: report-system\s_reports.lua:329: Bad argument @ 'getPlayersInTeam' [Expected team at argument 1, got nil]
[2026-09-25 23:35:54] ERROR: report-system\s_reports.lua:329: attempt to get length of a boolean value
==================================================================
= Multi Theft Auto: San Andreas v1.6
==================================================================
= Server name      : Direct Backup V3
= Server IP address: auto
= Server port      : 22221
= 
= Log file         : ../MTA/server/mods/deathmatch/logs/server.log
= Maximum players  : 32
= HTTP port        : 22221
= Voice Chat       : Disabled
= Bandwidth saving : None
==================================================================
[2026-09-25 23:36:22] WARNING: Ignoring duplicate client file in resource 'vrp': 'Imagens/Fundo.png'
[2026-09-25 23:36:22] Resources: 162 loaded, 0 failed
[2026-09-25 23:36:22] Starting resources...
[2026-09-25 23:36:22] [MYSQL] Connected to database 'pdz' at 127.0.0.1:3306
[2026-09-25 23:36:22] Server minclientversion is now 1.6.0-9.24109.0
[2026-09-25 23:36:22] WARNING: hud/c_overlay_top_right.lua(Line 106) [Client] getControlState is deprecated and may not work in future versions. Please replace with getPedControlState before Tuesday.
[2026-09-25 23:36:22] WARNING: hud/c_overlay_bottom_center.lua(Line 90) [Client] getControlState is deprecated and may not work in future versions. Please replace with getPedControlState before Tuesday.
[2026-09-25 23:36:22] Some files in 'hud' use deprecated functions.
[2026-09-25 23:36:22] Use the 'upgrade' command to perform a basic upgrade of resources.
[2026-09-25 23:36:23] WARNING: account/c_main.lua(Line 5) [Client] showPlayerHudComponent is deprecated and may not work in future versions. Please replace with setPlayerHudComponentVisible before Tuesday.
[2026-09-25 23:36:23] WARNING: account/c_main.lua(Line 7) [Client] showPlayerHudComponent is deprecated and may not work in future versions. Please replace with setPlayerHudComponentVisible before Tuesday.
[2026-09-25 23:36:23] WARNING: account/c_main.lua(Line 9) [Client] showPlayerHudComponent is deprecated and may not work in future versions. Please replace with setPlayerHudComponentVisible before Tuesday.
[2026-09-25 23:36:23] WARNING: account/c_main.lua(Line 11) [Client] showPlayerHudComponent is deprecated and may not work in future versions. Please replace with setPlayerHudComponentVisible before Tuesday.
[2026-09-25 23:36:23] WARNING: account/c_main.lua(Line 13) [Client] showPlayerHudComponent is deprecated and may not work in future versions. Please replace with setPlayerHudComponentVisible before Tuesday.
[2026-09-25 23:36:23] WARNING: account/c_main.lua(Line 15) [Client] showPlayerHudComponent is deprecated and may not work in future versions. Please replace with setPlayerHudComponentVisible before Tuesday.
[2026-09-25 23:36:23] WARNING: account/c_main.lua(Line 17) [Client] showPlayerHudComponent is deprecated and may not work in future versions. Please replace with setPlayerHudComponentVisible before Tuesday.
[2026-09-25 23:36:23] WARNING: account/c_main.lua(Line 19) [Client] showPlayerHudComponent is deprecated and may not work in future versions. Please replace with setPlayerHudComponentVisible before Tuesday.
[2026-09-25 23:36:23] WARNING: account/c_main.lua(Line 21) [Client] showPlayerHudComponent is deprecated and may not work in future versions. Please replace with setPlayerHudComponentVisible before Tuesday.
[2026-09-25 23:36:23] WARNING: account/c_main.lua(Line 23) [Client] showPlayerHudComponent is deprecated and may not work in future versions. Please replace with setPlayerHudComponentVisible before Tuesday.
[2026-09-25 23:36:23] WARNING: account/c_main.lua(Line 25) [Client] showPlayerHudComponent is deprecated and may not work in future versions. Please replace with setPlayerHudComponentVisible before Tuesday.
[2026-09-25 23:36:23] WARNING: account/c_characters.lua(Line 13) [Client] showPlayerHudComponent is deprecated and may not work in future versions. Please replace with setPlayerHudComponentVisible before Tuesday.
[2026-09-25 23:36:23] WARNING: account/c_options.lua(Line 519) [Client] setControlState is deprecated and may not work in future versions. Please replace with setPedControlState before Tuesday.
[2026-09-25 23:36:23] Some files in 'account' use deprecated functions.
[2026-09-25 23:36:23] Use the 'upgrade' command to perform a basic upgrade of resources.
[2026-09-25 23:36:23] WARNING: admin-system/Player/s_teleport.lua(Line 123) [Server] setVehicleTurnVelocity is deprecated and may not work in future versions. Please replace with setElementAngularVelocity before Tuesday.
[2026-09-25 23:36:23] WARNING: admin-system/Player/s_teleport.lua(Line 313) [Server] setVehicleTurnVelocity is deprecated and may not work in future versions. Please replace with setElementAngularVelocity before Tuesday.
[2026-09-25 23:36:23] WARNING: admin-system/Player/s_teleport.lua(Line 534) [Server] setVehicleTurnVelocity is deprecated and may not work in future versions. Please replace with setElementAngularVelocity before Tuesday.
[2026-09-25 23:36:23] WARNING: admin-system/Player/s_teleport.lua(Line 792) [Server] setVehicleTurnVelocity is deprecated and may not work in future versions. Please replace with setElementAngularVelocity before Tuesday.
[2026-09-25 23:36:23] WARNING: admin-system/Player/s_teleport.lua(Line 1176) [Server] setVehicleTurnVelocity is deprecated and may not work in future versions. Please replace with setElementAngularVelocity before Tuesday.
[2026-09-25 23:36:23] WARNING: admin-system/Player/s_teleport.lua(Line 1326) [Server] setVehicleTurnVelocity is deprecated and may not work in future versions. Please replace with setElementAngularVelocity before Tuesday.
[2026-09-25 23:36:23] WARNING: admin-system/c_overlay.lua(Line 460) [Client] getControlState is deprecated and may not work in future versions. Please replace with getPedControlState before Tuesday.
[2026-09-25 23:36:23] Some files in 'admin-system' use deprecated functions.
[2026-09-25 23:36:23] Use the 'upgrade' command to perform a basic upgrade of resources.
[2026-09-25 23:36:23] Server password cleared
[2026-09-25 23:36:23] WARNING: driveby/driveby_client.lua(Line 1024) [Client] setControlState is deprecated and may not work in future versions. Please replace with setPedControlState before Tuesday.
[2026-09-25 23:36:23] Some files in 'driveby' use deprecated functions.
[2026-09-25 23:36:23] Use the 'upgrade' command to perform a basic upgrade of resources.
[2026-09-25 23:36:23] WARNING: elevator-system/s_elevator_system.lua(Line 1445) [Server] setVehicleTurnVelocity is deprecated and may not work in future versions. Please replace with setElementAngularVelocity before Tuesday.
[2026-09-25 23:36:23] WARNING: elevator-system/s_elevator_system.lua(Line 1553) [Server] setVehicleTurnVelocity is deprecated and may not work in future versions. Please replace with setElementAngularVelocity before Tuesday.
[2026-09-25 23:36:23] Some files in 'elevator-system' use deprecated functions.
[2026-09-25 23:36:23] Use the 'upgrade' command to perform a basic upgrade of resources.
[2026-09-25 23:36:23] WARNING: fuel-system/s_fuel_peds.lua(Line 2522) [Server] setVehicleTurnVelocity is deprecated and may not work in future versions. Please replace with setElementAngularVelocity before Tuesday.
[2026-09-25 23:36:23] Some files in 'fuel-system' use deprecated functions.
[2026-09-25 23:36:23] Use the 'upgrade' command to perform a basic upgrade of resources.
[2026-09-25 23:36:23] Please wait...
[2026-09-25 23:36:23] WARNING: heligrab/c_heli.lua(Line 756) [Client] getControlState is deprecated and may not work in future versions. Please replace with getPedControlState before Tuesday.
[2026-09-25 23:36:23] Some files in 'heligrab' use deprecated functions.
[2026-09-25 23:36:23] Use the 'upgrade' command to perform a basic upgrade of resources.
[2026-09-25 23:36:23] WARNING: item-system/c_itemchange.lua(Line 9) [Client] showPlayerHudComponent is deprecated and may not work in future versions. Please replace with setPlayerHudComponentVisible before Tuesday.
[2026-09-25 23:36:23] WARNING: item-system/c_itemchange.lua(Line 13) [Client] showPlayerHudComponent is deprecated and may not work in future versions. Please replace with setPlayerHudComponentVisible before Tuesday.
[2026-09-25 23:36:23] Some files in 'item-system' use deprecated functions.
[2026-09-25 23:36:23] Use the 'upgrade' command to perform a basic upgrade of resources.
[2026-09-25 23:36:24] WARNING: item-texture\s_itemtexture.lua:173: Bad argument @ 'getElementsByType' [Expected element at argument 2, got boolean]
[2026-09-25 23:36:24] INFO: item-texture: Loading textures for 0 world items
[2026-09-25 23:36:24] INFO: item-texture: 0 clients waiting on initial sync.
[2026-09-25 23:36:24] INFO: item-texture: 0 textured elements were added for initial sync.
[2026-09-25 23:36:24] INFO: [ITEM WORLD] Loading 0 world items will be finished in approximately 0.05 seconds.
[2026-09-25 23:36:24] WARNING: job-system-trucker/s_trucker_job.lua(Line 2690) [Server] setVehicleTurnVelocity is deprecated and may not work in future versions. Please replace with setElementAngularVelocity before Tuesday.
[2026-09-25 23:36:24] WARNING: job-system-trucker/s_trucker_job.lua(Line 2750) [Server] setVehicleTurnVelocity is deprecated and may not work in future versions. Please replace with setElementAngularVelocity before Tuesday.
[2026-09-25 23:36:24] WARNING: job-system-trucker/s_trucker_job.lua(Line 2810) [Server] setVehicleTurnVelocity is deprecated and may not work in future versions. Please replace with setElementAngularVelocity before Tuesday.
[2026-09-25 23:36:24] WARNING: job-system-trucker/s_trucker_job.lua(Line 2870) [Server] setVehicleTurnVelocity is deprecated and may not work in future versions. Please replace with setElementAngularVelocity before Tuesday.
[2026-09-25 23:36:24] WARNING: job-system-trucker/c_overlay.lua(Line 1166) [Client] getControlState is deprecated and may not work in future versions. Please replace with getPedControlState before Tuesday.
[2026-09-25 23:36:24] Some files in 'job-system-trucker' use deprecated functions.
[2026-09-25 23:36:24] Use the 'upgrade' command to perform a basic upgrade of resources.
[2026-09-25 23:36:24] INFO: [JOB-SYSTEM-TRUCKER] Fetched 2 actual orders sucessfully from SQL
[2026-09-25 23:36:24] WARNING: pd-system/c_policedeagle.lua(Line 437) [Client] getControlState is deprecated and may not work in future versions. Please replace with getPedControlState before Tuesday.
[2026-09-25 23:36:24] WARNING: pd-system/c_policeshotgun.lua(Line 331) [Client] getControlState is deprecated and may not work in future versions. Please replace with getPedControlState before Tuesday.
[2026-09-25 23:36:24] Some files in 'pd-system' use deprecated functions.
[2026-09-25 23:36:24] Use the 'upgrade' command to perform a basic upgrade of resources.
[2026-09-25 23:36:24] WARNING: realism-system/c_backup_bleepers.lua(Line 333) [Client] getControlState is deprecated and may not work in future versions. Please replace with getPedControlState before Tuesday.
[2026-09-25 23:36:24] WARNING: realism-system/c_cruise_control.lua(Line 141) [Client] setControlState is deprecated and may not work in future versions. Please replace with setPedControlState before Tuesday.
[2026-09-25 23:36:24] WARNING: realism-system/c_cruise_control.lua(Line 149) [Client] setControlState is deprecated and may not work in future versions. Please replace with setPedControlState before Tuesday.
[2026-09-25 23:36:24] WARNING: realism-system/c_cruise_control.lua(Line 201) [Client] setControlState is deprecated and may not work in future versions. Please replace with setPedControlState before Tuesday.
[2026-09-25 23:36:24] WARNING: realism-system/c_fpview.lua(Line 439) [Client] getControlState is deprecated and may not work in future versions. Please replace with getPedControlState before Tuesday.
[2026-09-25 23:36:24] WARNING: realism-system/c_fpview.lua(Line 451) [Client] getControlState is deprecated and may not work in future versions. Please replace with getPedControlState before Tuesday.
[2026-09-25 23:36:24] WARNING: realism-system/c_fpview.lua(Line 463) [Client] getControlState is deprecated and may not work in future versions. Please replace with getPedControlState before Tuesday.
[2026-09-25 23:36:24] WARNING: realism-system/c_heli_rotors.lua(Line 17) [Client] getHelicopterRotorSpeed is deprecated and may not work in future versions. Please replace with getVehicleRotorSpeed before Tuesday.
[2026-09-25 23:36:24] WARNING: realism-system/c_heli_rotors.lua(Line 21) [Client] getHelicopterRotorSpeed is deprecated and may not work in future versions. Please replace with getVehicleRotorSpeed before Tuesday.
[2026-09-25 23:36:24] WARNING: realism-system/c_heli_rotors.lua(Line 25) [Client] setHelicopterRotorSpeed is deprecated and may not work in future versions. Please replace with setVehicleRotorSpeed before Tuesday.
[2026-09-25 23:36:24] WARNING: realism-system/c_carrealism.lua(Line 353) [Client] getControlState is deprecated and may not work in future versions. Please replace with getPedControlState before Tuesday.
[2026-09-25 23:36:24] WARNING: realism-system/handbrake_c.lua(Line 217) [Client] getControlState is deprecated and may not work in future versions. Please replace with getPedControlState before Tuesday.
[2026-09-25 23:36:24] WARNING: realism-system/handbrake_c.lua(Line 221) [Client] setControlState is deprecated and may not work in future versions. Please replace with setPedControlState before Tuesday.
[2026-09-25 23:36:24] Some files in 'realism-system' use deprecated functions.
[2026-09-25 23:36:24] Use the 'upgrade' command to perform a basic upgrade of resources.
[2026-09-25 23:36:24] WARNING: report-system/c_external_report_box.lua(Line 265) [Client] getControlState is deprecated and may not work in future versions. Please replace with getPedControlState before Tuesday.
[2026-09-25 23:36:24] WARNING: report-system/c_top_right_box.lua(Line 84) [Client] getControlState is deprecated and may not work in future versions. Please replace with getPedControlState before Tuesday.
[2026-09-25 23:36:24] Some files in 'report-system' use deprecated functions.
[2026-09-25 23:36:24] Use the 'upgrade' command to perform a basic upgrade of resources.
[2026-09-25 23:36:24] INFO: Loaded 0 reports.
[2026-09-25 23:36:24] WARNING: shop-system/s_generalshop_system.lua(Line 672) [Server] setVehicleTurnVelocity is deprecated and may not work in future versions. Please replace with setElementAngularVelocity before Tuesday.
[2026-09-25 23:36:24] Some files in 'shop-system' use deprecated functions.
[2026-09-25 23:36:24] Use the 'upgrade' command to perform a basic upgrade of resources.
[2026-09-25 23:36:24] WARNING: spike-system/c_spikes.lua(Line 93) [Client] getVehicleTurnVelocity is deprecated and may not work in future versions. Please replace with getElementAngularVelocity before Tuesday.
[2026-09-25 23:36:24] WARNING: spike-system/c_spikes.lua(Line 97) [Client] setVehicleTurnVelocity is deprecated and may not work in future versions. Please replace with setElementAngularVelocity before Tuesday.
[2026-09-25 23:36:24] Some files in 'spike-system' use deprecated functions.
[2026-09-25 23:36:24] Use the 'upgrade' command to perform a basic upgrade of resources.
[2026-09-25 23:36:24] WARNING: vehicle-interiors/s_vehicle_interiors.lua(Line 1936) [Server] setVehicleTurnVelocity is deprecated and may not work in future versions. Please replace with setElementAngularVelocity before Tuesday.
[2026-09-25 23:36:24] Some files in 'vehicle-interiors' use deprecated functions.
[2026-09-25 23:36:24] Use the 'upgrade' command to perform a basic upgrade of resources.
[2026-09-25 23:36:25] WARNING: superman/c_superman.lua(Line 1352) [Client] getControlState is deprecated and may not work in future versions. Please replace with getPedControlState before Tuesday.
[2026-09-25 23:36:25] WARNING: superman/c_superman.lua(Line 1391) [Client] getControlState is deprecated and may not work in future versions. Please replace with getPedControlState before Tuesday.
[2026-09-25 23:36:25] WARNING: superman/c_superman.lua(Line 1399) [Client] getControlState is deprecated and may not work in future versions. Please replace with getPedControlState before Tuesday.
[2026-09-25 23:36:25] WARNING: superman/c_superman.lua(Line 1415) [Client] getControlState is deprecated and may not work in future versions. Please replace with getPedControlState before Tuesday.
[2026-09-25 23:36:25] WARNING: superman/c_superman.lua(Line 1423) [Client] getControlState is deprecated and may not work in future versions. Please replace with getPedControlState before Tuesday.
[2026-09-25 23:36:25] WARNING: superman/c_superman.lua(Line 1459) [Client] getControlState is deprecated and may not work in future versions. Please replace with getPedControlState before Tuesday.
[2026-09-25 23:36:25] WARNING: superman/c_superman.lua(Line 1487) [Client] getControlState is deprecated and may not work in future versions. Please replace with getPedControlState before Tuesday.
[2026-09-25 23:36:25] WARNING: superman/c_superman.lua(Line 1499) [Client] getControlState is deprecated and may not work in future versions. Please replace with getPedControlState before Tuesday.
[2026-09-25 23:36:25] WARNING: superman/c_superman.lua(Line 2094) [Client] getControlState is deprecated and may not work in future versions. Please replace with getPedControlState before Tuesday.
[2026-09-25 23:36:25] Some files in 'superman' use deprecated functions.
[2026-09-25 23:36:25] Use the 'upgrade' command to perform a basic upgrade of resources.
[2026-09-25 23:36:25] WARNING: gate-manager/s_gate_manager.lua(Line 802) [Server] setVehicleTurnVelocity is deprecated and may not work in future versions. Please replace with setElementAngularVelocity before Tuesday.
[2026-09-25 23:36:25] Some files in 'gate-manager' use deprecated functions.
[2026-09-25 23:36:25] Use the 'upgrade' command to perform a basic upgrade of resources.
[2026-09-25 23:36:25] WARNING: sfia/s_airtrack.lua(Line 227) [Server] showPlayerHudComponent is deprecated and may not work in future versions. Please replace with setPlayerHudComponentVisible before Tuesday.
[2026-09-25 23:36:25] WARNING: sfia/s_airtrack.lua(Line 263) [Server] showPlayerHudComponent is deprecated and may not work in future versions. Please replace with setPlayerHudComponentVisible before Tuesday.
[2026-09-25 23:36:25] Some files in 'sfia' use deprecated functions.
[2026-09-25 23:36:25] Use the 'upgrade' command to perform a basic upgrade of resources.
[2026-09-25 23:36:25] WARNING: vehicle-manager/s_vehicle_commands.lua(Line 789) [Server] setVehicleTurnVelocity is deprecated and may not work in future versions. Please replace with setElementAngularVelocity before Tuesday.
[2026-09-25 23:36:25] Some files in 'vehicle-manager' use deprecated functions.
[2026-09-25 23:36:25] Use the 'upgrade' command to perform a basic upgrade of resources.
[2026-09-25 23:36:26] INFO: Loaded 0 texture records for all interiors in 0ms
[2026-09-25 23:36:26] WARNING: announcement/client.lua(Line 76) [Client] getControlState is deprecated and may not work in future versions. Please replace with getPedControlState before Tuesday.
[2026-09-25 23:36:26] Some files in 'announcement' use deprecated functions.
[2026-09-25 23:36:26] Use the 'upgrade' command to perform a basic upgrade of resources.
[2026-09-25 23:36:26] INFO: LeFire Script loaded ...
[2026-09-25 23:36:26] INFO: Loaded 0 animated texture records in 0ms
[2026-09-25 23:36:26] INFO: PRISON-SYSTEM: Loaded 24 cell gates from s_gates.lua
[2026-09-25 23:36:26] WARNING: vrp/client.lua(Line 246) [Client] showPlayerHudComponent is deprecated and may not work in future versions. Please replace with setPlayerHudComponentVisible before Tuesday.
[2026-09-25 23:36:26] Some files in 'vrp' use deprecated functions.
[2026-09-25 23:36:26] Use the 'upgrade' command to perform a basic upgrade of resources.
[2026-09-25 23:36:26] Querying MTA master server... success! (Auto detected IP:185.225.40.32)
[2026-09-25 23:36:26] Authorized serial account protection is enabled for the ACL group(s): `Admin`  See http://multitheftauto.com/authserial
[2026-09-25 23:36:26] WARNING: <owner_email_address> not set
[2026-09-25 23:36:26] Server started and is ready to accept connections!
[2026-09-25 23:36:26] To stop the server, type 'shutdown' or press Ctrl-C
[2026-09-25 23:36:26] Type 'help' for a list of commands.
[2026-09-25 23:36:29] INFO: [WEATHER] / Line 57 / SQL Settings for weather successfully altered.
[2026-09-25 23:36:32] CONNECT: GlossyHarp91 connected (IP: 127.0.0.1  Serial: 5476DADC39B41BA9B017E8EF2EE22433  Version: 1.6.0-9.24149.0)
[2026-09-25 23:36:32] JOIN: GlossyHarp91 joined the game (IP: 127.0.0.1)
[2026-09-25 23:36:32] NICK: GlossyHarp91 is now known as Direct-Hosting.6694
[2026-09-25 23:36:53] INFO: [ELEVATOR] Spawning 0 elevators will be finished in approx. 0 seconds.
[2026-09-25 23:36:57] INFO: Direct-Hosting.6694 (127.0.0.1) connection gone away
[2026-09-25 23:36:57] QUIT: Direct-Hosting.6694 left the game [Timed out] 
[2026-09-25 23:36:57] CONNECT: GlossyHarp91 connected (IP: 127.0.0.1  Serial: 5476DADC39B41BA9B017E8EF2EE22433  Version: 1.6.0-9.24149.0)
[2026-09-25 23:36:57] JOIN: GlossyHarp91 joined the game (IP: 127.0.0.1)
[2026-09-25 23:36:57] NICK: GlossyHarp91 is now known as Direct-Hosting.9616
[2026-09-25 23:37:19] INFO: Loading 2 account settings to client #1
[2026-09-25 23:37:24] Stopping item-texture
[2026-09-25 23:37:24] Starting item-texture
[2026-09-25 23:37:24] INFO: item-texture: Loading textures for 0 world items
[2026-09-25 23:37:24] INFO: item-texture: 0 clients waiting on initial sync.
[2026-09-25 23:37:24] INFO: item-texture: 0 textured elements were added for initial sync.
[2026-09-25 23:37:24] item-texture restarted successfully
[2026-09-25 23:37:26] NICK: Direct-Hosting.9616 is now known as Robson_Walton
==================================================================
= Multi Theft Auto: San Andreas v1.6
==================================================================
= Server name      : Direct Backup V3
= Server IP address: auto
= Server port      : 22221
= 
= Log file         : ../MTA/server/mods/deathmatch/logs/server.log
= Maximum players  : 32
= HTTP port        : 22221
= Voice Chat       : Disabled
= Bandwidth saving : None
==================================================================
[2026-09-25 23:39:08] WARNING: Ignoring duplicate client file in resource 'vrp': 'Imagens/Fundo.png'
[2026-09-25 23:39:08] Resources: 162 loaded, 0 failed
[2026-09-25 23:39:08] Starting resources...
[2026-09-25 23:39:08] [MYSQL] Connected to database 'pdz' at 127.0.0.1:3306
[2026-09-25 23:39:08] Server minclientversion is now 1.6.0-9.24109.0
[2026-09-25 23:39:08] WARNING: hud/c_overlay_top_right.lua(Line 106) [Client] getControlState is deprecated and may not work in future versions. Please replace with getPedControlState.
[2026-09-25 23:39:08] WARNING: hud/c_overlay_bottom_center.lua(Line 90) [Client] getControlState is deprecated and may not work in future versions. Please replace with getPedControlState.
[2026-09-25 23:39:08] Some files in 'hud' use deprecated functions.
[2026-09-25 23:39:08] Use the 'upgrade' command to perform a basic upgrade of resources.
[2026-09-25 23:39:09] WARNING: account/c_main.lua(Line 5) [Client] showPlayerHudComponent is deprecated and may not work in future versions. Please replace with setPlayerHudComponentVisible.
[2026-09-25 23:39:09] WARNING: account/c_main.lua(Line 7) [Client] showPlayerHudComponent is deprecated and may not work in future versions. Please replace with setPlayerHudComponentVisible.
[2026-09-25 23:39:09] WARNING: account/c_main.lua(Line 9) [Client] showPlayerHudComponent is deprecated and may not work in future versions. Please replace with setPlayerHudComponentVisible.
[2026-09-25 23:39:09] WARNING: account/c_main.lua(Line 11) [Client] showPlayerHudComponent is deprecated and may not work in future versions. Please replace with setPlayerHudComponentVisible.
[2026-09-25 23:39:09] WARNING: account/c_main.lua(Line 13) [Client] showPlayerHudComponent is deprecated and may not work in future versions. Please replace with setPlayerHudComponentVisible.
[2026-09-25 23:39:09] WARNING: account/c_main.lua(Line 15) [Client] showPlayerHudComponent is deprecated and may not work in future versions. Please replace with setPlayerHudComponentVisible.
[2026-09-25 23:39:09] WARNING: account/c_main.lua(Line 17) [Client] showPlayerHudComponent is deprecated and may not work in future versions. Please replace with setPlayerHudComponentVisible.
[2026-09-25 23:39:09] WARNING: account/c_main.lua(Line 19) [Client] showPlayerHudComponent is deprecated and may not work in future versions. Please replace with setPlayerHudComponentVisible.
[2026-09-25 23:39:09] WARNING: account/c_main.lua(Line 21) [Client] showPlayerHudComponent is deprecated and may not work in future versions. Please replace with setPlayerHudComponentVisible.
[2026-09-25 23:39:09] WARNING: account/c_main.lua(Line 23) [Client] showPlayerHudComponent is deprecated and may not work in future versions. Please replace with setPlayerHudComponentVisible.
[2026-09-25 23:39:09] WARNING: account/c_main.lua(Line 25) [Client] showPlayerHudComponent is deprecated and may not work in future versions. Please replace with setPlayerHudComponentVisible.
[2026-09-25 23:39:09] WARNING: account/c_characters.lua(Line 13) [Client] showPlayerHudComponent is deprecated and may not work in future versions. Please replace with setPlayerHudComponentVisible.
[2026-09-25 23:39:09] WARNING: account/c_options.lua(Line 519) [Client] setControlState is deprecated and may not work in future versions. Please replace with setPedControlState.
[2026-09-25 23:39:09] Some files in 'account' use deprecated functions.
[2026-09-25 23:39:09] Use the 'upgrade' command to perform a basic upgrade of resources.
[2026-09-25 23:39:09] WARNING: admin-system/Player/s_teleport.lua(Line 123) [Server] setVehicleTurnVelocity is deprecated and may not work in future versions. Please replace with setElementAngularVelocity.
[2026-09-25 23:39:09] WARNING: admin-system/Player/s_teleport.lua(Line 313) [Server] setVehicleTurnVelocity is deprecated and may not work in future versions. Please replace with setElementAngularVelocity.
[2026-09-25 23:39:09] WARNING: admin-system/Player/s_teleport.lua(Line 534) [Server] setVehicleTurnVelocity is deprecated and may not work in future versions. Please replace with setElementAngularVelocity.
[2026-09-25 23:39:09] WARNING: admin-system/Player/s_teleport.lua(Line 792) [Server] setVehicleTurnVelocity is deprecated and may not work in future versions. Please replace with setElementAngularVelocity.
[2026-09-25 23:39:09] WARNING: admin-system/Player/s_teleport.lua(Line 1176) [Server] setVehicleTurnVelocity is deprecated and may not work in future versions. Please replace with setElementAngularVelocity.
[2026-09-25 23:39:09] WARNING: admin-system/Player/s_teleport.lua(Line 1326) [Server] setVehicleTurnVelocity is deprecated and may not work in future versions. Please replace with setElementAngularVelocity.
[2026-09-25 23:39:09] WARNING: admin-system/c_overlay.lua(Line 460) [Client] getControlState is deprecated and may not work in future versions. Please replace with getPedControlState.
[2026-09-25 23:39:09] Some files in 'admin-system' use deprecated functions.
[2026-09-25 23:39:09] Use the 'upgrade' command to perform a basic upgrade of resources.
[2026-09-25 23:39:09] Server password cleared
[2026-09-25 23:39:09] WARNING: driveby/driveby_client.lua(Line 1024) [Client] setControlState is deprecated and may not work in future versions. Please replace with setPedControlState.
[2026-09-25 23:39:09] Some files in 'driveby' use deprecated functions.
[2026-09-25 23:39:09] Use the 'upgrade' command to perform a basic upgrade of resources.
[2026-09-25 23:39:09] WARNING: elevator-system/s_elevator_system.lua(Line 1445) [Server] setVehicleTurnVelocity is deprecated and may not work in future versions. Please replace with setElementAngularVelocity.
[2026-09-25 23:39:09] WARNING: elevator-system/s_elevator_system.lua(Line 1553) [Server] setVehicleTurnVelocity is deprecated and may not work in future versions. Please replace with setElementAngularVelocity.
[2026-09-25 23:39:09] Some files in 'elevator-system' use deprecated functions.
[2026-09-25 23:39:09] Use the 'upgrade' command to perform a basic upgrade of resources.
[2026-09-25 23:39:09] WARNING: fuel-system/s_fuel_peds.lua(Line 2522) [Server] setVehicleTurnVelocity is deprecated and may not work in future versions. Please replace with setElementAngularVelocity.
[2026-09-25 23:39:09] Some files in 'fuel-system' use deprecated functions.
[2026-09-25 23:39:09] Use the 'upgrade' command to perform a basic upgrade of resources.
[2026-09-25 23:39:09] Please wait...
[2026-09-25 23:39:10] WARNING: heligrab/c_heli.lua(Line 756) [Client] getControlState is deprecated and may not work in future versions. Please replace with getPedControlState.
[2026-09-25 23:39:10] Some files in 'heligrab' use deprecated functions.
[2026-09-25 23:39:10] Use the 'upgrade' command to perform a basic upgrade of resources.
[2026-09-25 23:39:10] WARNING: item-system/c_itemchange.lua(Line 9) [Client] showPlayerHudComponent is deprecated and may not work in future versions. Please replace with setPlayerHudComponentVisible.
[2026-09-25 23:39:10] WARNING: item-system/c_itemchange.lua(Line 13) [Client] showPlayerHudComponent is deprecated and may not work in future versions. Please replace with setPlayerHudComponentVisible.
[2026-09-25 23:39:10] Some files in 'item-system' use deprecated functions.
[2026-09-25 23:39:10] Use the 'upgrade' command to perform a basic upgrade of resources.
[2026-09-25 23:39:10] WARNING: item-texture\s_itemtexture.lua:173: Bad argument @ 'getElementsByType' [Expected element at argument 2, got boolean]
[2026-09-25 23:39:10] INFO: item-texture: Loading textures for 0 world items
[2026-09-25 23:39:10] INFO: item-texture: 0 clients waiting on initial sync.
[2026-09-25 23:39:10] INFO: item-texture: 0 textured elements were added for initial sync.
[2026-09-25 23:39:10] INFO: [ITEM WORLD] Loading 0 world items will be finished in approximately 0.05 seconds.
[2026-09-25 23:39:10] WARNING: job-system-trucker/s_trucker_job.lua(Line 2690) [Server] setVehicleTurnVelocity is deprecated and may not work in future versions. Please replace with setElementAngularVelocity.
[2026-09-25 23:39:10] WARNING: job-system-trucker/s_trucker_job.lua(Line 2750) [Server] setVehicleTurnVelocity is deprecated and may not work in future versions. Please replace with setElementAngularVelocity.
[2026-09-25 23:39:10] WARNING: job-system-trucker/s_trucker_job.lua(Line 2810) [Server] setVehicleTurnVelocity is deprecated and may not work in future versions. Please replace with setElementAngularVelocity.
[2026-09-25 23:39:10] WARNING: job-system-trucker/s_trucker_job.lua(Line 2870) [Server] setVehicleTurnVelocity is deprecated and may not work in future versions. Please replace with setElementAngularVelocity.
[2026-09-25 23:39:10] WARNING: job-system-trucker/c_overlay.lua(Line 1166) [Client] getControlState is deprecated and may not work in future versions. Please replace with getPedControlState.
[2026-09-25 23:39:10] Some files in 'job-system-trucker' use deprecated functions.
[2026-09-25 23:39:10] Use the 'upgrade' command to perform a basic upgrade of resources.
[2026-09-25 23:39:10] INFO: [JOB-SYSTEM-TRUCKER] Fetched 2 actual orders sucessfully from SQL
[2026-09-25 23:39:10] WARNING: pd-system/c_policedeagle.lua(Line 437) [Client] getControlState is deprecated and may not work in future versions. Please replace with getPedControlState.
[2026-09-25 23:39:10] WARNING: pd-system/c_policeshotgun.lua(Line 331) [Client] getControlState is deprecated and may not work in future versions. Please replace with getPedControlState.
[2026-09-25 23:39:10] Some files in 'pd-system' use deprecated functions.
[2026-09-25 23:39:10] Use the 'upgrade' command to perform a basic upgrade of resources.
[2026-09-25 23:39:10] WARNING: realism-system/c_backup_bleepers.lua(Line 333) [Client] getControlState is deprecated and may not work in future versions. Please replace with getPedControlState.
[2026-09-25 23:39:10] WARNING: realism-system/c_cruise_control.lua(Line 141) [Client] setControlState is deprecated and may not work in future versions. Please replace with setPedControlState.
[2026-09-25 23:39:10] WARNING: realism-system/c_cruise_control.lua(Line 149) [Client] setControlState is deprecated and may not work in future versions. Please replace with setPedControlState.
[2026-09-25 23:39:10] WARNING: realism-system/c_cruise_control.lua(Line 201) [Client] setControlState is deprecated and may not work in future versions. Please replace with setPedControlState.
[2026-09-25 23:39:10] WARNING: realism-system/c_fpview.lua(Line 439) [Client] getControlState is deprecated and may not work in future versions. Please replace with getPedControlState.
[2026-09-25 23:39:10] WARNING: realism-system/c_fpview.lua(Line 451) [Client] getControlState is deprecated and may not work in future versions. Please replace with getPedControlState.
[2026-09-25 23:39:10] WARNING: realism-system/c_fpview.lua(Line 463) [Client] getControlState is deprecated and may not work in future versions. Please replace with getPedControlState.
[2026-09-25 23:39:10] WARNING: realism-system/c_heli_rotors.lua(Line 17) [Client] getHelicopterRotorSpeed is deprecated and may not work in future versions. Please replace with getVehicleRotorSpeed.
[2026-09-25 23:39:10] WARNING: realism-system/c_heli_rotors.lua(Line 21) [Client] getHelicopterRotorSpeed is deprecated and may not work in future versions. Please replace with getVehicleRotorSpeed.
[2026-09-25 23:39:10] WARNING: realism-system/c_heli_rotors.lua(Line 25) [Client] setHelicopterRotorSpeed is deprecated and may not work in future versions. Please replace with setVehicleRotorSpeed.
[2026-09-25 23:39:10] WARNING: realism-system/c_carrealism.lua(Line 353) [Client] getControlState is deprecated and may not work in future versions. Please replace with getPedControlState.
[2026-09-25 23:39:10] WARNING: realism-system/handbrake_c.lua(Line 217) [Client] getControlState is deprecated and may not work in future versions. Please replace with getPedControlState.
[2026-09-25 23:39:10] WARNING: realism-system/handbrake_c.lua(Line 221) [Client] setControlState is deprecated and may not work in future versions. Please replace with setPedControlState.
[2026-09-25 23:39:10] Some files in 'realism-system' use deprecated functions.
[2026-09-25 23:39:10] Use the 'upgrade' command to perform a basic upgrade of resources.
[2026-09-25 23:39:10] WARNING: report-system/c_external_report_box.lua(Line 265) [Client] getControlState is deprecated and may not work in future versions. Please replace with getPedControlState.
[2026-09-25 23:39:10] WARNING: report-system/c_top_right_box.lua(Line 84) [Client] getControlState is deprecated and may not work in future versions. Please replace with getPedControlState.
[2026-09-25 23:39:10] Some files in 'report-system' use deprecated functions.
[2026-09-25 23:39:10] Use the 'upgrade' command to perform a basic upgrade of resources.
[2026-09-25 23:39:10] INFO: Loaded 0 reports.
[2026-09-25 23:39:10] WARNING: shop-system/s_generalshop_system.lua(Line 672) [Server] setVehicleTurnVelocity is deprecated and may not work in future versions. Please replace with setElementAngularVelocity.
[2026-09-25 23:39:10] Some files in 'shop-system' use deprecated functions.
[2026-09-25 23:39:10] Use the 'upgrade' command to perform a basic upgrade of resources.
[2026-09-25 23:39:10] WARNING: spike-system/c_spikes.lua(Line 93) [Client] getVehicleTurnVelocity is deprecated and may not work in future versions. Please replace with getElementAngularVelocity.
[2026-09-25 23:39:10] WARNING: spike-system/c_spikes.lua(Line 97) [Client] setVehicleTurnVelocity is deprecated and may not work in future versions. Please replace with setElementAngularVelocity.
[2026-09-25 23:39:10] Some files in 'spike-system' use deprecated functions.
[2026-09-25 23:39:10] Use the 'upgrade' command to perform a basic upgrade of resources.
[2026-09-25 23:39:11] WARNING: vehicle-interiors/s_vehicle_interiors.lua(Line 1936) [Server] setVehicleTurnVelocity is deprecated and may not work in future versions. Please replace with setElementAngularVelocity.
[2026-09-25 23:39:11] Some files in 'vehicle-interiors' use deprecated functions.
[2026-09-25 23:39:11] Use the 'upgrade' command to perform a basic upgrade of resources.
[2026-09-25 23:39:11] WARNING: superman/c_superman.lua(Line 1352) [Client] getControlState is deprecated and may not work in future versions. Please replace with getPedControlState.
[2026-09-25 23:39:11] WARNING: superman/c_superman.lua(Line 1391) [Client] getControlState is deprecated and may not work in future versions. Please replace with getPedControlState.
[2026-09-25 23:39:11] WARNING: superman/c_superman.lua(Line 1399) [Client] getControlState is deprecated and may not work in future versions. Please replace with getPedControlState.
[2026-09-25 23:39:11] WARNING: superman/c_superman.lua(Line 1415) [Client] getControlState is deprecated and may not work in future versions. Please replace with getPedControlState.
[2026-09-25 23:39:11] WARNING: superman/c_superman.lua(Line 1423) [Client] getControlState is deprecated and may not work in future versions. Please replace with getPedControlState.
[2026-09-25 23:39:11] WARNING: superman/c_superman.lua(Line 1459) [Client] getControlState is deprecated and may not work in future versions. Please replace with getPedControlState.
[2026-09-25 23:39:11] WARNING: superman/c_superman.lua(Line 1487) [Client] getControlState is deprecated and may not work in future versions. Please replace with getPedControlState.
[2026-09-25 23:39:11] WARNING: superman/c_superman.lua(Line 1499) [Client] getControlState is deprecated and may not work in future versions. Please replace with getPedControlState.
[2026-09-25 23:39:11] WARNING: superman/c_superman.lua(Line 2094) [Client] getControlState is deprecated and may not work in future versions. Please replace with getPedControlState.
[2026-09-25 23:39:11] Some files in 'superman' use deprecated functions.
[2026-09-25 23:39:11] Use the 'upgrade' command to perform a basic upgrade of resources.
[2026-09-25 23:39:11] WARNING: gate-manager/s_gate_manager.lua(Line 802) [Server] setVehicleTurnVelocity is deprecated and may not work in future versions. Please replace with setElementAngularVelocity.
[2026-09-25 23:39:11] Some files in 'gate-manager' use deprecated functions.
[2026-09-25 23:39:11] Use the 'upgrade' command to perform a basic upgrade of resources.
[2026-09-25 23:39:11] WARNING: sfia/s_airtrack.lua(Line 227) [Server] showPlayerHudComponent is deprecated and may not work in future versions. Please replace with setPlayerHudComponentVisible.
[2026-09-25 23:39:11] WARNING: sfia/s_airtrack.lua(Line 263) [Server] showPlayerHudComponent is deprecated and may not work in future versions. Please replace with setPlayerHudComponentVisible.
[2026-09-25 23:39:11] Some files in 'sfia' use deprecated functions.
[2026-09-25 23:39:11] Use the 'upgrade' command to perform a basic upgrade of resources.
[2026-09-25 23:39:11] WARNING: vehicle-manager/s_vehicle_commands.lua(Line 789) [Server] setVehicleTurnVelocity is deprecated and may not work in future versions. Please replace with setElementAngularVelocity.
[2026-09-25 23:39:12] Some files in 'vehicle-manager' use deprecated functions.
[2026-09-25 23:39:12] Use the 'upgrade' command to perform a basic upgrade of resources.
[2026-09-25 23:39:12] INFO: Loaded 0 texture records for all interiors in 0ms
[2026-09-25 23:39:12] WARNING: announcement/client.lua(Line 76) [Client] getControlState is deprecated and may not work in future versions. Please replace with getPedControlState.
[2026-09-25 23:39:12] Some files in 'announcement' use deprecated functions.
[2026-09-25 23:39:12] Use the 'upgrade' command to perform a basic upgrade of resources.
[2026-09-25 23:39:12] INFO: LeFire Script loaded ...
[2026-09-25 23:39:12] INFO: Loaded 0 animated texture records in 0ms
[2026-09-25 23:39:12] INFO: PRISON-SYSTEM: Loaded 24 cell gates from s_gates.lua
[2026-09-25 23:39:12] WARNING: vrp/client.lua(Line 246) [Client] showPlayerHudComponent is deprecated and may not work in future versions. Please replace with setPlayerHudComponentVisible.
[2026-09-25 23:39:12] Some files in 'vrp' use deprecated functions.
[2026-09-25 23:39:12] Use the 'upgrade' command to perform a basic upgrade of resources.
[2026-09-25 23:39:12] Querying MTA master server... success! (Auto detected IP:9.246.91.224)
[2026-09-25 23:39:12] Authorized serial account protection is enabled for the ACL group(s): `Admin`  See http://multitheftauto.com/authserial
[2026-09-25 23:39:12] WARNING: <owner_email_address> not set
[2026-09-25 23:39:12] Server started and is ready to accept connections!
[2026-09-25 23:39:12] To stop the server, type 'shutdown' or press Ctrl-C
[2026-09-25 23:39:12] Type 'help' for a list of commands.
[2026-09-25 23:39:16] INFO: [WEATHER] / Line 57 / SQL Settings for weather successfully altered.
[2026-09-25 23:39:17] ACL: Denied 'Console' access to command 'restart'
[2026-09-25 23:39:17] ACL: Access denied for 'restart'
[2026-09-25 23:39:32] CONNECT: GlossyHarp91 connected (IP: 127.0.0.1  Serial: 5476DADC39B41BA9B017E8EF2EE22433  Version: 1.6.0-9.24149.0)
[2026-09-25 23:39:32] JOIN: GlossyHarp91 joined the game (IP: 127.0.0.1)
[2026-09-25 23:39:32] NICK: GlossyHarp91 is now known as Direct-Hosting.6694
[2026-09-25 23:39:39] INFO: [ELEVATOR] Spawning 0 elevators will be finished in approx. 0 seconds.
[2026-09-25 23:40:03] INFO: Loading 2 account settings to client #1
[2026-09-25 23:40:10] Stopping item-texture
[2026-09-25 23:40:10] Starting item-texture
[2026-09-25 23:40:10] INFO: item-texture: Loading textures for 0 world items
[2026-09-25 23:40:10] INFO: item-texture: 0 clients waiting on initial sync.
[2026-09-25 23:40:10] INFO: item-texture: 0 textured elements were added for initial sync.
[2026-09-25 23:40:10] item-texture restarted successfully
[2026-09-25 23:40:11] NICK: Direct-Hosting.6694 is now known as Robson_Walton
[2026-09-25 23:44:10] WARNING: report-system\s_reports.lua:329: Bad argument @ 'getPlayersInTeam' [Expected team at argument 1, got nil]
[2026-09-25 23:44:10] ERROR: report-system\s_reports.lua:329: attempt to get length of a boolean value
[2026-09-25 23:49:10] INFO: [JOB-SYSTEM-TRUCKER] Fetched 0 actual orders sucessfully from SQL
[2026-09-25 23:49:16] WARNING: report-system\s_reports.lua:329: Bad argument @ 'getPlayersInTeam' [Expected team at argument 1, got nil]
[2026-09-25 23:49:16] ERROR: report-system\s_reports.lua:329: attempt to get length of a boolean value
[2026-09-25 23:54:10] WARNING: report-system\s_reports.lua:329: Bad argument @ 'getPlayersInTeam' [Expected team at argument 1, got nil]
[2026-09-25 23:54:10] ERROR: report-system\s_reports.lua:329: attempt to get length of a boolean value
[2026-09-25 23:59:10] INFO: [JOB-SYSTEM-TRUCKER] Fetched 0 actual orders sucessfully from SQL
[2026-09-25 23:59:17] WARNING: Long execution (carshop-system)
[2026-09-25 23:59:18] WARNING: report-system\s_reports.lua:329: Bad argument @ 'getPlayersInTeam' [Expected team at argument 1, got nil]
[2026-09-25 23:59:18] ERROR: report-system\s_reports.lua:329: attempt to get length of a boolean value
[2026-09-26 00:04:10] WARNING: report-system\s_reports.lua:329: Bad argument @ 'getPlayersInTeam' [Expected team at argument 1, got nil]
[2026-09-26 00:04:10] ERROR: report-system\s_reports.lua:329: attempt to get length of a boolean value
[2026-09-26 00:08:16] INFO: [WEATHER] / Line 57 / SQL Settings for weather successfully altered.
[2026-09-26 00:09:10] INFO: [JOB-SYSTEM-TRUCKER] Fetched 0 actual orders sucessfully from SQL
[2026-09-26 00:09:18] WARNING: report-system\s_reports.lua:329: Bad argument @ 'getPlayersInTeam' [Expected team at argument 1, got nil]
[2026-09-26 00:09:18] ERROR: report-system\s_reports.lua:329: attempt to get length of a boolean value
[2026-09-26 00:14:11] WARNING: report-system\s_reports.lua:329: Bad argument @ 'getPlayersInTeam' [Expected team at argument 1, got nil]
[2026-09-26 00:14:11] ERROR: report-system\s_reports.lua:329: attempt to get length of a boolean value
[2026-09-26 00:19:10] INFO: [JOB-SYSTEM-TRUCKER] Fetched 0 actual orders sucessfully from SQL
[2026-09-26 00:19:16] WARNING: report-system\s_reports.lua:329: Bad argument @ 'getPlayersInTeam' [Expected team at argument 1, got nil]
[2026-09-26 00:19:16] ERROR: report-system\s_reports.lua:329: attempt to get length of a boolean value
[2026-09-26 00:24:11] WARNING: report-system\s_reports.lua:329: Bad argument @ 'getPlayersInTeam' [Expected team at argument 1, got nil]
[2026-09-26 00:24:11] ERROR: report-system\s_reports.lua:329: attempt to get length of a boolean value
[2026-09-26 00:29:10] INFO: [JOB-SYSTEM-TRUCKER] Fetched 0 actual orders sucessfully from SQL
[2026-09-26 00:29:16] WARNING: report-system\s_reports.lua:329: Bad argument @ 'getPlayersInTeam' [Expected team at argument 1, got nil]
[2026-09-26 00:29:16] ERROR: report-system\s_reports.lua:329: attempt to get length of a boolean value
[2026-09-26 00:34:11] WARNING: report-system\s_reports.lua:329: Bad argument @ 'getPlayersInTeam' [Expected team at argument 1, got nil]
[2026-09-26 00:34:11] ERROR: report-system\s_reports.lua:329: attempt to get length of a boolean value
[2026-09-26 00:39:10] INFO: WORLDSAVE INCOMING
[2026-09-26 00:39:10] INFO: [JOB-SYSTEM-TRUCKER] Fetched 0 actual orders sucessfully from SQL
[2026-09-26 00:39:10] INFO: [DATA] Saved Faction Drop NPC logs records.
[2026-09-26 00:39:11] WARNING: report-system\s_reports.lua:329: Bad argument @ 'getPlayersInTeam' [Expected team at argument 1, got nil]
[2026-09-26 00:39:11] ERROR: report-system\s_reports.lua:329: attempt to get length of a boolean value
[2026-09-26 00:43:21] Server stopped!
[2026-09-26 00:43:21] Stopping resources............................................
[2026-09-26 00:43:21] INFO: [Factions] Saving duty allow changes...
[2026-09-26 00:43:21] INFO: [Factions] Completed in 0 seconds.
[2026-09-26 00:43:21] ERROR: pool\server\s_pool.lua:601: exports: Call to non-running server resource (data) [string "?"]
[2026-09-26 00:43:21] ERROR: pool\server\s_pool.lua:605: exports: Call to non-running server resource (data) [string "?"]
[2026-09-26 00:43:21] ERROR: report-system\s_reports.lua:457: exports: Call to non-running server resource (data) [string "?"]
[2026-09-26 00:43:21] ERROR: shop-system\faction_drop_s.lua:563: exports: Call to non-running server resource (data) [string "?"]
[2026-09-26 00:43:21] ERROR: vehicle-interiors\s_vehicle_interiors.lua:593: exports: Call to non-running server resource (anticheat) [string "?"]
[2026-09-26 00:43:22] ERROR: vehicle-interiors\s_vehicle_interiors.lua:593: exports: Call to non-running server resource (anticheat) [string "?"]  [DUP x10]
[2026-09-26 00:43:22] Closing SQLite3 database
==================================================================
= Multi Theft Auto: San Andreas v1.6
==================================================================
= Server name      : Direct Backup V3
= Server IP address: auto
= Server port      : 22221
= 
= Log file         : ../MTA/server/mods/deathmatch/logs/server.log
= Maximum players  : 32
= HTTP port        : 22221
= Voice Chat       : Disabled
= Bandwidth saving : None
==================================================================
[2026-09-26 00:43:44] WARNING: Ignoring duplicate client file in resource 'vrp': 'Imagens/Fundo.png'
[2026-09-26 00:43:44] Resources: 163 loaded, 0 failed
[2026-09-26 00:43:44] Starting resources...
[2026-09-26 00:43:44] [MYSQL] Connected to database 'pdz' at 127.0.0.1:3306
[2026-09-26 00:43:44] Server minclientversion is now 1.6.0-9.24109.0
[2026-09-26 00:43:44] WARNING: hud/c_overlay_top_right.lua(Line 106) [Client] getControlState is deprecated and may not work in future versions. Please replace with getPedControlState.
[2026-09-26 00:43:44] WARNING: hud/c_overlay_bottom_center.lua(Line 90) [Client] getControlState is deprecated and may not work in future versions. Please replace with getPedControlState.
[2026-09-26 00:43:44] Some files in 'hud' use deprecated functions.
[2026-09-26 00:43:44] Use the 'upgrade' command to perform a basic upgrade of resources.
[2026-09-26 00:43:45] WARNING: account/c_main.lua(Line 5) [Client] showPlayerHudComponent is deprecated and may not work in future versions. Please replace with setPlayerHudComponentVisible.
[2026-09-26 00:43:45] WARNING: account/c_main.lua(Line 7) [Client] showPlayerHudComponent is deprecated and may not work in future versions. Please replace with setPlayerHudComponentVisible.
[2026-09-26 00:43:45] WARNING: account/c_main.lua(Line 9) [Client] showPlayerHudComponent is deprecated and may not work in future versions. Please replace with setPlayerHudComponentVisible.
[2026-09-26 00:43:45] WARNING: account/c_main.lua(Line 11) [Client] showPlayerHudComponent is deprecated and may not work in future versions. Please replace with setPlayerHudComponentVisible.
[2026-09-26 00:43:45] WARNING: account/c_main.lua(Line 13) [Client] showPlayerHudComponent is deprecated and may not work in future versions. Please replace with setPlayerHudComponentVisible.
[2026-09-26 00:43:45] WARNING: account/c_main.lua(Line 15) [Client] showPlayerHudComponent is deprecated and may not work in future versions. Please replace with setPlayerHudComponentVisible.
[2026-09-26 00:43:45] WARNING: account/c_main.lua(Line 17) [Client] showPlayerHudComponent is deprecated and may not work in future versions. Please replace with setPlayerHudComponentVisible.
[2026-09-26 00:43:45] WARNING: account/c_main.lua(Line 19) [Client] showPlayerHudComponent is deprecated and may not work in future versions. Please replace with setPlayerHudComponentVisible.
[2026-09-26 00:43:45] WARNING: account/c_main.lua(Line 21) [Client] showPlayerHudComponent is deprecated and may not work in future versions. Please replace with setPlayerHudComponentVisible.
[2026-09-26 00:43:45] WARNING: account/c_main.lua(Line 23) [Client] showPlayerHudComponent is deprecated and may not work in future versions. Please replace with setPlayerHudComponentVisible.
[2026-09-26 00:43:45] WARNING: account/c_main.lua(Line 25) [Client] showPlayerHudComponent is deprecated and may not work in future versions. Please replace with setPlayerHudComponentVisible.
[2026-09-26 00:43:45] WARNING: account/c_characters.lua(Line 13) [Client] showPlayerHudComponent is deprecated and may not work in future versions. Please replace with setPlayerHudComponentVisible.
[2026-09-26 00:43:45] WARNING: account/c_options.lua(Line 519) [Client] setControlState is deprecated and may not work in future versions. Please replace with setPedControlState.
[2026-09-26 00:43:45] Some files in 'account' use deprecated functions.
[2026-09-26 00:43:45] Use the 'upgrade' command to perform a basic upgrade of resources.
[2026-09-26 00:43:45] WARNING: admin-system/Player/s_teleport.lua(Line 123) [Server] setVehicleTurnVelocity is deprecated and may not work in future versions. Please replace with setElementAngularVelocity.
[2026-09-26 00:43:45] WARNING: admin-system/Player/s_teleport.lua(Line 313) [Server] setVehicleTurnVelocity is deprecated and may not work in future versions. Please replace with setElementAngularVelocity.
[2026-09-26 00:43:45] WARNING: admin-system/Player/s_teleport.lua(Line 534) [Server] setVehicleTurnVelocity is deprecated and may not work in future versions. Please replace with setElementAngularVelocity.
[2026-09-26 00:43:45] WARNING: admin-system/Player/s_teleport.lua(Line 792) [Server] setVehicleTurnVelocity is deprecated and may not work in future versions. Please replace with setElementAngularVelocity.
[2026-09-26 00:43:45] WARNING: admin-system/Player/s_teleport.lua(Line 1176) [Server] setVehicleTurnVelocity is deprecated and may not work in future versions. Please replace with setElementAngularVelocity.
[2026-09-26 00:43:45] WARNING: admin-system/Player/s_teleport.lua(Line 1326) [Server] setVehicleTurnVelocity is deprecated and may not work in future versions. Please replace with setElementAngularVelocity.
[2026-09-26 00:43:45] WARNING: admin-system/c_overlay.lua(Line 460) [Client] getControlState is deprecated and may not work in future versions. Please replace with getPedControlState.
[2026-09-26 00:43:45] Some files in 'admin-system' use deprecated functions.
[2026-09-26 00:43:45] Use the 'upgrade' command to perform a basic upgrade of resources.
[2026-09-26 00:43:45] Server password cleared
[2026-09-26 00:43:45] WARNING: driveby/driveby_client.lua(Line 1024) [Client] setControlState is deprecated and may not work in future versions. Please replace with setPedControlState.
[2026-09-26 00:43:45] Some files in 'driveby' use deprecated functions.
[2026-09-26 00:43:45] Use the 'upgrade' command to perform a basic upgrade of resources.
[2026-09-26 00:43:45] WARNING: elevator-system/s_elevator_system.lua(Line 1445) [Server] setVehicleTurnVelocity is deprecated and may not work in future versions. Please replace with setElementAngularVelocity.
[2026-09-26 00:43:45] WARNING: elevator-system/s_elevator_system.lua(Line 1553) [Server] setVehicleTurnVelocity is deprecated and may not work in future versions. Please replace with setElementAngularVelocity.
[2026-09-26 00:43:45] Some files in 'elevator-system' use deprecated functions.
[2026-09-26 00:43:45] Use the 'upgrade' command to perform a basic upgrade of resources.
[2026-09-26 00:43:45] WARNING: fuel-system/s_fuel_peds.lua(Line 2522) [Server] setVehicleTurnVelocity is deprecated and may not work in future versions. Please replace with setElementAngularVelocity.
[2026-09-26 00:43:45] Some files in 'fuel-system' use deprecated functions.
[2026-09-26 00:43:45] Use the 'upgrade' command to perform a basic upgrade of resources.
[2026-09-26 00:43:45] Please wait...
[2026-09-26 00:43:45] WARNING: heligrab/c_heli.lua(Line 756) [Client] getControlState is deprecated and may not work in future versions. Please replace with getPedControlState.
[2026-09-26 00:43:45] Some files in 'heligrab' use deprecated functions.
[2026-09-26 00:43:45] Use the 'upgrade' command to perform a basic upgrade of resources.
[2026-09-26 00:43:46] WARNING: item-system/c_itemchange.lua(Line 9) [Client] showPlayerHudComponent is deprecated and may not work in future versions. Please replace with setPlayerHudComponentVisible.
[2026-09-26 00:43:46] WARNING: item-system/c_itemchange.lua(Line 13) [Client] showPlayerHudComponent is deprecated and may not work in future versions. Please replace with setPlayerHudComponentVisible.
[2026-09-26 00:43:46] Some files in 'item-system' use deprecated functions.
[2026-09-26 00:43:46] Use the 'upgrade' command to perform a basic upgrade of resources.
[2026-09-26 00:43:46] WARNING: item-texture\s_itemtexture.lua:173: Bad argument @ 'getElementsByType' [Expected element at argument 2, got boolean]
[2026-09-26 00:43:46] INFO: item-texture: Loading textures for 0 world items
[2026-09-26 00:43:46] INFO: item-texture: 0 clients waiting on initial sync.
[2026-09-26 00:43:46] INFO: item-texture: 0 textured elements were added for initial sync.
[2026-09-26 00:43:46] INFO: [ITEM WORLD] Loading 0 world items will be finished in approximately 0.05 seconds.
[2026-09-26 00:43:46] WARNING: job-system-trucker/s_trucker_job.lua(Line 2690) [Server] setVehicleTurnVelocity is deprecated and may not work in future versions. Please replace with setElementAngularVelocity.
[2026-09-26 00:43:46] WARNING: job-system-trucker/s_trucker_job.lua(Line 2750) [Server] setVehicleTurnVelocity is deprecated and may not work in future versions. Please replace with setElementAngularVelocity.
[2026-09-26 00:43:46] WARNING: job-system-trucker/s_trucker_job.lua(Line 2810) [Server] setVehicleTurnVelocity is deprecated and may not work in future versions. Please replace with setElementAngularVelocity.
[2026-09-26 00:43:46] WARNING: job-system-trucker/s_trucker_job.lua(Line 2870) [Server] setVehicleTurnVelocity is deprecated and may not work in future versions. Please replace with setElementAngularVelocity.
[2026-09-26 00:43:46] WARNING: job-system-trucker/c_overlay.lua(Line 1166) [Client] getControlState is deprecated and may not work in future versions. Please replace with getPedControlState.
[2026-09-26 00:43:46] Some files in 'job-system-trucker' use deprecated functions.
[2026-09-26 00:43:46] Use the 'upgrade' command to perform a basic upgrade of resources.
[2026-09-26 00:43:46] INFO: [JOB-SYSTEM-TRUCKER] Fetched 2 actual orders sucessfully from SQL
[2026-09-26 00:43:46] WARNING: pd-system/c_policedeagle.lua(Line 437) [Client] getControlState is deprecated and may not work in future versions. Please replace with getPedControlState.
[2026-09-26 00:43:46] WARNING: pd-system/c_policeshotgun.lua(Line 331) [Client] getControlState is deprecated and may not work in future versions. Please replace with getPedControlState.
[2026-09-26 00:43:46] Some files in 'pd-system' use deprecated functions.
[2026-09-26 00:43:46] Use the 'upgrade' command to perform a basic upgrade of resources.
[2026-09-26 00:43:46] WARNING: realism-system/c_backup_bleepers.lua(Line 333) [Client] getControlState is deprecated and may not work in future versions. Please replace with getPedControlState.
[2026-09-26 00:43:46] WARNING: realism-system/c_cruise_control.lua(Line 141) [Client] setControlState is deprecated and may not work in future versions. Please replace with setPedControlState.
[2026-09-26 00:43:46] WARNING: realism-system/c_cruise_control.lua(Line 149) [Client] setControlState is deprecated and may not work in future versions. Please replace with setPedControlState.
[2026-09-26 00:43:46] WARNING: realism-system/c_cruise_control.lua(Line 201) [Client] setControlState is deprecated and may not work in future versions. Please replace with setPedControlState.
[2026-09-26 00:43:46] WARNING: realism-system/c_fpview.lua(Line 439) [Client] getControlState is deprecated and may not work in future versions. Please replace with getPedControlState.
[2026-09-26 00:43:46] WARNING: realism-system/c_fpview.lua(Line 451) [Client] getControlState is deprecated and may not work in future versions. Please replace with getPedControlState.
[2026-09-26 00:43:46] WARNING: realism-system/c_fpview.lua(Line 463) [Client] getControlState is deprecated and may not work in future versions. Please replace with getPedControlState.
[2026-09-26 00:43:46] WARNING: realism-system/c_heli_rotors.lua(Line 17) [Client] getHelicopterRotorSpeed is deprecated and may not work in future versions. Please replace with getVehicleRotorSpeed.
[2026-09-26 00:43:46] WARNING: realism-system/c_heli_rotors.lua(Line 21) [Client] getHelicopterRotorSpeed is deprecated and may not work in future versions. Please replace with getVehicleRotorSpeed.
[2026-09-26 00:43:46] WARNING: realism-system/c_heli_rotors.lua(Line 25) [Client] setHelicopterRotorSpeed is deprecated and may not work in future versions. Please replace with setVehicleRotorSpeed.
[2026-09-26 00:43:46] WARNING: realism-system/c_carrealism.lua(Line 353) [Client] getControlState is deprecated and may not work in future versions. Please replace with getPedControlState.
[2026-09-26 00:43:46] WARNING: realism-system/handbrake_c.lua(Line 217) [Client] getControlState is deprecated and may not work in future versions. Please replace with getPedControlState.
[2026-09-26 00:43:46] WARNING: realism-system/handbrake_c.lua(Line 221) [Client] setControlState is deprecated and may not work in future versions. Please replace with setPedControlState.
[2026-09-26 00:43:46] Some files in 'realism-system' use deprecated functions.
[2026-09-26 00:43:46] Use the 'upgrade' command to perform a basic upgrade of resources.
[2026-09-26 00:43:46] WARNING: report-system/c_external_report_box.lua(Line 265) [Client] getControlState is deprecated and may not work in future versions. Please replace with getPedControlState.
[2026-09-26 00:43:46] WARNING: report-system/c_top_right_box.lua(Line 84) [Client] getControlState is deprecated and may not work in future versions. Please replace with getPedControlState.
[2026-09-26 00:43:46] Some files in 'report-system' use deprecated functions.
[2026-09-26 00:43:46] Use the 'upgrade' command to perform a basic upgrade of resources.
[2026-09-26 00:43:46] INFO: Loaded 0 reports.
[2026-09-26 00:43:46] WARNING: shop-system/s_generalshop_system.lua(Line 672) [Server] setVehicleTurnVelocity is deprecated and may not work in future versions. Please replace with setElementAngularVelocity.
[2026-09-26 00:43:46] Some files in 'shop-system' use deprecated functions.
[2026-09-26 00:43:46] Use the 'upgrade' command to perform a basic upgrade of resources.
[2026-09-26 00:43:46] WARNING: spike-system/c_spikes.lua(Line 93) [Client] getVehicleTurnVelocity is deprecated and may not work in future versions. Please replace with getElementAngularVelocity.
[2026-09-26 00:43:46] WARNING: spike-system/c_spikes.lua(Line 97) [Client] setVehicleTurnVelocity is deprecated and may not work in future versions. Please replace with setElementAngularVelocity.
[2026-09-26 00:43:46] Some files in 'spike-system' use deprecated functions.
[2026-09-26 00:43:46] Use the 'upgrade' command to perform a basic upgrade of resources.
[2026-09-26 00:43:47] WARNING: vehicle-interiors/s_vehicle_interiors.lua(Line 1936) [Server] setVehicleTurnVelocity is deprecated and may not work in future versions. Please replace with setElementAngularVelocity.
[2026-09-26 00:43:47] Some files in 'vehicle-interiors' use deprecated functions.
[2026-09-26 00:43:47] Use the 'upgrade' command to perform a basic upgrade of resources.
[2026-09-26 00:43:47] WARNING: superman/c_superman.lua(Line 1352) [Client] getControlState is deprecated and may not work in future versions. Please replace with getPedControlState.
[2026-09-26 00:43:47] WARNING: superman/c_superman.lua(Line 1391) [Client] getControlState is deprecated and may not work in future versions. Please replace with getPedControlState.
[2026-09-26 00:43:47] WARNING: superman/c_superman.lua(Line 1399) [Client] getControlState is deprecated and may not work in future versions. Please replace with getPedControlState.
[2026-09-26 00:43:47] WARNING: superman/c_superman.lua(Line 1415) [Client] getControlState is deprecated and may not work in future versions. Please replace with getPedControlState.
[2026-09-26 00:43:47] WARNING: superman/c_superman.lua(Line 1423) [Client] getControlState is deprecated and may not work in future versions. Please replace with getPedControlState.
[2026-09-26 00:43:47] WARNING: superman/c_superman.lua(Line 1459) [Client] getControlState is deprecated and may not work in future versions. Please replace with getPedControlState.
[2026-09-26 00:43:47] WARNING: superman/c_superman.lua(Line 1487) [Client] getControlState is deprecated and may not work in future versions. Please replace with getPedControlState.
[2026-09-26 00:43:47] WARNING: superman/c_superman.lua(Line 1499) [Client] getControlState is deprecated and may not work in future versions. Please replace with getPedControlState.
[2026-09-26 00:43:47] WARNING: superman/c_superman.lua(Line 2094) [Client] getControlState is deprecated and may not work in future versions. Please replace with getPedControlState.
[2026-09-26 00:43:47] Some files in 'superman' use deprecated functions.
[2026-09-26 00:43:47] Use the 'upgrade' command to perform a basic upgrade of resources.
[2026-09-26 00:43:47] WARNING: gate-manager/s_gate_manager.lua(Line 802) [Server] setVehicleTurnVelocity is deprecated and may not work in future versions. Please replace with setElementAngularVelocity.
[2026-09-26 00:43:47] Some files in 'gate-manager' use deprecated functions.
[2026-09-26 00:43:47] Use the 'upgrade' command to perform a basic upgrade of resources.
[2026-09-26 00:43:47] WARNING: sfia/s_airtrack.lua(Line 227) [Server] showPlayerHudComponent is deprecated and may not work in future versions. Please replace with setPlayerHudComponentVisible.
[2026-09-26 00:43:47] WARNING: sfia/s_airtrack.lua(Line 263) [Server] showPlayerHudComponent is deprecated and may not work in future versions. Please replace with setPlayerHudComponentVisible.
[2026-09-26 00:43:47] Some files in 'sfia' use deprecated functions.
[2026-09-26 00:43:47] Use the 'upgrade' command to perform a basic upgrade of resources.
[2026-09-26 00:43:47] WARNING: vehicle-manager/s_vehicle_commands.lua(Line 789) [Server] setVehicleTurnVelocity is deprecated and may not work in future versions. Please replace with setElementAngularVelocity.
[2026-09-26 00:43:47] Some files in 'vehicle-manager' use deprecated functions.
[2026-09-26 00:43:47] Use the 'upgrade' command to perform a basic upgrade of resources.
[2026-09-26 00:43:48] INFO: Loaded 0 texture records for all interiors in 0ms
[2026-09-26 00:43:48] WARNING: announcement/client.lua(Line 76) [Client] getControlState is deprecated and may not work in future versions. Please replace with getPedControlState.
[2026-09-26 00:43:48] Some files in 'announcement' use deprecated functions.
[2026-09-26 00:43:48] Use the 'upgrade' command to perform a basic upgrade of resources.
[2026-09-26 00:43:48] INFO: LeFire Script loaded ...
[2026-09-26 00:43:48] INFO: Loaded 0 animated texture records in 0ms
[2026-09-26 00:43:48] INFO: PRISON-SYSTEM: Loaded 24 cell gates from s_gates.lua
[2026-09-26 00:43:48] WARNING: vrp/client.lua(Line 246) [Client] showPlayerHudComponent is deprecated and may not work in future versions. Please replace with setPlayerHudComponentVisible.
[2026-09-26 00:43:48] Some files in 'vrp' use deprecated functions.
[2026-09-26 00:43:48] Use the 'upgrade' command to perform a basic upgrade of resources.
[2026-09-26 00:43:48] Querying MTA master server... success! (Auto detected IP:185.225.40.32)
[2026-09-26 00:43:48] Authorized serial account protection is enabled for the ACL group(s): `Admin`  See http://multitheftauto.com/authserial
[2026-09-26 00:43:48] WARNING: <owner_email_address> not set
[2026-09-26 00:43:48] Server started and is ready to accept connections!
[2026-09-26 00:43:48] To stop the server, type 'shutdown' or press Ctrl-C
[2026-09-26 00:43:48] Type 'help' for a list of commands.
[2026-09-26 00:43:52] INFO: [WEATHER] / Line 57 / SQL Settings for weather successfully altered.
[2026-09-26 00:43:54] CONNECT: GlossyHarp91 connected (IP: 127.0.0.1  Serial: 5476DADC39B41BA9B017E8EF2EE22433  Version: 1.6.0-9.24149.0)
[2026-09-26 00:43:54] JOIN: GlossyHarp91 joined the game (IP: 127.0.0.1)
[2026-09-26 00:43:54] NICK: GlossyHarp91 is now known as Direct-Hosting.6694
[2026-09-26 00:44:12] CONNECT: GlossyHarp91 failed to connect (Serial already in use) (IP: 127.0.0.1  Serial: 5476DADC39B41BA9B017E8EF2EE22433  Version: 1.6.0-9.24149.0)
[2026-09-26 00:44:15] INFO: [ELEVATOR] Spawning 0 elevators will be finished in approx. 0 seconds.
[2026-09-26 00:44:19] INFO: Direct-Hosting.6694 (127.0.0.1) connection gone away
[2026-09-26 00:44:19] QUIT: Direct-Hosting.6694 left the game [Timed out] 
[2026-09-26 00:44:26] CONNECT: GlossyHarp91 connected (IP: 127.0.0.1  Serial: 5476DADC39B41BA9B017E8EF2EE22433  Version: 1.6.0-9.24149.0)
[2026-09-26 00:44:26] JOIN: GlossyHarp91 joined the game (IP: 127.0.0.1)
[2026-09-26 00:44:26] NICK: GlossyHarp91 is now known as Direct-Hosting.9616
[2026-09-26 00:44:46] Stopping item-texture
[2026-09-26 00:44:46] Starting item-texture
[2026-09-26 00:44:46] INFO: item-texture: Loading textures for 0 world items
[2026-09-26 00:44:46] INFO: item-texture: 0 clients waiting on initial sync.
[2026-09-26 00:44:46] INFO: item-texture: 0 textured elements were added for initial sync.
[2026-09-26 00:44:46] item-texture restarted successfully
[2026-09-26 00:44:51] INFO: Loading 2 account settings to client #1
[2026-09-26 00:44:59] NICK: Direct-Hosting.9616 is now known as Robson_Walton
[2026-09-26 00:48:46] WARNING: report-system\s_reports.lua:329: Bad argument @ 'getPlayersInTeam' [Expected team at argument 1, got nil]
[2026-09-26 00:48:46] ERROR: report-system\s_reports.lua:329: attempt to get length of a boolean value
[2026-09-26 00:53:46] INFO: [JOB-SYSTEM-TRUCKER] Fetched 0 actual orders sucessfully from SQL
[2026-09-26 00:53:52] WARNING: report-system\s_reports.lua:329: Bad argument @ 'getPlayersInTeam' [Expected team at argument 1, got nil]
[2026-09-26 00:53:52] ERROR: report-system\s_reports.lua:329: attempt to get length of a boolean value
[2026-09-26 00:58:46] WARNING: report-system\s_reports.lua:329: Bad argument @ 'getPlayersInTeam' [Expected team at argument 1, got nil]
[2026-09-26 00:58:46] ERROR: report-system\s_reports.lua:329: attempt to get length of a boolean value
[2026-09-26 01:03:31] ACL: Denied 'Console' access to command 'start'
[2026-09-26 01:03:31] ACL: Access denied for 'start'
[2026-09-26 01:03:46] Resource 'main-menu' changed, reloading and starting
[2026-09-26 01:03:46] Starting main-menu
[2026-09-26 01:03:46] startResource: Resource 'main-menu' started
[2026-09-26 01:03:46] INFO: [JOB-SYSTEM-TRUCKER] Fetched 0 actual orders sucessfully from SQL
[2026-09-26 01:03:52] WARNING: report-system\s_reports.lua:329: Bad argument @ 'getPlayersInTeam' [Expected team at argument 1, got nil]
[2026-09-26 01:03:52] ERROR: report-system\s_reports.lua:329: attempt to get length of a boolean value
[2026-09-26 01:08:46] WARNING: report-system\s_reports.lua:329: Bad argument @ 'getPlayersInTeam' [Expected team at argument 1, got nil]
[2026-09-26 01:08:46] ERROR: report-system\s_reports.lua:329: attempt to get length of a boolean value
[2026-09-26 01:12:52] INFO: [WEATHER] / Line 57 / SQL Settings for weather successfully altered.
[2026-09-26 01:13:46] INFO: [JOB-SYSTEM-TRUCKER] Fetched 0 actual orders sucessfully from SQL
[2026-09-26 01:13:52] WARNING: report-system\s_reports.lua:329: Bad argument @ 'getPlayersInTeam' [Expected team at argument 1, got nil]
[2026-09-26 01:13:52] ERROR: report-system\s_reports.lua:329: attempt to get length of a boolean value
[2026-09-26 01:18:46] WARNING: report-system\s_reports.lua:329: Bad argument @ 'getPlayersInTeam' [Expected team at argument 1, got nil]
[2026-09-26 01:18:46] ERROR: report-system\s_reports.lua:329: attempt to get length of a boolean value
[2026-09-26 01:23:46] INFO: [JOB-SYSTEM-TRUCKER] Fetched 0 actual orders sucessfully from SQL
[2026-09-26 01:23:52] WARNING: report-system\s_reports.lua:329: Bad argument @ 'getPlayersInTeam' [Expected team at argument 1, got nil]
[2026-09-26 01:23:52] ERROR: report-system\s_reports.lua:329: attempt to get length of a boolean value
[2026-09-26 01:28:46] WARNING: report-system\s_reports.lua:329: Bad argument @ 'getPlayersInTeam' [Expected team at argument 1, got nil]
[2026-09-26 01:28:46] ERROR: report-system\s_reports.lua:329: attempt to get length of a boolean value
[2026-09-26 01:33:46] INFO: [JOB-SYSTEM-TRUCKER] Fetched 0 actual orders sucessfully from SQL
[2026-09-26 01:33:52] WARNING: report-system\s_reports.lua:329: Bad argument @ 'getPlayersInTeam' [Expected team at argument 1, got nil]
[2026-09-26 01:33:52] ERROR: report-system\s_reports.lua:329: attempt to get length of a boolean value
[2026-09-26 01:38:46] WARNING: report-system\s_reports.lua:329: Bad argument @ 'getPlayersInTeam' [Expected team at argument 1, got nil]
[2026-09-26 01:38:46] ERROR: report-system\s_reports.lua:329: attempt to get length of a boolean value
[2026-09-26 01:43:46] INFO: [JOB-SYSTEM-TRUCKER] Fetched 0 actual orders sucessfully from SQL
[2026-09-26 01:43:46] INFO: WORLDSAVE INCOMING
[2026-09-26 01:43:46] INFO: [DATA] Saved Faction Drop NPC logs records.
[2026-09-26 01:43:46] WARNING: report-system\s_reports.lua:329: Bad argument @ 'getPlayersInTeam' [Expected team at argument 1, got nil]
[2026-09-26 01:43:46] ERROR: report-system\s_reports.lua:329: attempt to get length of a boolean value
[2026-09-26 01:48:47] WARNING: report-system\s_reports.lua:329: Bad argument @ 'getPlayersInTeam' [Expected team at argument 1, got nil]
[2026-09-26 01:48:47] ERROR: report-system\s_reports.lua:329: attempt to get length of a boolean value
[2026-09-26 01:51:37] QUIT: Robson_Walton left the game [Quit] 
[2026-09-26 01:51:38] CONNECT: GlossyHarp91 connected (IP: 127.0.0.1  Serial: 5476DADC39B41BA9B017E8EF2EE22433  Version: 1.6.0-9.24149.0)
[2026-09-26 01:51:38] JOIN: GlossyHarp91 joined the game (IP: 127.0.0.1)
[2026-09-26 01:51:39] NICK: GlossyHarp91 is now known as Direct-Hosting.8943
==================================================================
= Multi Theft Auto: San Andreas v1.6
==================================================================
= Server name      : Direct Backup V3
= Server IP address: auto
= Server port      : 22221
= 
= Log file         : ../MTA/server/mods/deathmatch/logs/server.log
= Maximum players  : 32
= HTTP port        : 22221
= Voice Chat       : Disabled
= Bandwidth saving : None
==================================================================
[2026-09-26 01:52:07] WARNING: Ignoring duplicate client file in resource 'vrp': 'Imagens/Fundo.png'
[2026-09-26 01:52:07] Resources: 163 loaded, 0 failed
[2026-09-26 01:52:07] Starting resources...
[2026-09-26 01:52:07] [MYSQL] Connected to database 'pdz' at 127.0.0.1:3306
[2026-09-26 01:52:07] Server minclientversion is now 1.6.0-9.24109.0
[2026-09-26 01:52:07] WARNING: hud/c_overlay_top_right.lua(Line 106) [Client] getControlState is deprecated and may not work in future versions. Please replace with getPedControlState before Tuesday.
[2026-09-26 01:52:07] WARNING: hud/c_overlay_bottom_center.lua(Line 90) [Client] getControlState is deprecated and may not work in future versions. Please replace with getPedControlState before Tuesday.
[2026-09-26 01:52:07] Some files in 'hud' use deprecated functions.
[2026-09-26 01:52:07] Use the 'upgrade' command to perform a basic upgrade of resources.
[2026-09-26 01:52:08] WARNING: account/c_main.lua(Line 5) [Client] showPlayerHudComponent is deprecated and may not work in future versions. Please replace with setPlayerHudComponentVisible before Tuesday.
[2026-09-26 01:52:08] WARNING: account/c_main.lua(Line 7) [Client] showPlayerHudComponent is deprecated and may not work in future versions. Please replace with setPlayerHudComponentVisible before Tuesday.
[2026-09-26 01:52:08] WARNING: account/c_main.lua(Line 9) [Client] showPlayerHudComponent is deprecated and may not work in future versions. Please replace with setPlayerHudComponentVisible before Tuesday.
[2026-09-26 01:52:08] WARNING: account/c_main.lua(Line 11) [Client] showPlayerHudComponent is deprecated and may not work in future versions. Please replace with setPlayerHudComponentVisible before Tuesday.
[2026-09-26 01:52:08] WARNING: account/c_main.lua(Line 13) [Client] showPlayerHudComponent is deprecated and may not work in future versions. Please replace with setPlayerHudComponentVisible before Tuesday.
[2026-09-26 01:52:08] WARNING: account/c_main.lua(Line 15) [Client] showPlayerHudComponent is deprecated and may not work in future versions. Please replace with setPlayerHudComponentVisible before Tuesday.
[2026-09-26 01:52:08] WARNING: account/c_main.lua(Line 17) [Client] showPlayerHudComponent is deprecated and may not work in future versions. Please replace with setPlayerHudComponentVisible before Tuesday.
[2026-09-26 01:52:08] WARNING: account/c_main.lua(Line 19) [Client] showPlayerHudComponent is deprecated and may not work in future versions. Please replace with setPlayerHudComponentVisible before Tuesday.
[2026-09-26 01:52:08] WARNING: account/c_main.lua(Line 21) [Client] showPlayerHudComponent is deprecated and may not work in future versions. Please replace with setPlayerHudComponentVisible before Tuesday.
[2026-09-26 01:52:08] WARNING: account/c_main.lua(Line 23) [Client] showPlayerHudComponent is deprecated and may not work in future versions. Please replace with setPlayerHudComponentVisible before Tuesday.
[2026-09-26 01:52:08] WARNING: account/c_main.lua(Line 25) [Client] showPlayerHudComponent is deprecated and may not work in future versions. Please replace with setPlayerHudComponentVisible before Tuesday.
[2026-09-26 01:52:08] WARNING: account/c_characters.lua(Line 13) [Client] showPlayerHudComponent is deprecated and may not work in future versions. Please replace with setPlayerHudComponentVisible before Tuesday.
[2026-09-26 01:52:08] WARNING: account/c_options.lua(Line 519) [Client] setControlState is deprecated and may not work in future versions. Please replace with setPedControlState before Tuesday.
[2026-09-26 01:52:08] Some files in 'account' use deprecated functions.
[2026-09-26 01:52:08] Use the 'upgrade' command to perform a basic upgrade of resources.
[2026-09-26 01:52:08] WARNING: admin-system/Player/s_teleport.lua(Line 123) [Server] setVehicleTurnVelocity is deprecated and may not work in future versions. Please replace with setElementAngularVelocity before Tuesday.
[2026-09-26 01:52:08] WARNING: admin-system/Player/s_teleport.lua(Line 313) [Server] setVehicleTurnVelocity is deprecated and may not work in future versions. Please replace with setElementAngularVelocity before Tuesday.
[2026-09-26 01:52:08] WARNING: admin-system/Player/s_teleport.lua(Line 534) [Server] setVehicleTurnVelocity is deprecated and may not work in future versions. Please replace with setElementAngularVelocity before Tuesday.
[2026-09-26 01:52:08] WARNING: admin-system/Player/s_teleport.lua(Line 792) [Server] setVehicleTurnVelocity is deprecated and may not work in future versions. Please replace with setElementAngularVelocity before Tuesday.
[2026-09-26 01:52:08] WARNING: admin-system/Player/s_teleport.lua(Line 1176) [Server] setVehicleTurnVelocity is deprecated and may not work in future versions. Please replace with setElementAngularVelocity before Tuesday.
[2026-09-26 01:52:08] WARNING: admin-system/Player/s_teleport.lua(Line 1326) [Server] setVehicleTurnVelocity is deprecated and may not work in future versions. Please replace with setElementAngularVelocity before Tuesday.
[2026-09-26 01:52:08] WARNING: admin-system/c_overlay.lua(Line 460) [Client] getControlState is deprecated and may not work in future versions. Please replace with getPedControlState before Tuesday.
[2026-09-26 01:52:08] Some files in 'admin-system' use deprecated functions.
[2026-09-26 01:52:08] Use the 'upgrade' command to perform a basic upgrade of resources.
[2026-09-26 01:52:08] Server password cleared
[2026-09-26 01:52:08] WARNING: driveby/driveby_client.lua(Line 1024) [Client] setControlState is deprecated and may not work in future versions. Please replace with setPedControlState before Tuesday.
[2026-09-26 01:52:08] Some files in 'driveby' use deprecated functions.
[2026-09-26 01:52:08] Use the 'upgrade' command to perform a basic upgrade of resources.
[2026-09-26 01:52:08] WARNING: elevator-system/s_elevator_system.lua(Line 1445) [Server] setVehicleTurnVelocity is deprecated and may not work in future versions. Please replace with setElementAngularVelocity before Tuesday.
[2026-09-26 01:52:08] WARNING: elevator-system/s_elevator_system.lua(Line 1553) [Server] setVehicleTurnVelocity is deprecated and may not work in future versions. Please replace with setElementAngularVelocity before Tuesday.
[2026-09-26 01:52:08] Some files in 'elevator-system' use deprecated functions.
[2026-09-26 01:52:08] Use the 'upgrade' command to perform a basic upgrade of resources.
[2026-09-26 01:52:08] WARNING: fuel-system/s_fuel_peds.lua(Line 2522) [Server] setVehicleTurnVelocity is deprecated and may not work in future versions. Please replace with setElementAngularVelocity before Tuesday.
[2026-09-26 01:52:08] Some files in 'fuel-system' use deprecated functions.
[2026-09-26 01:52:08] Use the 'upgrade' command to perform a basic upgrade of resources.
[2026-09-26 01:52:08] Please wait...
[2026-09-26 01:52:08] WARNING: heligrab/c_heli.lua(Line 756) [Client] getControlState is deprecated and may not work in future versions. Please replace with getPedControlState before Tuesday.
[2026-09-26 01:52:08] Some files in 'heligrab' use deprecated functions.
[2026-09-26 01:52:08] Use the 'upgrade' command to perform a basic upgrade of resources.
[2026-09-26 01:52:08] WARNING: item-system/c_itemchange.lua(Line 9) [Client] showPlayerHudComponent is deprecated and may not work in future versions. Please replace with setPlayerHudComponentVisible before Tuesday.
[2026-09-26 01:52:08] WARNING: item-system/c_itemchange.lua(Line 13) [Client] showPlayerHudComponent is deprecated and may not work in future versions. Please replace with setPlayerHudComponentVisible before Tuesday.
[2026-09-26 01:52:08] Some files in 'item-system' use deprecated functions.
[2026-09-26 01:52:08] Use the 'upgrade' command to perform a basic upgrade of resources.
[2026-09-26 01:52:09] WARNING: item-texture\s_itemtexture.lua:173: Bad argument @ 'getElementsByType' [Expected element at argument 2, got boolean]
[2026-09-26 01:52:09] INFO: item-texture: Loading textures for 0 world items
[2026-09-26 01:52:09] INFO: item-texture: 0 clients waiting on initial sync.
[2026-09-26 01:52:09] INFO: item-texture: 0 textured elements were added for initial sync.
[2026-09-26 01:52:09] INFO: [ITEM WORLD] Loading 0 world items will be finished in approximately 0.05 seconds.
[2026-09-26 01:52:09] WARNING: job-system-trucker/s_trucker_job.lua(Line 2690) [Server] setVehicleTurnVelocity is deprecated and may not work in future versions. Please replace with setElementAngularVelocity before Tuesday.
[2026-09-26 01:52:09] WARNING: job-system-trucker/s_trucker_job.lua(Line 2750) [Server] setVehicleTurnVelocity is deprecated and may not work in future versions. Please replace with setElementAngularVelocity before Tuesday.
[2026-09-26 01:52:09] WARNING: job-system-trucker/s_trucker_job.lua(Line 2810) [Server] setVehicleTurnVelocity is deprecated and may not work in future versions. Please replace with setElementAngularVelocity before Tuesday.
[2026-09-26 01:52:09] WARNING: job-system-trucker/s_trucker_job.lua(Line 2870) [Server] setVehicleTurnVelocity is deprecated and may not work in future versions. Please replace with setElementAngularVelocity before Tuesday.
[2026-09-26 01:52:09] WARNING: job-system-trucker/c_overlay.lua(Line 1166) [Client] getControlState is deprecated and may not work in future versions. Please replace with getPedControlState before Tuesday.
[2026-09-26 01:52:09] Some files in 'job-system-trucker' use deprecated functions.
[2026-09-26 01:52:09] Use the 'upgrade' command to perform a basic upgrade of resources.
[2026-09-26 01:52:09] INFO: [JOB-SYSTEM-TRUCKER] Fetched 2 actual orders sucessfully from SQL
[2026-09-26 01:52:09] WARNING: pd-system/c_policedeagle.lua(Line 437) [Client] getControlState is deprecated and may not work in future versions. Please replace with getPedControlState before Tuesday.
[2026-09-26 01:52:09] WARNING: pd-system/c_policeshotgun.lua(Line 331) [Client] getControlState is deprecated and may not work in future versions. Please replace with getPedControlState before Tuesday.
[2026-09-26 01:52:09] Some files in 'pd-system' use deprecated functions.
[2026-09-26 01:52:09] Use the 'upgrade' command to perform a basic upgrade of resources.
[2026-09-26 01:52:09] WARNING: realism-system/c_backup_bleepers.lua(Line 333) [Client] getControlState is deprecated and may not work in future versions. Please replace with getPedControlState before Tuesday.
[2026-09-26 01:52:09] WARNING: realism-system/c_cruise_control.lua(Line 141) [Client] setControlState is deprecated and may not work in future versions. Please replace with setPedControlState before Tuesday.
[2026-09-26 01:52:09] WARNING: realism-system/c_cruise_control.lua(Line 149) [Client] setControlState is deprecated and may not work in future versions. Please replace with setPedControlState before Tuesday.
[2026-09-26 01:52:09] WARNING: realism-system/c_cruise_control.lua(Line 201) [Client] setControlState is deprecated and may not work in future versions. Please replace with setPedControlState before Tuesday.
[2026-09-26 01:52:09] WARNING: realism-system/c_fpview.lua(Line 439) [Client] getControlState is deprecated and may not work in future versions. Please replace with getPedControlState before Tuesday.
[2026-09-26 01:52:09] WARNING: realism-system/c_fpview.lua(Line 451) [Client] getControlState is deprecated and may not work in future versions. Please replace with getPedControlState before Tuesday.
[2026-09-26 01:52:09] WARNING: realism-system/c_fpview.lua(Line 463) [Client] getControlState is deprecated and may not work in future versions. Please replace with getPedControlState before Tuesday.
[2026-09-26 01:52:09] WARNING: realism-system/c_heli_rotors.lua(Line 17) [Client] getHelicopterRotorSpeed is deprecated and may not work in future versions. Please replace with getVehicleRotorSpeed before Tuesday.
[2026-09-26 01:52:09] WARNING: realism-system/c_heli_rotors.lua(Line 21) [Client] getHelicopterRotorSpeed is deprecated and may not work in future versions. Please replace with getVehicleRotorSpeed before Tuesday.
[2026-09-26 01:52:09] WARNING: realism-system/c_heli_rotors.lua(Line 25) [Client] setHelicopterRotorSpeed is deprecated and may not work in future versions. Please replace with setVehicleRotorSpeed before Tuesday.
[2026-09-26 01:52:09] WARNING: realism-system/c_carrealism.lua(Line 353) [Client] getControlState is deprecated and may not work in future versions. Please replace with getPedControlState before Tuesday.
[2026-09-26 01:52:09] WARNING: realism-system/handbrake_c.lua(Line 217) [Client] getControlState is deprecated and may not work in future versions. Please replace with getPedControlState before Tuesday.
[2026-09-26 01:52:09] WARNING: realism-system/handbrake_c.lua(Line 221) [Client] setControlState is deprecated and may not work in future versions. Please replace with setPedControlState before Tuesday.
[2026-09-26 01:52:09] Some files in 'realism-system' use deprecated functions.
[2026-09-26 01:52:09] Use the 'upgrade' command to perform a basic upgrade of resources.
[2026-09-26 01:52:09] WARNING: report-system/c_external_report_box.lua(Line 265) [Client] getControlState is deprecated and may not work in future versions. Please replace with getPedControlState before Tuesday.
[2026-09-26 01:52:09] WARNING: report-system/c_top_right_box.lua(Line 84) [Client] getControlState is deprecated and may not work in future versions. Please replace with getPedControlState before Tuesday.
[2026-09-26 01:52:09] Some files in 'report-system' use deprecated functions.
[2026-09-26 01:52:09] Use the 'upgrade' command to perform a basic upgrade of resources.
[2026-09-26 01:52:09] INFO: Loaded 0 reports.
[2026-09-26 01:52:09] WARNING: shop-system/s_generalshop_system.lua(Line 672) [Server] setVehicleTurnVelocity is deprecated and may not work in future versions. Please replace with setElementAngularVelocity before Tuesday.
[2026-09-26 01:52:09] Some files in 'shop-system' use deprecated functions.
[2026-09-26 01:52:09] Use the 'upgrade' command to perform a basic upgrade of resources.
[2026-09-26 01:52:09] WARNING: spike-system/c_spikes.lua(Line 93) [Client] getVehicleTurnVelocity is deprecated and may not work in future versions. Please replace with getElementAngularVelocity before Tuesday.
[2026-09-26 01:52:09] WARNING: spike-system/c_spikes.lua(Line 97) [Client] setVehicleTurnVelocity is deprecated and may not work in future versions. Please replace with setElementAngularVelocity before Tuesday.
[2026-09-26 01:52:09] Some files in 'spike-system' use deprecated functions.
[2026-09-26 01:52:09] Use the 'upgrade' command to perform a basic upgrade of resources.
[2026-09-26 01:52:09] WARNING: vehicle-interiors/s_vehicle_interiors.lua(Line 1936) [Server] setVehicleTurnVelocity is deprecated and may not work in future versions. Please replace with setElementAngularVelocity before Tuesday.
[2026-09-26 01:52:09] Some files in 'vehicle-interiors' use deprecated functions.
[2026-09-26 01:52:09] Use the 'upgrade' command to perform a basic upgrade of resources.
[2026-09-26 01:52:09] WARNING: superman/c_superman.lua(Line 1352) [Client] getControlState is deprecated and may not work in future versions. Please replace with getPedControlState before Tuesday.
[2026-09-26 01:52:09] WARNING: superman/c_superman.lua(Line 1391) [Client] getControlState is deprecated and may not work in future versions. Please replace with getPedControlState before Tuesday.
[2026-09-26 01:52:09] WARNING: superman/c_superman.lua(Line 1399) [Client] getControlState is deprecated and may not work in future versions. Please replace with getPedControlState before Tuesday.
[2026-09-26 01:52:09] WARNING: superman/c_superman.lua(Line 1415) [Client] getControlState is deprecated and may not work in future versions. Please replace with getPedControlState before Tuesday.
[2026-09-26 01:52:09] WARNING: superman/c_superman.lua(Line 1423) [Client] getControlState is deprecated and may not work in future versions. Please replace with getPedControlState before Tuesday.
[2026-09-26 01:52:09] WARNING: superman/c_superman.lua(Line 1459) [Client] getControlState is deprecated and may not work in future versions. Please replace with getPedControlState before Tuesday.
[2026-09-26 01:52:09] WARNING: superman/c_superman.lua(Line 1487) [Client] getControlState is deprecated and may not work in future versions. Please replace with getPedControlState before Tuesday.
[2026-09-26 01:52:09] WARNING: superman/c_superman.lua(Line 1499) [Client] getControlState is deprecated and may not work in future versions. Please replace with getPedControlState before Tuesday.
[2026-09-26 01:52:09] WARNING: superman/c_superman.lua(Line 2094) [Client] getControlState is deprecated and may not work in future versions. Please replace with getPedControlState before Tuesday.
[2026-09-26 01:52:09] Some files in 'superman' use deprecated functions.
[2026-09-26 01:52:09] Use the 'upgrade' command to perform a basic upgrade of resources.
[2026-09-26 01:52:09] WARNING: gate-manager/s_gate_manager.lua(Line 802) [Server] setVehicleTurnVelocity is deprecated and may not work in future versions. Please replace with setElementAngularVelocity before Tuesday.
[2026-09-26 01:52:09] Some files in 'gate-manager' use deprecated functions.
[2026-09-26 01:52:09] Use the 'upgrade' command to perform a basic upgrade of resources.
[2026-09-26 01:52:10] WARNING: sfia/s_airtrack.lua(Line 227) [Server] showPlayerHudComponent is deprecated and may not work in future versions. Please replace with setPlayerHudComponentVisible before Tuesday.
[2026-09-26 01:52:10] WARNING: sfia/s_airtrack.lua(Line 263) [Server] showPlayerHudComponent is deprecated and may not work in future versions. Please replace with setPlayerHudComponentVisible before Tuesday.
[2026-09-26 01:52:10] Some files in 'sfia' use deprecated functions.
[2026-09-26 01:52:10] Use the 'upgrade' command to perform a basic upgrade of resources.
[2026-09-26 01:52:10] WARNING: vehicle-manager/s_vehicle_commands.lua(Line 789) [Server] setVehicleTurnVelocity is deprecated and may not work in future versions. Please replace with setElementAngularVelocity before Tuesday.
[2026-09-26 01:52:10] Some files in 'vehicle-manager' use deprecated functions.
[2026-09-26 01:52:10] Use the 'upgrade' command to perform a basic upgrade of resources.
[2026-09-26 01:52:10] INFO: Loaded 0 texture records for all interiors in 0ms
[2026-09-26 01:52:10] WARNING: announcement/client.lua(Line 76) [Client] getControlState is deprecated and may not work in future versions. Please replace with getPedControlState before Tuesday.
[2026-09-26 01:52:10] Some files in 'announcement' use deprecated functions.
[2026-09-26 01:52:10] Use the 'upgrade' command to perform a basic upgrade of resources.
[2026-09-26 01:52:10] INFO: LeFire Script loaded ...
[2026-09-26 01:52:10] INFO: Loaded 0 animated texture records in 0ms
[2026-09-26 01:52:10] INFO: PRISON-SYSTEM: Loaded 24 cell gates from s_gates.lua
[2026-09-26 01:52:11] WARNING: vrp/client.lua(Line 246) [Client] showPlayerHudComponent is deprecated and may not work in future versions. Please replace with setPlayerHudComponentVisible before Tuesday.
[2026-09-26 01:52:11] Some files in 'vrp' use deprecated functions.
[2026-09-26 01:52:11] Use the 'upgrade' command to perform a basic upgrade of resources.
[2026-09-26 01:52:11] Querying MTA master server... success! (Auto detected IP:9.246.91.187)
[2026-09-26 01:52:11] Authorized serial account protection is enabled for the ACL group(s): `Admin`  See http://multitheftauto.com/authserial
[2026-09-26 01:52:11] WARNING: <owner_email_address> not set
[2026-09-26 01:52:11] Server started and is ready to accept connections!
[2026-09-26 01:52:11] To stop the server, type 'shutdown' or press Ctrl-C
[2026-09-26 01:52:11] Type 'help' for a list of commands.
[2026-09-26 01:52:14] INFO: [WEATHER] / Line 57 / SQL Settings for weather successfully altered.
[2026-09-26 01:52:30] CONNECT: GlossyHarp91 connected (IP: 127.0.0.1  Serial: 5476DADC39B41BA9B017E8EF2EE22433  Version: 1.6.0-9.24149.0)
[2026-09-26 01:52:31] JOIN: GlossyHarp91 joined the game (IP: 127.0.0.1)
[2026-09-26 01:52:31] NICK: GlossyHarp91 is now known as Direct-Hosting.6694
[2026-09-26 01:52:38] INFO: [ELEVATOR] Spawning 0 elevators will be finished in approx. 0 seconds.
[2026-09-26 01:53:09] Stopping item-texture
[2026-09-26 01:53:09] Starting item-texture
[2026-09-26 01:53:09] INFO: item-texture: Loading textures for 0 world items
[2026-09-26 01:53:09] INFO: item-texture: 0 clients waiting on initial sync.
[2026-09-26 01:53:09] INFO: item-texture: 0 textured elements were added for initial sync.
[2026-09-26 01:53:09] item-texture restarted successfully
[2026-09-26 01:53:43] INFO: Loading 2 account settings to client #1
[2026-09-26 01:55:52] NICK: Direct-Hosting.6694 is now known as Robson_Walton
[2026-09-26 01:57:09] WARNING: report-system\s_reports.lua:329: Bad argument @ 'getPlayersInTeam' [Expected team at argument 1, got nil]
[2026-09-26 01:57:09] ERROR: report-system\s_reports.lua:329: attempt to get length of a boolean value
[2026-09-26 02:02:09] INFO: [JOB-SYSTEM-TRUCKER] Fetched 0 actual orders sucessfully from SQL
[2026-09-26 02:02:15] WARNING: report-system\s_reports.lua:329: Bad argument @ 'getPlayersInTeam' [Expected team at argument 1, got nil]
[2026-09-26 02:02:15] ERROR: report-system\s_reports.lua:329: attempt to get length of a boolean value
[2026-09-26 02:07:09] WARNING: report-system\s_reports.lua:329: Bad argument @ 'getPlayersInTeam' [Expected team at argument 1, got nil]
[2026-09-26 02:07:09] ERROR: report-system\s_reports.lua:329: attempt to get length of a boolean value
[2026-09-26 02:12:09] INFO: [JOB-SYSTEM-TRUCKER] Fetched 0 actual orders sucessfully from SQL
[2026-09-26 02:12:15] WARNING: report-system\s_reports.lua:329: Bad argument @ 'getPlayersInTeam' [Expected team at argument 1, got nil]
[2026-09-26 02:12:15] ERROR: report-system\s_reports.lua:329: attempt to get length of a boolean value
[2026-09-26 02:17:09] WARNING: report-system\s_reports.lua:329: Bad argument @ 'getPlayersInTeam' [Expected team at argument 1, got nil]
[2026-09-26 02:17:09] ERROR: report-system\s_reports.lua:329: attempt to get length of a boolean value
[2026-09-26 02:21:14] INFO: [WEATHER] / Line 57 / SQL Settings for weather successfully altered.
[2026-09-26 02:22:09] INFO: [JOB-SYSTEM-TRUCKER] Fetched 0 actual orders sucessfully from SQL
[2026-09-26 02:22:15] WARNING: report-system\s_reports.lua:329: Bad argument @ 'getPlayersInTeam' [Expected team at argument 1, got nil]
[2026-09-26 02:22:15] ERROR: report-system\s_reports.lua:329: attempt to get length of a boolean value
[2026-09-26 02:27:09] WARNING: report-system\s_reports.lua:329: Bad argument @ 'getPlayersInTeam' [Expected team at argument 1, got nil]
[2026-09-26 02:27:09] ERROR: report-system\s_reports.lua:329: attempt to get length of a boolean value
[2026-09-26 02:32:09] INFO: [JOB-SYSTEM-TRUCKER] Fetched 0 actual orders sucessfully from SQL
[2026-09-26 02:32:15] WARNING: report-system\s_reports.lua:329: Bad argument @ 'getPlayersInTeam' [Expected team at argument 1, got nil]
[2026-09-26 02:32:15] ERROR: report-system\s_reports.lua:329: attempt to get length of a boolean value
[2026-09-26 02:37:09] WARNING: report-system\s_reports.lua:329: Bad argument @ 'getPlayersInTeam' [Expected team at argument 1, got nil]
[2026-09-26 02:37:09] ERROR: report-system\s_reports.lua:329: attempt to get length of a boolean value
[2026-09-26 02:42:09] INFO: [JOB-SYSTEM-TRUCKER] Fetched 0 actual orders sucessfully from SQL
[2026-09-26 02:42:15] WARNING: report-system\s_reports.lua:329: Bad argument @ 'getPlayersInTeam' [Expected team at argument 1, got nil]
[2026-09-26 02:42:15] ERROR: report-system\s_reports.lua:329: attempt to get length of a boolean value
[2026-09-26 02:42:37] ACL: Denied 'Console' access to command 'restart'
[2026-09-26 02:42:37] ACL: Access denied for 'restart'
[2026-09-26 02:42:38] ACL: Denied 'Console' access to command 'restart'
[2026-09-26 02:42:38] ACL: Access denied for 'restart'
[2026-09-26 02:47:09] WARNING: report-system\s_reports.lua:329: Bad argument @ 'getPlayersInTeam' [Expected team at argument 1, got nil]
[2026-09-26 02:47:09] ERROR: report-system\s_reports.lua:329: attempt to get length of a boolean value
[2026-09-26 02:52:09] INFO: [JOB-SYSTEM-TRUCKER] Fetched 0 actual orders sucessfully from SQL
[2026-09-26 02:52:09] INFO: WORLDSAVE INCOMING
[2026-09-26 02:52:09] INFO: [DATA] Saved Faction Drop NPC logs records.
[2026-09-26 02:52:09] WARNING: report-system\s_reports.lua:329: Bad argument @ 'getPlayersInTeam' [Expected team at argument 1, got nil]
[2026-09-26 02:52:09] ERROR: report-system\s_reports.lua:329: attempt to get length of a boolean value
[2026-09-26 02:52:45] Server stopped!
[2026-09-26 02:52:45] Stopping resources............................................
[2026-09-26 02:52:45] INFO: [Factions] Saving duty allow changes...
[2026-09-26 02:52:45] INFO: [Factions] Completed in 0 seconds.
[2026-09-26 02:52:46] ERROR: pool\server\s_pool.lua:601: exports: Call to non-running server resource (data) [string "?"]
[2026-09-26 02:52:46] ERROR: pool\server\s_pool.lua:605: exports: Call to non-running server resource (data) [string "?"]
[2026-09-26 02:52:46] ERROR: report-system\s_reports.lua:457: exports: Call to non-running server resource (data) [string "?"]
[2026-09-26 02:52:46] ERROR: shop-system\faction_drop_s.lua:563: exports: Call to non-running server resource (data) [string "?"]
[2026-09-26 02:52:46] ERROR: vehicle-interiors\s_vehicle_interiors.lua:593: exports: Call to non-running server resource (anticheat) [string "?"]
[2026-09-26 02:52:46] ERROR: vehicle-interiors\s_vehicle_interiors.lua:593: exports: Call to non-running server resource (anticheat) [string "?"]  [DUP x10]
[2026-09-26 02:52:46] Closing SQLite3 database
==================================================================
= Multi Theft Auto: San Andreas v1.6
==================================================================
= Server name      : Direct Backup V3
= Server IP address: auto
= Server port      : 22221
= 
= Log file         : ../MTA/server/mods/deathmatch/logs/server.log
= Maximum players  : 32
= HTTP port        : 22221
= Voice Chat       : Disabled
= Bandwidth saving : None
==================================================================
[2026-09-26 02:53:10] WARNING: Ignoring duplicate client file in resource 'vrp': 'Imagens/Fundo.png'
[2026-09-26 02:53:10] Resources: 163 loaded, 0 failed
[2026-09-26 02:53:10] Starting resources...
[2026-09-26 02:53:10] [MYSQL] Connected to database 'pdz' at 127.0.0.1:3306
[2026-09-26 02:53:10] Server minclientversion is now 1.6.0-9.24109.0
[2026-09-26 02:53:10] WARNING: hud/c_overlay_top_right.lua(Line 106) [Client] getControlState is deprecated and may not work in future versions. Please replace with getPedControlState.
[2026-09-26 02:53:10] WARNING: hud/c_overlay_bottom_center.lua(Line 90) [Client] getControlState is deprecated and may not work in future versions. Please replace with getPedControlState.
[2026-09-26 02:53:10] Some files in 'hud' use deprecated functions.
[2026-09-26 02:53:10] Use the 'upgrade' command to perform a basic upgrade of resources.
[2026-09-26 02:53:10] WARNING: account/c_main.lua(Line 5) [Client] showPlayerHudComponent is deprecated and may not work in future versions. Please replace with setPlayerHudComponentVisible.
[2026-09-26 02:53:10] WARNING: account/c_main.lua(Line 7) [Client] showPlayerHudComponent is deprecated and may not work in future versions. Please replace with setPlayerHudComponentVisible.
[2026-09-26 02:53:10] WARNING: account/c_main.lua(Line 9) [Client] showPlayerHudComponent is deprecated and may not work in future versions. Please replace with setPlayerHudComponentVisible.
[2026-09-26 02:53:10] WARNING: account/c_main.lua(Line 11) [Client] showPlayerHudComponent is deprecated and may not work in future versions. Please replace with setPlayerHudComponentVisible.
[2026-09-26 02:53:10] WARNING: account/c_main.lua(Line 13) [Client] showPlayerHudComponent is deprecated and may not work in future versions. Please replace with setPlayerHudComponentVisible.
[2026-09-26 02:53:10] WARNING: account/c_main.lua(Line 15) [Client] showPlayerHudComponent is deprecated and may not work in future versions. Please replace with setPlayerHudComponentVisible.
[2026-09-26 02:53:10] WARNING: account/c_main.lua(Line 17) [Client] showPlayerHudComponent is deprecated and may not work in future versions. Please replace with setPlayerHudComponentVisible.
[2026-09-26 02:53:10] WARNING: account/c_main.lua(Line 19) [Client] showPlayerHudComponent is deprecated and may not work in future versions. Please replace with setPlayerHudComponentVisible.
[2026-09-26 02:53:10] WARNING: account/c_main.lua(Line 21) [Client] showPlayerHudComponent is deprecated and may not work in future versions. Please replace with setPlayerHudComponentVisible.
[2026-09-26 02:53:10] WARNING: account/c_main.lua(Line 23) [Client] showPlayerHudComponent is deprecated and may not work in future versions. Please replace with setPlayerHudComponentVisible.
[2026-09-26 02:53:10] WARNING: account/c_main.lua(Line 25) [Client] showPlayerHudComponent is deprecated and may not work in future versions. Please replace with setPlayerHudComponentVisible.
[2026-09-26 02:53:10] WARNING: account/c_characters.lua(Line 13) [Client] showPlayerHudComponent is deprecated and may not work in future versions. Please replace with setPlayerHudComponentVisible.
[2026-09-26 02:53:10] WARNING: account/c_options.lua(Line 519) [Client] setControlState is deprecated and may not work in future versions. Please replace with setPedControlState.
[2026-09-26 02:53:10] Some files in 'account' use deprecated functions.
[2026-09-26 02:53:10] Use the 'upgrade' command to perform a basic upgrade of resources.
[2026-09-26 02:53:10] WARNING: admin-system/Player/s_teleport.lua(Line 123) [Server] setVehicleTurnVelocity is deprecated and may not work in future versions. Please replace with setElementAngularVelocity.
[2026-09-26 02:53:10] WARNING: admin-system/Player/s_teleport.lua(Line 313) [Server] setVehicleTurnVelocity is deprecated and may not work in future versions. Please replace with setElementAngularVelocity.
[2026-09-26 02:53:10] WARNING: admin-system/Player/s_teleport.lua(Line 534) [Server] setVehicleTurnVelocity is deprecated and may not work in future versions. Please replace with setElementAngularVelocity.
[2026-09-26 02:53:10] WARNING: admin-system/Player/s_teleport.lua(Line 792) [Server] setVehicleTurnVelocity is deprecated and may not work in future versions. Please replace with setElementAngularVelocity.
[2026-09-26 02:53:10] WARNING: admin-system/Player/s_teleport.lua(Line 1176) [Server] setVehicleTurnVelocity is deprecated and may not work in future versions. Please replace with setElementAngularVelocity.
[2026-09-26 02:53:10] WARNING: admin-system/Player/s_teleport.lua(Line 1326) [Server] setVehicleTurnVelocity is deprecated and may not work in future versions. Please replace with setElementAngularVelocity.
[2026-09-26 02:53:10] WARNING: admin-system/c_overlay.lua(Line 460) [Client] getControlState is deprecated and may not work in future versions. Please replace with getPedControlState.
[2026-09-26 02:53:10] Some files in 'admin-system' use deprecated functions.
[2026-09-26 02:53:10] Use the 'upgrade' command to perform a basic upgrade of resources.
[2026-09-26 02:53:10] Server password cleared
[2026-09-26 02:53:10] WARNING: driveby/driveby_client.lua(Line 1024) [Client] setControlState is deprecated and may not work in future versions. Please replace with setPedControlState.
[2026-09-26 02:53:10] Some files in 'driveby' use deprecated functions.
[2026-09-26 02:53:10] Use the 'upgrade' command to perform a basic upgrade of resources.
[2026-09-26 02:53:10] WARNING: elevator-system/s_elevator_system.lua(Line 1445) [Server] setVehicleTurnVelocity is deprecated and may not work in future versions. Please replace with setElementAngularVelocity.
[2026-09-26 02:53:10] WARNING: elevator-system/s_elevator_system.lua(Line 1553) [Server] setVehicleTurnVelocity is deprecated and may not work in future versions. Please replace with setElementAngularVelocity.
[2026-09-26 02:53:10] Some files in 'elevator-system' use deprecated functions.
[2026-09-26 02:53:10] Use the 'upgrade' command to perform a basic upgrade of resources.
[2026-09-26 02:53:11] WARNING: fuel-system/s_fuel_peds.lua(Line 2522) [Server] setVehicleTurnVelocity is deprecated and may not work in future versions. Please replace with setElementAngularVelocity.
[2026-09-26 02:53:11] Some files in 'fuel-system' use deprecated functions.
[2026-09-26 02:53:11] Use the 'upgrade' command to perform a basic upgrade of resources.
[2026-09-26 02:53:11] Please wait...
[2026-09-26 02:53:11] WARNING: heligrab/c_heli.lua(Line 756) [Client] getControlState is deprecated and may not work in future versions. Please replace with getPedControlState.
[2026-09-26 02:53:11] Some files in 'heligrab' use deprecated functions.
[2026-09-26 02:53:11] Use the 'upgrade' command to perform a basic upgrade of resources.
[2026-09-26 02:53:11] WARNING: item-system/c_itemchange.lua(Line 9) [Client] showPlayerHudComponent is deprecated and may not work in future versions. Please replace with setPlayerHudComponentVisible.
[2026-09-26 02:53:11] WARNING: item-system/c_itemchange.lua(Line 13) [Client] showPlayerHudComponent is deprecated and may not work in future versions. Please replace with setPlayerHudComponentVisible.
[2026-09-26 02:53:11] Some files in 'item-system' use deprecated functions.
[2026-09-26 02:53:11] Use the 'upgrade' command to perform a basic upgrade of resources.
[2026-09-26 02:53:11] WARNING: item-texture\s_itemtexture.lua:173: Bad argument @ 'getElementsByType' [Expected element at argument 2, got boolean]
[2026-09-26 02:53:11] INFO: item-texture: Loading textures for 0 world items
[2026-09-26 02:53:11] INFO: item-texture: 0 clients waiting on initial sync.
[2026-09-26 02:53:11] INFO: item-texture: 0 textured elements were added for initial sync.
[2026-09-26 02:53:11] INFO: [ITEM WORLD] Loading 0 world items will be finished in approximately 0.05 seconds.
[2026-09-26 02:53:11] WARNING: job-system-trucker/s_trucker_job.lua(Line 2690) [Server] setVehicleTurnVelocity is deprecated and may not work in future versions. Please replace with setElementAngularVelocity.
[2026-09-26 02:53:11] WARNING: job-system-trucker/s_trucker_job.lua(Line 2750) [Server] setVehicleTurnVelocity is deprecated and may not work in future versions. Please replace with setElementAngularVelocity.
[2026-09-26 02:53:11] WARNING: job-system-trucker/s_trucker_job.lua(Line 2810) [Server] setVehicleTurnVelocity is deprecated and may not work in future versions. Please replace with setElementAngularVelocity.
[2026-09-26 02:53:11] WARNING: job-system-trucker/s_trucker_job.lua(Line 2870) [Server] setVehicleTurnVelocity is deprecated and may not work in future versions. Please replace with setElementAngularVelocity.
[2026-09-26 02:53:11] WARNING: job-system-trucker/c_overlay.lua(Line 1166) [Client] getControlState is deprecated and may not work in future versions. Please replace with getPedControlState.
[2026-09-26 02:53:11] Some files in 'job-system-trucker' use deprecated functions.
[2026-09-26 02:53:11] Use the 'upgrade' command to perform a basic upgrade of resources.
[2026-09-26 02:53:11] INFO: [JOB-SYSTEM-TRUCKER] Fetched 2 actual orders sucessfully from SQL
[2026-09-26 02:53:11] WARNING: pd-system/c_policedeagle.lua(Line 437) [Client] getControlState is deprecated and may not work in future versions. Please replace with getPedControlState.
[2026-09-26 02:53:11] WARNING: pd-system/c_policeshotgun.lua(Line 331) [Client] getControlState is deprecated and may not work in future versions. Please replace with getPedControlState.
[2026-09-26 02:53:11] Some files in 'pd-system' use deprecated functions.
[2026-09-26 02:53:11] Use the 'upgrade' command to perform a basic upgrade of resources.
[2026-09-26 02:53:11] WARNING: realism-system/c_backup_bleepers.lua(Line 333) [Client] getControlState is deprecated and may not work in future versions. Please replace with getPedControlState.
[2026-09-26 02:53:11] WARNING: realism-system/c_cruise_control.lua(Line 141) [Client] setControlState is deprecated and may not work in future versions. Please replace with setPedControlState.
[2026-09-26 02:53:11] WARNING: realism-system/c_cruise_control.lua(Line 149) [Client] setControlState is deprecated and may not work in future versions. Please replace with setPedControlState.
[2026-09-26 02:53:11] WARNING: realism-system/c_cruise_control.lua(Line 201) [Client] setControlState is deprecated and may not work in future versions. Please replace with setPedControlState.
[2026-09-26 02:53:11] WARNING: realism-system/c_fpview.lua(Line 439) [Client] getControlState is deprecated and may not work in future versions. Please replace with getPedControlState.
[2026-09-26 02:53:11] WARNING: realism-system/c_fpview.lua(Line 451) [Client] getControlState is deprecated and may not work in future versions. Please replace with getPedControlState.
[2026-09-26 02:53:11] WARNING: realism-system/c_fpview.lua(Line 463) [Client] getControlState is deprecated and may not work in future versions. Please replace with getPedControlState.
[2026-09-26 02:53:11] WARNING: realism-system/c_heli_rotors.lua(Line 17) [Client] getHelicopterRotorSpeed is deprecated and may not work in future versions. Please replace with getVehicleRotorSpeed.
[2026-09-26 02:53:11] WARNING: realism-system/c_heli_rotors.lua(Line 21) [Client] getHelicopterRotorSpeed is deprecated and may not work in future versions. Please replace with getVehicleRotorSpeed.
[2026-09-26 02:53:11] WARNING: realism-system/c_heli_rotors.lua(Line 25) [Client] setHelicopterRotorSpeed is deprecated and may not work in future versions. Please replace with setVehicleRotorSpeed.
[2026-09-26 02:53:11] WARNING: realism-system/c_carrealism.lua(Line 353) [Client] getControlState is deprecated and may not work in future versions. Please replace with getPedControlState.
[2026-09-26 02:53:11] WARNING: realism-system/handbrake_c.lua(Line 217) [Client] getControlState is deprecated and may not work in future versions. Please replace with getPedControlState.
[2026-09-26 02:53:11] WARNING: realism-system/handbrake_c.lua(Line 221) [Client] setControlState is deprecated and may not work in future versions. Please replace with setPedControlState.
[2026-09-26 02:53:11] Some files in 'realism-system' use deprecated functions.
[2026-09-26 02:53:11] Use the 'upgrade' command to perform a basic upgrade of resources.
[2026-09-26 02:53:11] WARNING: report-system/c_external_report_box.lua(Line 265) [Client] getControlState is deprecated and may not work in future versions. Please replace with getPedControlState.
[2026-09-26 02:53:11] WARNING: report-system/c_top_right_box.lua(Line 84) [Client] getControlState is deprecated and may not work in future versions. Please replace with getPedControlState.
[2026-09-26 02:53:11] Some files in 'report-system' use deprecated functions.
[2026-09-26 02:53:11] Use the 'upgrade' command to perform a basic upgrade of resources.
[2026-09-26 02:53:11] INFO: Loaded 0 reports.
[2026-09-26 02:53:11] WARNING: File 'icons/premium.png' in resource 'scoreboard' is invalid.
[2026-09-26 02:53:11] WARNING: File 'icons/booster.png' in resource 'scoreboard' is invalid.
[2026-09-26 02:53:11] WARNING: File 'icons/classic.png' in resource 'scoreboard' is invalid.
[2026-09-26 02:53:11] WARNING: File 'icons/gold_member.png' in resource 'scoreboard' is invalid.
[2026-09-26 02:53:11] WARNING: File 'icons/verified.png' in resource 'scoreboard' is invalid.
[2026-09-26 02:53:11] WARNING: File 'icons/youtuber.png' in resource 'scoreboard' is invalid.
[2026-09-26 02:53:11] WARNING: shop-system/s_generalshop_system.lua(Line 672) [Server] setVehicleTurnVelocity is deprecated and may not work in future versions. Please replace with setElementAngularVelocity.
[2026-09-26 02:53:11] Some files in 'shop-system' use deprecated functions.
[2026-09-26 02:53:11] Use the 'upgrade' command to perform a basic upgrade of resources.
[2026-09-26 02:53:11] WARNING: spike-system/c_spikes.lua(Line 93) [Client] getVehicleTurnVelocity is deprecated and may not work in future versions. Please replace with getElementAngularVelocity.
[2026-09-26 02:53:11] WARNING: spike-system/c_spikes.lua(Line 97) [Client] setVehicleTurnVelocity is deprecated and may not work in future versions. Please replace with setElementAngularVelocity.
[2026-09-26 02:53:11] Some files in 'spike-system' use deprecated functions.
[2026-09-26 02:53:11] Use the 'upgrade' command to perform a basic upgrade of resources.
[2026-09-26 02:53:12] WARNING: vehicle-interiors/s_vehicle_interiors.lua(Line 1936) [Server] setVehicleTurnVelocity is deprecated and may not work in future versions. Please replace with setElementAngularVelocity.
[2026-09-26 02:53:12] Some files in 'vehicle-interiors' use deprecated functions.
[2026-09-26 02:53:12] Use the 'upgrade' command to perform a basic upgrade of resources.
[2026-09-26 02:53:12] WARNING: superman/c_superman.lua(Line 1352) [Client] getControlState is deprecated and may not work in future versions. Please replace with getPedControlState.
[2026-09-26 02:53:12] WARNING: superman/c_superman.lua(Line 1391) [Client] getControlState is deprecated and may not work in future versions. Please replace with getPedControlState.
[2026-09-26 02:53:12] WARNING: superman/c_superman.lua(Line 1399) [Client] getControlState is deprecated and may not work in future versions. Please replace with getPedControlState.
[2026-09-26 02:53:12] WARNING: superman/c_superman.lua(Line 1415) [Client] getControlState is deprecated and may not work in future versions. Please replace with getPedControlState.
[2026-09-26 02:53:12] WARNING: superman/c_superman.lua(Line 1423) [Client] getControlState is deprecated and may not work in future versions. Please replace with getPedControlState.
[2026-09-26 02:53:12] WARNING: superman/c_superman.lua(Line 1459) [Client] getControlState is deprecated and may not work in future versions. Please replace with getPedControlState.
[2026-09-26 02:53:12] WARNING: superman/c_superman.lua(Line 1487) [Client] getControlState is deprecated and may not work in future versions. Please replace with getPedControlState.
[2026-09-26 02:53:12] WARNING: superman/c_superman.lua(Line 1499) [Client] getControlState is deprecated and may not work in future versions. Please replace with getPedControlState.
[2026-09-26 02:53:12] WARNING: superman/c_superman.lua(Line 2094) [Client] getControlState is deprecated and may not work in future versions. Please replace with getPedControlState.
[2026-09-26 02:53:12] Some files in 'superman' use deprecated functions.
[2026-09-26 02:53:12] Use the 'upgrade' command to perform a basic upgrade of resources.
[2026-09-26 02:53:12] WARNING: gate-manager/s_gate_manager.lua(Line 802) [Server] setVehicleTurnVelocity is deprecated and may not work in future versions. Please replace with setElementAngularVelocity.
[2026-09-26 02:53:12] Some files in 'gate-manager' use deprecated functions.
[2026-09-26 02:53:12] Use the 'upgrade' command to perform a basic upgrade of resources.
[2026-09-26 02:53:12] WARNING: sfia/s_airtrack.lua(Line 227) [Server] showPlayerHudComponent is deprecated and may not work in future versions. Please replace with setPlayerHudComponentVisible.
[2026-09-26 02:53:12] WARNING: sfia/s_airtrack.lua(Line 263) [Server] showPlayerHudComponent is deprecated and may not work in future versions. Please replace with setPlayerHudComponentVisible.
[2026-09-26 02:53:12] Some files in 'sfia' use deprecated functions.
[2026-09-26 02:53:12] Use the 'upgrade' command to perform a basic upgrade of resources.
[2026-09-26 02:53:12] WARNING: vehicle-manager/s_vehicle_commands.lua(Line 789) [Server] setVehicleTurnVelocity is deprecated and may not work in future versions. Please replace with setElementAngularVelocity.
[2026-09-26 02:53:12] Some files in 'vehicle-manager' use deprecated functions.
[2026-09-26 02:53:12] Use the 'upgrade' command to perform a basic upgrade of resources.
[2026-09-26 02:53:13] INFO: Loaded 0 texture records for all interiors in 0ms
[2026-09-26 02:53:13] WARNING: announcement/client.lua(Line 76) [Client] getControlState is deprecated and may not work in future versions. Please replace with getPedControlState.
[2026-09-26 02:53:13] Some files in 'announcement' use deprecated functions.
[2026-09-26 02:53:13] Use the 'upgrade' command to perform a basic upgrade of resources.
[2026-09-26 02:53:13] INFO: LeFire Script loaded ...
[2026-09-26 02:53:13] INFO: Loaded 0 animated texture records in 1ms
[2026-09-26 02:53:13] INFO: PRISON-SYSTEM: Loaded 24 cell gates from s_gates.lua
[2026-09-26 02:53:13] WARNING: vrp/client.lua(Line 246) [Client] showPlayerHudComponent is deprecated and may not work in future versions. Please replace with setPlayerHudComponentVisible.
[2026-09-26 02:53:13] Some files in 'vrp' use deprecated functions.
[2026-09-26 02:53:13] Use the 'upgrade' command to perform a basic upgrade of resources.
[2026-09-26 02:53:13] Querying MTA master server... failed! (6 Error downloading requested files. Could not resolve hostname. [Could not resolve host: master.multitheftauto.com] [add.php?g=22221&a=22344&h=22221&v=1.6.0-9.24149&x=0_32_0_1_0&ip=])
[2026-09-26 02:53:13] Authorized serial account protection is enabled for the ACL group(s): `Admin`  See http://multitheftauto.com/authserial
[2026-09-26 02:53:13] WARNING: <owner_email_address> not set
[2026-09-26 02:53:13] Server started and is ready to accept connections!
[2026-09-26 02:53:13] To stop the server, type 'shutdown' or press Ctrl-C
[2026-09-26 02:53:13] Type 'help' for a list of commands.
[2026-09-26 02:53:17] INFO: [WEATHER] / Line 57 / SQL Settings for weather successfully altered.
[2026-09-26 02:53:21] CONNECT: GlossyHarp91 connected (IP: 127.0.0.1  Serial: 5476DADC39B41BA9B017E8EF2EE22433  Version: 1.6.0-9.24149.0)
[2026-09-26 02:53:21] JOIN: GlossyHarp91 joined the game (IP: 127.0.0.1)
[2026-09-26 02:53:21] NICK: GlossyHarp91 is now known as Direct-Hosting.6694
[2026-09-26 02:53:41] INFO: [ELEVATOR] Spawning 0 elevators will be finished in approx. 0 seconds.
[2026-09-26 02:53:42] CONNECT: GlossyHarp91 failed to connect (Serial already in use) (IP: 127.0.0.1  Serial: 5476DADC39B41BA9B017E8EF2EE22433  Version: 1.6.0-9.24149.0)
[2026-09-26 02:53:47] CONNECT: GlossyHarp91 failed to connect (Serial already in use) (IP: 127.0.0.1  Serial: 5476DADC39B41BA9B017E8EF2EE22433  Version: 1.6.0-9.24149.0)
[2026-09-26 02:53:48] INFO: Direct-Hosting.6694 (127.0.0.1) connection gone away
[2026-09-26 02:53:48] QUIT: Direct-Hosting.6694 left the game [Timed out] 
[2026-09-26 02:53:55] CONNECT: GlossyHarp91 connected (IP: 127.0.0.1  Serial: 5476DADC39B41BA9B017E8EF2EE22433  Version: 1.6.0-9.24149.0)
[2026-09-26 02:53:55] JOIN: GlossyHarp91 joined the game (IP: 127.0.0.1)
[2026-09-26 02:53:55] NICK: GlossyHarp91 is now known as Direct-Hosting.9616
[2026-09-26 02:54:11] Stopping item-texture
[2026-09-26 02:54:11] Starting item-texture
[2026-09-26 02:54:11] INFO: item-texture: Loading textures for 0 world items
[2026-09-26 02:54:11] INFO: item-texture: 0 clients waiting on initial sync.
[2026-09-26 02:54:11] INFO: item-texture: 0 textured elements were added for initial sync.
[2026-09-26 02:54:11] item-texture restarted successfully
[2026-09-26 02:54:21] INFO: Loading 2 account settings to client #1
[2026-09-26 02:54:27] NICK: Direct-Hosting.9616 is now known as Robson_Walton
[2026-09-26 02:54:50] ERROR: account\s_characters.lua:1235: attempt to call global 'makeDeerName' (a nil value)
==================================================================
= Multi Theft Auto: San Andreas v1.6
==================================================================
= Server name      : Direct Backup V3
= Server IP address: auto
= Server port      : 22221
= 
= Log file         : ../MTA/server/mods/deathmatch/logs/server.log
= Maximum players  : 32
= HTTP port        : 22221
= Voice Chat       : Disabled
= Bandwidth saving : None
==================================================================
[2026-09-26 03:12:48] WARNING: Ignoring duplicate client file in resource 'vrp': 'Imagens/Fundo.png'
[2026-09-26 03:12:48] Resources: 163 loaded, 0 failed
[2026-09-26 03:12:48] Starting resources...
[2026-09-26 03:12:50] [MYSQL] Connected to database 'pdz' at 127.0.0.1:3306
[2026-09-26 03:12:50] Server minclientversion is now 1.6.0-9.24109.0
[2026-09-26 03:12:50] WARNING: hud/c_overlay_top_right.lua(Line 106) [Client] getControlState is deprecated and may not work in future versions. Please replace with getPedControlState.
[2026-09-26 03:12:50] WARNING: hud/c_overlay_bottom_center.lua(Line 90) [Client] getControlState is deprecated and may not work in future versions. Please replace with getPedControlState.
[2026-09-26 03:12:50] Some files in 'hud' use deprecated functions.
[2026-09-26 03:12:50] Use the 'upgrade' command to perform a basic upgrade of resources.
[2026-09-26 03:12:51] WARNING: account/c_main.lua(Line 5) [Client] showPlayerHudComponent is deprecated and may not work in future versions. Please replace with setPlayerHudComponentVisible.
[2026-09-26 03:12:51] WARNING: account/c_main.lua(Line 7) [Client] showPlayerHudComponent is deprecated and may not work in future versions. Please replace with setPlayerHudComponentVisible.
[2026-09-26 03:12:51] WARNING: account/c_main.lua(Line 9) [Client] showPlayerHudComponent is deprecated and may not work in future versions. Please replace with setPlayerHudComponentVisible.
[2026-09-26 03:12:51] WARNING: account/c_main.lua(Line 11) [Client] showPlayerHudComponent is deprecated and may not work in future versions. Please replace with setPlayerHudComponentVisible.
[2026-09-26 03:12:51] WARNING: account/c_main.lua(Line 13) [Client] showPlayerHudComponent is deprecated and may not work in future versions. Please replace with setPlayerHudComponentVisible.
[2026-09-26 03:12:51] WARNING: account/c_main.lua(Line 15) [Client] showPlayerHudComponent is deprecated and may not work in future versions. Please replace with setPlayerHudComponentVisible.
[2026-09-26 03:12:51] WARNING: account/c_main.lua(Line 17) [Client] showPlayerHudComponent is deprecated and may not work in future versions. Please replace with setPlayerHudComponentVisible.
[2026-09-26 03:12:51] WARNING: account/c_main.lua(Line 19) [Client] showPlayerHudComponent is deprecated and may not work in future versions. Please replace with setPlayerHudComponentVisible.
[2026-09-26 03:12:51] WARNING: account/c_main.lua(Line 21) [Client] showPlayerHudComponent is deprecated and may not work in future versions. Please replace with setPlayerHudComponentVisible.
[2026-09-26 03:12:51] WARNING: account/c_main.lua(Line 23) [Client] showPlayerHudComponent is deprecated and may not work in future versions. Please replace with setPlayerHudComponentVisible.
[2026-09-26 03:12:51] WARNING: account/c_main.lua(Line 25) [Client] showPlayerHudComponent is deprecated and may not work in future versions. Please replace with setPlayerHudComponentVisible.
[2026-09-26 03:12:51] WARNING: account/c_characters.lua(Line 13) [Client] showPlayerHudComponent is deprecated and may not work in future versions. Please replace with setPlayerHudComponentVisible.
[2026-09-26 03:12:51] WARNING: account/c_options.lua(Line 519) [Client] setControlState is deprecated and may not work in future versions. Please replace with setPedControlState.
[2026-09-26 03:12:51] Some files in 'account' use deprecated functions.
[2026-09-26 03:12:51] Use the 'upgrade' command to perform a basic upgrade of resources.
[2026-09-26 03:12:51] WARNING: admin-system/Player/s_teleport.lua(Line 123) [Server] setVehicleTurnVelocity is deprecated and may not work in future versions. Please replace with setElementAngularVelocity.
[2026-09-26 03:12:51] WARNING: admin-system/Player/s_teleport.lua(Line 313) [Server] setVehicleTurnVelocity is deprecated and may not work in future versions. Please replace with setElementAngularVelocity.
[2026-09-26 03:12:51] WARNING: admin-system/Player/s_teleport.lua(Line 534) [Server] setVehicleTurnVelocity is deprecated and may not work in future versions. Please replace with setElementAngularVelocity.
[2026-09-26 03:12:51] WARNING: admin-system/Player/s_teleport.lua(Line 792) [Server] setVehicleTurnVelocity is deprecated and may not work in future versions. Please replace with setElementAngularVelocity.
[2026-09-26 03:12:51] WARNING: admin-system/Player/s_teleport.lua(Line 1176) [Server] setVehicleTurnVelocity is deprecated and may not work in future versions. Please replace with setElementAngularVelocity.
[2026-09-26 03:12:51] WARNING: admin-system/Player/s_teleport.lua(Line 1326) [Server] setVehicleTurnVelocity is deprecated and may not work in future versions. Please replace with setElementAngularVelocity.
[2026-09-26 03:12:51] WARNING: admin-system/c_overlay.lua(Line 460) [Client] getControlState is deprecated and may not work in future versions. Please replace with getPedControlState.
[2026-09-26 03:12:51] Some files in 'admin-system' use deprecated functions.
[2026-09-26 03:12:51] Use the 'upgrade' command to perform a basic upgrade of resources.
[2026-09-26 03:12:51] Server password cleared
[2026-09-26 03:12:51] WARNING: driveby/driveby_client.lua(Line 1024) [Client] setControlState is deprecated and may not work in future versions. Please replace with setPedControlState.
[2026-09-26 03:12:51] Some files in 'driveby' use deprecated functions.
[2026-09-26 03:12:51] Use the 'upgrade' command to perform a basic upgrade of resources.
[2026-09-26 03:12:51] WARNING: elevator-system/s_elevator_system.lua(Line 1445) [Server] setVehicleTurnVelocity is deprecated and may not work in future versions. Please replace with setElementAngularVelocity.
[2026-09-26 03:12:51] WARNING: elevator-system/s_elevator_system.lua(Line 1553) [Server] setVehicleTurnVelocity is deprecated and may not work in future versions. Please replace with setElementAngularVelocity.
[2026-09-26 03:12:51] Some files in 'elevator-system' use deprecated functions.
[2026-09-26 03:12:51] Use the 'upgrade' command to perform a basic upgrade of resources.
[2026-09-26 03:12:51] WARNING: fuel-system/s_fuel_peds.lua(Line 2522) [Server] setVehicleTurnVelocity is deprecated and may not work in future versions. Please replace with setElementAngularVelocity.
[2026-09-26 03:12:51] Some files in 'fuel-system' use deprecated functions.
[2026-09-26 03:12:51] Use the 'upgrade' command to perform a basic upgrade of resources.
[2026-09-26 03:12:51] Please wait...
[2026-09-26 03:12:51] WARNING: heligrab/c_heli.lua(Line 756) [Client] getControlState is deprecated and may not work in future versions. Please replace with getPedControlState.
[2026-09-26 03:12:51] Some files in 'heligrab' use deprecated functions.
[2026-09-26 03:12:51] Use the 'upgrade' command to perform a basic upgrade of resources.
[2026-09-26 03:12:52] WARNING: item-system/c_itemchange.lua(Line 9) [Client] showPlayerHudComponent is deprecated and may not work in future versions. Please replace with setPlayerHudComponentVisible.
[2026-09-26 03:12:52] WARNING: item-system/c_itemchange.lua(Line 13) [Client] showPlayerHudComponent is deprecated and may not work in future versions. Please replace with setPlayerHudComponentVisible.
[2026-09-26 03:12:52] Some files in 'item-system' use deprecated functions.
[2026-09-26 03:12:52] Use the 'upgrade' command to perform a basic upgrade of resources.
[2026-09-26 03:12:52] WARNING: item-texture\s_itemtexture.lua:173: Bad argument @ 'getElementsByType' [Expected element at argument 2, got boolean]
[2026-09-26 03:12:52] INFO: item-texture: Loading textures for 0 world items
[2026-09-26 03:12:52] INFO: item-texture: 0 clients waiting on initial sync.
[2026-09-26 03:12:52] INFO: item-texture: 0 textured elements were added for initial sync.
[2026-09-26 03:12:52] INFO: [ITEM WORLD] Loading 0 world items will be finished in approximately 0.05 seconds.
[2026-09-26 03:12:52] WARNING: job-system-trucker/s_trucker_job.lua(Line 2690) [Server] setVehicleTurnVelocity is deprecated and may not work in future versions. Please replace with setElementAngularVelocity.
[2026-09-26 03:12:52] WARNING: job-system-trucker/s_trucker_job.lua(Line 2750) [Server] setVehicleTurnVelocity is deprecated and may not work in future versions. Please replace with setElementAngularVelocity.
[2026-09-26 03:12:52] WARNING: job-system-trucker/s_trucker_job.lua(Line 2810) [Server] setVehicleTurnVelocity is deprecated and may not work in future versions. Please replace with setElementAngularVelocity.
[2026-09-26 03:12:52] WARNING: job-system-trucker/s_trucker_job.lua(Line 2870) [Server] setVehicleTurnVelocity is deprecated and may not work in future versions. Please replace with setElementAngularVelocity.
[2026-09-26 03:12:52] WARNING: job-system-trucker/c_overlay.lua(Line 1166) [Client] getControlState is deprecated and may not work in future versions. Please replace with getPedControlState.
[2026-09-26 03:12:52] Some files in 'job-system-trucker' use deprecated functions.
[2026-09-26 03:12:52] Use the 'upgrade' command to perform a basic upgrade of resources.
[2026-09-26 03:12:52] INFO: [JOB-SYSTEM-TRUCKER] Fetched 2 actual orders sucessfully from SQL
[2026-09-26 03:12:52] WARNING: pd-system/c_policedeagle.lua(Line 437) [Client] getControlState is deprecated and may not work in future versions. Please replace with getPedControlState.
[2026-09-26 03:12:52] WARNING: pd-system/c_policeshotgun.lua(Line 331) [Client] getControlState is deprecated and may not work in future versions. Please replace with getPedControlState.
[2026-09-26 03:12:52] Some files in 'pd-system' use deprecated functions.
[2026-09-26 03:12:52] Use the 'upgrade' command to perform a basic upgrade of resources.
[2026-09-26 03:12:52] WARNING: realism-system/c_backup_bleepers.lua(Line 333) [Client] getControlState is deprecated and may not work in future versions. Please replace with getPedControlState.
[2026-09-26 03:12:52] WARNING: realism-system/c_cruise_control.lua(Line 141) [Client] setControlState is deprecated and may not work in future versions. Please replace with setPedControlState.
[2026-09-26 03:12:52] WARNING: realism-system/c_cruise_control.lua(Line 149) [Client] setControlState is deprecated and may not work in future versions. Please replace with setPedControlState.
[2026-09-26 03:12:52] WARNING: realism-system/c_cruise_control.lua(Line 201) [Client] setControlState is deprecated and may not work in future versions. Please replace with setPedControlState.
[2026-09-26 03:12:52] WARNING: realism-system/c_fpview.lua(Line 439) [Client] getControlState is deprecated and may not work in future versions. Please replace with getPedControlState.
[2026-09-26 03:12:52] WARNING: realism-system/c_fpview.lua(Line 451) [Client] getControlState is deprecated and may not work in future versions. Please replace with getPedControlState.
[2026-09-26 03:12:52] WARNING: realism-system/c_fpview.lua(Line 463) [Client] getControlState is deprecated and may not work in future versions. Please replace with getPedControlState.
[2026-09-26 03:12:52] WARNING: realism-system/c_heli_rotors.lua(Line 17) [Client] getHelicopterRotorSpeed is deprecated and may not work in future versions. Please replace with getVehicleRotorSpeed.
[2026-09-26 03:12:52] WARNING: realism-system/c_heli_rotors.lua(Line 21) [Client] getHelicopterRotorSpeed is deprecated and may not work in future versions. Please replace with getVehicleRotorSpeed.
[2026-09-26 03:12:52] WARNING: realism-system/c_heli_rotors.lua(Line 25) [Client] setHelicopterRotorSpeed is deprecated and may not work in future versions. Please replace with setVehicleRotorSpeed.
[2026-09-26 03:12:52] WARNING: realism-system/c_carrealism.lua(Line 353) [Client] getControlState is deprecated and may not work in future versions. Please replace with getPedControlState.
[2026-09-26 03:12:52] WARNING: realism-system/handbrake_c.lua(Line 217) [Client] getControlState is deprecated and may not work in future versions. Please replace with getPedControlState.
[2026-09-26 03:12:52] WARNING: realism-system/handbrake_c.lua(Line 221) [Client] setControlState is deprecated and may not work in future versions. Please replace with setPedControlState.
[2026-09-26 03:12:52] Some files in 'realism-system' use deprecated functions.
[2026-09-26 03:12:52] Use the 'upgrade' command to perform a basic upgrade of resources.
[2026-09-26 03:12:52] WARNING: report-system/c_external_report_box.lua(Line 265) [Client] getControlState is deprecated and may not work in future versions. Please replace with getPedControlState.
[2026-09-26 03:12:52] WARNING: report-system/c_top_right_box.lua(Line 84) [Client] getControlState is deprecated and may not work in future versions. Please replace with getPedControlState.
[2026-09-26 03:12:52] Some files in 'report-system' use deprecated functions.
[2026-09-26 03:12:52] Use the 'upgrade' command to perform a basic upgrade of resources.
[2026-09-26 03:12:52] INFO: Loaded 0 reports.
[2026-09-26 03:12:52] WARNING: File 'icons/premium.png' in resource 'scoreboard' is invalid.
[2026-09-26 03:12:52] WARNING: File 'icons/booster.png' in resource 'scoreboard' is invalid.
[2026-09-26 03:12:52] WARNING: File 'icons/classic.png' in resource 'scoreboard' is invalid.
[2026-09-26 03:12:52] WARNING: File 'icons/gold_member.png' in resource 'scoreboard' is invalid.
[2026-09-26 03:12:52] WARNING: File 'icons/verified.png' in resource 'scoreboard' is invalid.
[2026-09-26 03:12:52] WARNING: File 'icons/youtuber.png' in resource 'scoreboard' is invalid.
[2026-09-26 03:12:52] WARNING: shop-system/s_generalshop_system.lua(Line 672) [Server] setVehicleTurnVelocity is deprecated and may not work in future versions. Please replace with setElementAngularVelocity.
[2026-09-26 03:12:52] Some files in 'shop-system' use deprecated functions.
[2026-09-26 03:12:52] Use the 'upgrade' command to perform a basic upgrade of resources.
[2026-09-26 03:12:52] WARNING: spike-system/c_spikes.lua(Line 93) [Client] getVehicleTurnVelocity is deprecated and may not work in future versions. Please replace with getElementAngularVelocity.
[2026-09-26 03:12:52] WARNING: spike-system/c_spikes.lua(Line 97) [Client] setVehicleTurnVelocity is deprecated and may not work in future versions. Please replace with setElementAngularVelocity.
[2026-09-26 03:12:52] Some files in 'spike-system' use deprecated functions.
[2026-09-26 03:12:52] Use the 'upgrade' command to perform a basic upgrade of resources.
[2026-09-26 03:12:53] WARNING: vehicle-interiors/s_vehicle_interiors.lua(Line 1936) [Server] setVehicleTurnVelocity is deprecated and may not work in future versions. Please replace with setElementAngularVelocity.
[2026-09-26 03:12:53] Some files in 'vehicle-interiors' use deprecated functions.
[2026-09-26 03:12:53] Use the 'upgrade' command to perform a basic upgrade of resources.
[2026-09-26 03:12:53] WARNING: superman/c_superman.lua(Line 1352) [Client] getControlState is deprecated and may not work in future versions. Please replace with getPedControlState.
[2026-09-26 03:12:53] WARNING: superman/c_superman.lua(Line 1391) [Client] getControlState is deprecated and may not work in future versions. Please replace with getPedControlState.
[2026-09-26 03:12:53] WARNING: superman/c_superman.lua(Line 1399) [Client] getControlState is deprecated and may not work in future versions. Please replace with getPedControlState.
[2026-09-26 03:12:53] WARNING: superman/c_superman.lua(Line 1415) [Client] getControlState is deprecated and may not work in future versions. Please replace with getPedControlState.
[2026-09-26 03:12:53] WARNING: superman/c_superman.lua(Line 1423) [Client] getControlState is deprecated and may not work in future versions. Please replace with getPedControlState.
[2026-09-26 03:12:53] WARNING: superman/c_superman.lua(Line 1459) [Client] getControlState is deprecated and may not work in future versions. Please replace with getPedControlState.
[2026-09-26 03:12:53] WARNING: superman/c_superman.lua(Line 1487) [Client] getControlState is deprecated and may not work in future versions. Please replace with getPedControlState.
[2026-09-26 03:12:53] WARNING: superman/c_superman.lua(Line 1499) [Client] getControlState is deprecated and may not work in future versions. Please replace with getPedControlState.
[2026-09-26 03:12:53] WARNING: superman/c_superman.lua(Line 2094) [Client] getControlState is deprecated and may not work in future versions. Please replace with getPedControlState.
[2026-09-26 03:12:53] Some files in 'superman' use deprecated functions.
[2026-09-26 03:12:53] Use the 'upgrade' command to perform a basic upgrade of resources.
[2026-09-26 03:12:53] WARNING: gate-manager/s_gate_manager.lua(Line 802) [Server] setVehicleTurnVelocity is deprecated and may not work in future versions. Please replace with setElementAngularVelocity.
[2026-09-26 03:12:53] Some files in 'gate-manager' use deprecated functions.
[2026-09-26 03:12:53] Use the 'upgrade' command to perform a basic upgrade of resources.
[2026-09-26 03:12:53] WARNING: sfia/s_airtrack.lua(Line 227) [Server] showPlayerHudComponent is deprecated and may not work in future versions. Please replace with setPlayerHudComponentVisible.
[2026-09-26 03:12:53] WARNING: sfia/s_airtrack.lua(Line 263) [Server] showPlayerHudComponent is deprecated and may not work in future versions. Please replace with setPlayerHudComponentVisible.
[2026-09-26 03:12:53] Some files in 'sfia' use deprecated functions.
[2026-09-26 03:12:53] Use the 'upgrade' command to perform a basic upgrade of resources.
[2026-09-26 03:12:53] WARNING: vehicle-manager/s_vehicle_commands.lua(Line 789) [Server] setVehicleTurnVelocity is deprecated and may not work in future versions. Please replace with setElementAngularVelocity.
[2026-09-26 03:12:53] Some files in 'vehicle-manager' use deprecated functions.
[2026-09-26 03:12:53] Use the 'upgrade' command to perform a basic upgrade of resources.
[2026-09-26 03:12:54] INFO: Loaded 0 texture records for all interiors in 0ms
[2026-09-26 03:12:54] WARNING: announcement/client.lua(Line 76) [Client] getControlState is deprecated and may not work in future versions. Please replace with getPedControlState.
[2026-09-26 03:12:54] Some files in 'announcement' use deprecated functions.
[2026-09-26 03:12:54] Use the 'upgrade' command to perform a basic upgrade of resources.
[2026-09-26 03:12:54] INFO: LeFire Script loaded ...
[2026-09-26 03:12:54] INFO: Loaded 0 animated texture records in 0ms
[2026-09-26 03:12:54] INFO: PRISON-SYSTEM: Loaded 24 cell gates from s_gates.lua
[2026-09-26 03:12:54] WARNING: vrp/client.lua(Line 246) [Client] showPlayerHudComponent is deprecated and may not work in future versions. Please replace with setPlayerHudComponentVisible.
[2026-09-26 03:12:54] Some files in 'vrp' use deprecated functions.
[2026-09-26 03:12:54] Use the 'upgrade' command to perform a basic upgrade of resources.
[2026-09-26 03:12:54] Querying MTA master server... success! (Auto detected IP:9.246.91.187)
[2026-09-26 03:12:54] Authorized serial account protection is enabled for the ACL group(s): `Admin`  See http://multitheftauto.com/authserial
[2026-09-26 03:12:54] WARNING: <owner_email_address> not set
[2026-09-26 03:12:54] Server started and is ready to accept connections!
[2026-09-26 03:12:54] To stop the server, type 'shutdown' or press Ctrl-C
[2026-09-26 03:12:54] Type 'help' for a list of commands.
[2026-09-26 03:12:58] INFO: [WEATHER] / Line 57 / SQL Settings for weather successfully altered.
[2026-09-26 03:13:21] INFO: [ELEVATOR] Spawning 0 elevators will be finished in approx. 0 seconds.
[2026-09-26 03:13:52] Stopping item-texture
[2026-09-26 03:13:52] Starting item-texture
[2026-09-26 03:13:52] INFO: item-texture: Loading textures for 0 world items
[2026-09-26 03:13:52] INFO: item-texture: 0 clients waiting on initial sync.
[2026-09-26 03:13:52] INFO: item-texture: 0 textured elements were added for initial sync.
[2026-09-26 03:13:52] item-texture restarted successfully
[2026-09-26 03:18:17] CONNECT: GlossyHarp91 connected (IP: 127.0.0.1  Serial: 5476DADC39B41BA9B017E8EF2EE22433  Version: 1.6.0-9.24149.0)
[2026-09-26 03:18:18] JOIN: GlossyHarp91 joined the game (IP: 127.0.0.1)
[2026-09-26 03:18:18] NICK: GlossyHarp91 is now known as Direct-Hosting.6694
[2026-09-26 03:18:53] INFO: Loading 2 account settings to client #1
[2026-09-26 03:19:00] NICK: Direct-Hosting.6694 is now known as Robson_Walton
[2026-09-26 03:22:52] INFO: [JOB-SYSTEM-TRUCKER] Fetched 0 actual orders sucessfully from SQL
[2026-09-26 03:32:52] INFO: [JOB-SYSTEM-TRUCKER] Fetched 0 actual orders sucessfully from SQL
==================================================================
= Multi Theft Auto: San Andreas v1.6
==================================================================
= Server name      : Direct Backup V3
= Server IP address: auto
= Server port      : 22221
= 
= Log file         : ../MTA/server/mods/deathmatch/logs/server.log
= Maximum players  : 32
= HTTP port        : 22221
= Voice Chat       : Disabled
= Bandwidth saving : None
==================================================================
[2026-09-26 03:38:40] WARNING: Ignoring duplicate client file in resource 'vrp': 'Imagens/Fundo.png'
[2026-09-26 03:38:40] Resources: 163 loaded, 0 failed
[2026-09-26 03:38:40] Starting resources...
[2026-09-26 03:38:42] [MYSQL] Connected to database 'pdz' at 127.0.0.1:3306
[2026-09-26 03:38:42] Server minclientversion is now 1.6.0-9.24109.0
[2026-09-26 03:38:43] WARNING: hud/c_overlay_top_right.lua(Line 106) [Client] getControlState is deprecated and may not work in future versions. Please replace with getPedControlState.
[2026-09-26 03:38:43] WARNING: hud/c_overlay_bottom_center.lua(Line 90) [Client] getControlState is deprecated and may not work in future versions. Please replace with getPedControlState.
[2026-09-26 03:38:43] Some files in 'hud' use deprecated functions.
[2026-09-26 03:38:43] Use the 'upgrade' command to perform a basic upgrade of resources.
[2026-09-26 03:38:43] WARNING: account/c_main.lua(Line 5) [Client] showPlayerHudComponent is deprecated and may not work in future versions. Please replace with setPlayerHudComponentVisible.
[2026-09-26 03:38:43] WARNING: account/c_main.lua(Line 7) [Client] showPlayerHudComponent is deprecated and may not work in future versions. Please replace with setPlayerHudComponentVisible.
[2026-09-26 03:38:43] WARNING: account/c_main.lua(Line 9) [Client] showPlayerHudComponent is deprecated and may not work in future versions. Please replace with setPlayerHudComponentVisible.
[2026-09-26 03:38:43] WARNING: account/c_main.lua(Line 11) [Client] showPlayerHudComponent is deprecated and may not work in future versions. Please replace with setPlayerHudComponentVisible.
[2026-09-26 03:38:43] WARNING: account/c_main.lua(Line 13) [Client] showPlayerHudComponent is deprecated and may not work in future versions. Please replace with setPlayerHudComponentVisible.
[2026-09-26 03:38:43] WARNING: account/c_main.lua(Line 15) [Client] showPlayerHudComponent is deprecated and may not work in future versions. Please replace with setPlayerHudComponentVisible.
[2026-09-26 03:38:43] WARNING: account/c_main.lua(Line 17) [Client] showPlayerHudComponent is deprecated and may not work in future versions. Please replace with setPlayerHudComponentVisible.
[2026-09-26 03:38:43] WARNING: account/c_main.lua(Line 19) [Client] showPlayerHudComponent is deprecated and may not work in future versions. Please replace with setPlayerHudComponentVisible.
[2026-09-26 03:38:43] WARNING: account/c_main.lua(Line 21) [Client] showPlayerHudComponent is deprecated and may not work in future versions. Please replace with setPlayerHudComponentVisible.
[2026-09-26 03:38:43] WARNING: account/c_main.lua(Line 23) [Client] showPlayerHudComponent is deprecated and may not work in future versions. Please replace with setPlayerHudComponentVisible.
[2026-09-26 03:38:43] WARNING: account/c_main.lua(Line 25) [Client] showPlayerHudComponent is deprecated and may not work in future versions. Please replace with setPlayerHudComponentVisible.
[2026-09-26 03:38:43] WARNING: account/c_characters.lua(Line 13) [Client] showPlayerHudComponent is deprecated and may not work in future versions. Please replace with setPlayerHudComponentVisible.
[2026-09-26 03:38:43] WARNING: account/c_options.lua(Line 519) [Client] setControlState is deprecated and may not work in future versions. Please replace with setPedControlState.
[2026-09-26 03:38:43] Some files in 'account' use deprecated functions.
[2026-09-26 03:38:43] Use the 'upgrade' command to perform a basic upgrade of resources.
[2026-09-26 03:38:43] WARNING: admin-system/Player/s_teleport.lua(Line 123) [Server] setVehicleTurnVelocity is deprecated and may not work in future versions. Please replace with setElementAngularVelocity.
[2026-09-26 03:38:43] WARNING: admin-system/Player/s_teleport.lua(Line 313) [Server] setVehicleTurnVelocity is deprecated and may not work in future versions. Please replace with setElementAngularVelocity.
[2026-09-26 03:38:43] WARNING: admin-system/Player/s_teleport.lua(Line 534) [Server] setVehicleTurnVelocity is deprecated and may not work in future versions. Please replace with setElementAngularVelocity.
[2026-09-26 03:38:43] WARNING: admin-system/Player/s_teleport.lua(Line 792) [Server] setVehicleTurnVelocity is deprecated and may not work in future versions. Please replace with setElementAngularVelocity.
[2026-09-26 03:38:43] WARNING: admin-system/Player/s_teleport.lua(Line 1176) [Server] setVehicleTurnVelocity is deprecated and may not work in future versions. Please replace with setElementAngularVelocity.
[2026-09-26 03:38:43] WARNING: admin-system/Player/s_teleport.lua(Line 1326) [Server] setVehicleTurnVelocity is deprecated and may not work in future versions. Please replace with setElementAngularVelocity.
[2026-09-26 03:38:43] WARNING: admin-system/c_overlay.lua(Line 460) [Client] getControlState is deprecated and may not work in future versions. Please replace with getPedControlState.
[2026-09-26 03:38:43] Some files in 'admin-system' use deprecated functions.
[2026-09-26 03:38:43] Use the 'upgrade' command to perform a basic upgrade of resources.
[2026-09-26 03:38:43] Server password cleared
[2026-09-26 03:38:44] WARNING: driveby/driveby_client.lua(Line 1024) [Client] setControlState is deprecated and may not work in future versions. Please replace with setPedControlState.
[2026-09-26 03:38:44] Some files in 'driveby' use deprecated functions.
[2026-09-26 03:38:44] Use the 'upgrade' command to perform a basic upgrade of resources.
[2026-09-26 03:38:44] WARNING: elevator-system/s_elevator_system.lua(Line 1445) [Server] setVehicleTurnVelocity is deprecated and may not work in future versions. Please replace with setElementAngularVelocity.
[2026-09-26 03:38:44] WARNING: elevator-system/s_elevator_system.lua(Line 1553) [Server] setVehicleTurnVelocity is deprecated and may not work in future versions. Please replace with setElementAngularVelocity.
[2026-09-26 03:38:44] Some files in 'elevator-system' use deprecated functions.
[2026-09-26 03:38:44] Use the 'upgrade' command to perform a basic upgrade of resources.
[2026-09-26 03:38:44] WARNING: fuel-system/s_fuel_peds.lua(Line 2522) [Server] setVehicleTurnVelocity is deprecated and may not work in future versions. Please replace with setElementAngularVelocity.
[2026-09-26 03:38:44] Some files in 'fuel-system' use deprecated functions.
[2026-09-26 03:38:44] Use the 'upgrade' command to perform a basic upgrade of resources.
[2026-09-26 03:38:44] Please wait...
[2026-09-26 03:38:45] WARNING: heligrab/c_heli.lua(Line 756) [Client] getControlState is deprecated and may not work in future versions. Please replace with getPedControlState.
[2026-09-26 03:38:45] Some files in 'heligrab' use deprecated functions.
[2026-09-26 03:38:45] Use the 'upgrade' command to perform a basic upgrade of resources.
[2026-09-26 03:38:45] WARNING: item-system/c_itemchange.lua(Line 9) [Client] showPlayerHudComponent is deprecated and may not work in future versions. Please replace with setPlayerHudComponentVisible.
[2026-09-26 03:38:45] WARNING: item-system/c_itemchange.lua(Line 13) [Client] showPlayerHudComponent is deprecated and may not work in future versions. Please replace with setPlayerHudComponentVisible.
[2026-09-26 03:38:45] Some files in 'item-system' use deprecated functions.
[2026-09-26 03:38:45] Use the 'upgrade' command to perform a basic upgrade of resources.
[2026-09-26 03:38:46] WARNING: item-texture\s_itemtexture.lua:173: Bad argument @ 'getElementsByType' [Expected element at argument 2, got boolean]
[2026-09-26 03:38:46] INFO: item-texture: Loading textures for 0 world items
[2026-09-26 03:38:46] INFO: item-texture: 0 clients waiting on initial sync.
[2026-09-26 03:38:46] INFO: item-texture: 0 textured elements were added for initial sync.
[2026-09-26 03:38:46] INFO: [ITEM WORLD] Loading 0 world items will be finished in approximately 0.05 seconds.
[2026-09-26 03:38:46] WARNING: job-system-trucker/s_trucker_job.lua(Line 2690) [Server] setVehicleTurnVelocity is deprecated and may not work in future versions. Please replace with setElementAngularVelocity.
[2026-09-26 03:38:46] WARNING: job-system-trucker/s_trucker_job.lua(Line 2750) [Server] setVehicleTurnVelocity is deprecated and may not work in future versions. Please replace with setElementAngularVelocity.
[2026-09-26 03:38:46] WARNING: job-system-trucker/s_trucker_job.lua(Line 2810) [Server] setVehicleTurnVelocity is deprecated and may not work in future versions. Please replace with setElementAngularVelocity.
[2026-09-26 03:38:46] WARNING: job-system-trucker/s_trucker_job.lua(Line 2870) [Server] setVehicleTurnVelocity is deprecated and may not work in future versions. Please replace with setElementAngularVelocity.
[2026-09-26 03:38:46] WARNING: job-system-trucker/c_overlay.lua(Line 1166) [Client] getControlState is deprecated and may not work in future versions. Please replace with getPedControlState.
[2026-09-26 03:38:46] Some files in 'job-system-trucker' use deprecated functions.
[2026-09-26 03:38:46] Use the 'upgrade' command to perform a basic upgrade of resources.
[2026-09-26 03:38:46] INFO: [JOB-SYSTEM-TRUCKER] Fetched 2 actual orders sucessfully from SQL
[2026-09-26 03:38:46] WARNING: pd-system/c_policedeagle.lua(Line 437) [Client] getControlState is deprecated and may not work in future versions. Please replace with getPedControlState.
[2026-09-26 03:38:46] WARNING: pd-system/c_policeshotgun.lua(Line 331) [Client] getControlState is deprecated and may not work in future versions. Please replace with getPedControlState.
[2026-09-26 03:38:46] Some files in 'pd-system' use deprecated functions.
[2026-09-26 03:38:46] Use the 'upgrade' command to perform a basic upgrade of resources.
[2026-09-26 03:38:46] WARNING: realism-system/c_backup_bleepers.lua(Line 333) [Client] getControlState is deprecated and may not work in future versions. Please replace with getPedControlState.
[2026-09-26 03:38:46] WARNING: realism-system/c_cruise_control.lua(Line 141) [Client] setControlState is deprecated and may not work in future versions. Please replace with setPedControlState.
[2026-09-26 03:38:46] WARNING: realism-system/c_cruise_control.lua(Line 149) [Client] setControlState is deprecated and may not work in future versions. Please replace with setPedControlState.
[2026-09-26 03:38:46] WARNING: realism-system/c_cruise_control.lua(Line 201) [Client] setControlState is deprecated and may not work in future versions. Please replace with setPedControlState.
[2026-09-26 03:38:46] WARNING: realism-system/c_fpview.lua(Line 439) [Client] getControlState is deprecated and may not work in future versions. Please replace with getPedControlState.
[2026-09-26 03:38:46] WARNING: realism-system/c_fpview.lua(Line 451) [Client] getControlState is deprecated and may not work in future versions. Please replace with getPedControlState.
[2026-09-26 03:38:46] WARNING: realism-system/c_fpview.lua(Line 463) [Client] getControlState is deprecated and may not work in future versions. Please replace with getPedControlState.
[2026-09-26 03:38:46] WARNING: realism-system/c_heli_rotors.lua(Line 17) [Client] getHelicopterRotorSpeed is deprecated and may not work in future versions. Please replace with getVehicleRotorSpeed.
[2026-09-26 03:38:46] WARNING: realism-system/c_heli_rotors.lua(Line 21) [Client] getHelicopterRotorSpeed is deprecated and may not work in future versions. Please replace with getVehicleRotorSpeed.
[2026-09-26 03:38:46] WARNING: realism-system/c_heli_rotors.lua(Line 25) [Client] setHelicopterRotorSpeed is deprecated and may not work in future versions. Please replace with setVehicleRotorSpeed.
[2026-09-26 03:38:46] WARNING: realism-system/c_carrealism.lua(Line 353) [Client] getControlState is deprecated and may not work in future versions. Please replace with getPedControlState.
[2026-09-26 03:38:46] WARNING: realism-system/handbrake_c.lua(Line 217) [Client] getControlState is deprecated and may not work in future versions. Please replace with getPedControlState.
[2026-09-26 03:38:46] WARNING: realism-system/handbrake_c.lua(Line 221) [Client] setControlState is deprecated and may not work in future versions. Please replace with setPedControlState.
[2026-09-26 03:38:46] Some files in 'realism-system' use deprecated functions.
[2026-09-26 03:38:46] Use the 'upgrade' command to perform a basic upgrade of resources.
[2026-09-26 03:38:46] WARNING: report-system/c_external_report_box.lua(Line 265) [Client] getControlState is deprecated and may not work in future versions. Please replace with getPedControlState.
[2026-09-26 03:38:46] WARNING: report-system/c_top_right_box.lua(Line 84) [Client] getControlState is deprecated and may not work in future versions. Please replace with getPedControlState.
[2026-09-26 03:38:46] Some files in 'report-system' use deprecated functions.
[2026-09-26 03:38:46] Use the 'upgrade' command to perform a basic upgrade of resources.
[2026-09-26 03:38:46] INFO: Loaded 0 reports.
[2026-09-26 03:38:46] WARNING: File 'icons/premium.png' in resource 'scoreboard' is invalid.
[2026-09-26 03:38:46] WARNING: File 'icons/booster.png' in resource 'scoreboard' is invalid.
[2026-09-26 03:38:46] WARNING: File 'icons/classic.png' in resource 'scoreboard' is invalid.
[2026-09-26 03:38:46] WARNING: File 'icons/gold_member.png' in resource 'scoreboard' is invalid.
[2026-09-26 03:38:46] WARNING: File 'icons/verified.png' in resource 'scoreboard' is invalid.
[2026-09-26 03:38:46] WARNING: File 'icons/youtuber.png' in resource 'scoreboard' is invalid.
[2026-09-26 03:38:46] WARNING: shop-system/s_generalshop_system.lua(Line 672) [Server] setVehicleTurnVelocity is deprecated and may not work in future versions. Please replace with setElementAngularVelocity.
[2026-09-26 03:38:46] Some files in 'shop-system' use deprecated functions.
[2026-09-26 03:38:46] Use the 'upgrade' command to perform a basic upgrade of resources.
[2026-09-26 03:38:46] WARNING: spike-system/c_spikes.lua(Line 93) [Client] getVehicleTurnVelocity is deprecated and may not work in future versions. Please replace with getElementAngularVelocity.
[2026-09-26 03:38:46] WARNING: spike-system/c_spikes.lua(Line 97) [Client] setVehicleTurnVelocity is deprecated and may not work in future versions. Please replace with setElementAngularVelocity.
[2026-09-26 03:38:46] Some files in 'spike-system' use deprecated functions.
[2026-09-26 03:38:46] Use the 'upgrade' command to perform a basic upgrade of resources.
[2026-09-26 03:38:47] WARNING: vehicle-interiors/s_vehicle_interiors.lua(Line 1936) [Server] setVehicleTurnVelocity is deprecated and may not work in future versions. Please replace with setElementAngularVelocity.
[2026-09-26 03:38:47] Some files in 'vehicle-interiors' use deprecated functions.
[2026-09-26 03:38:47] Use the 'upgrade' command to perform a basic upgrade of resources.
[2026-09-26 03:38:47] WARNING: superman/c_superman.lua(Line 1352) [Client] getControlState is deprecated and may not work in future versions. Please replace with getPedControlState.
[2026-09-26 03:38:47] WARNING: superman/c_superman.lua(Line 1391) [Client] getControlState is deprecated and may not work in future versions. Please replace with getPedControlState.
[2026-09-26 03:38:47] WARNING: superman/c_superman.lua(Line 1399) [Client] getControlState is deprecated and may not work in future versions. Please replace with getPedControlState.
[2026-09-26 03:38:47] WARNING: superman/c_superman.lua(Line 1415) [Client] getControlState is deprecated and may not work in future versions. Please replace with getPedControlState.
[2026-09-26 03:38:47] WARNING: superman/c_superman.lua(Line 1423) [Client] getControlState is deprecated and may not work in future versions. Please replace with getPedControlState.
[2026-09-26 03:38:47] WARNING: superman/c_superman.lua(Line 1459) [Client] getControlState is deprecated and may not work in future versions. Please replace with getPedControlState.
[2026-09-26 03:38:47] WARNING: superman/c_superman.lua(Line 1487) [Client] getControlState is deprecated and may not work in future versions. Please replace with getPedControlState.
[2026-09-26 03:38:47] WARNING: superman/c_superman.lua(Line 1499) [Client] getControlState is deprecated and may not work in future versions. Please replace with getPedControlState.
[2026-09-26 03:38:47] WARNING: superman/c_superman.lua(Line 2094) [Client] getControlState is deprecated and may not work in future versions. Please replace with getPedControlState.
[2026-09-26 03:38:47] Some files in 'superman' use deprecated functions.
[2026-09-26 03:38:47] Use the 'upgrade' command to perform a basic upgrade of resources.
[2026-09-26 03:38:47] WARNING: gate-manager/s_gate_manager.lua(Line 802) [Server] setVehicleTurnVelocity is deprecated and may not work in future versions. Please replace with setElementAngularVelocity.
[2026-09-26 03:38:47] Some files in 'gate-manager' use deprecated functions.
[2026-09-26 03:38:47] Use the 'upgrade' command to perform a basic upgrade of resources.
[2026-09-26 03:38:48] WARNING: sfia/s_airtrack.lua(Line 227) [Server] showPlayerHudComponent is deprecated and may not work in future versions. Please replace with setPlayerHudComponentVisible.
[2026-09-26 03:38:48] WARNING: sfia/s_airtrack.lua(Line 263) [Server] showPlayerHudComponent is deprecated and may not work in future versions. Please replace with setPlayerHudComponentVisible.
[2026-09-26 03:38:48] Some files in 'sfia' use deprecated functions.
[2026-09-26 03:38:48] Use the 'upgrade' command to perform a basic upgrade of resources.
[2026-09-26 03:38:48] WARNING: vehicle-manager/s_vehicle_commands.lua(Line 789) [Server] setVehicleTurnVelocity is deprecated and may not work in future versions. Please replace with setElementAngularVelocity.
[2026-09-26 03:38:48] Some files in 'vehicle-manager' use deprecated functions.
[2026-09-26 03:38:48] Use the 'upgrade' command to perform a basic upgrade of resources.
[2026-09-26 03:38:48] INFO: Loaded 0 texture records for all interiors in 0ms
[2026-09-26 03:38:48] WARNING: announcement/client.lua(Line 76) [Client] getControlState is deprecated and may not work in future versions. Please replace with getPedControlState.
[2026-09-26 03:38:48] Some files in 'announcement' use deprecated functions.
[2026-09-26 03:38:48] Use the 'upgrade' command to perform a basic upgrade of resources.
[2026-09-26 03:38:48] INFO: LeFire Script loaded ...
[2026-09-26 03:38:48] INFO: Loaded 0 animated texture records in 0ms
[2026-09-26 03:38:48] INFO: PRISON-SYSTEM: Loaded 24 cell gates from s_gates.lua
[2026-09-26 03:38:49] WARNING: vrp/client.lua(Line 246) [Client] showPlayerHudComponent is deprecated and may not work in future versions. Please replace with setPlayerHudComponentVisible.
[2026-09-26 03:38:49] Some files in 'vrp' use deprecated functions.
[2026-09-26 03:38:49] Use the 'upgrade' command to perform a basic upgrade of resources.
[2026-09-26 03:38:49] Querying MTA master server... success! (Auto detected IP:129.224.206.197)
[2026-09-26 03:38:49] Authorized serial account protection is enabled for the ACL group(s): `Admin`  See http://multitheftauto.com/authserial
[2026-09-26 03:38:49] WARNING: <owner_email_address> not set
[2026-09-26 03:38:49] Server started and is ready to accept connections!
[2026-09-26 03:38:49] To stop the server, type 'shutdown' or press Ctrl-C
[2026-09-26 03:38:49] Type 'help' for a list of commands.
[2026-09-26 03:38:52] INFO: [WEATHER] / Line 57 / SQL Settings for weather successfully altered.
[2026-09-26 03:39:14] INFO: [ELEVATOR] Spawning 0 elevators will be finished in approx. 0 seconds.
[2026-09-26 03:39:46] Stopping item-texture
[2026-09-26 03:39:46] Starting item-texture
[2026-09-26 03:39:46] INFO: item-texture: Loading textures for 0 world items
[2026-09-26 03:39:46] INFO: item-texture: 0 clients waiting on initial sync.
[2026-09-26 03:39:46] INFO: item-texture: 0 textured elements were added for initial sync.
[2026-09-26 03:39:46] item-texture restarted successfully
[2026-09-26 03:48:46] INFO: [JOB-SYSTEM-TRUCKER] Fetched 0 actual orders sucessfully from SQL
[2026-09-26 03:53:25] CONNECT: GlossyHarp91 connected (IP: 127.0.0.1  Serial: 5476DADC39B41BA9B017E8EF2EE22433  Version: 1.6.0-9.24149.0)
[2026-09-26 03:53:26] JOIN: GlossyHarp91 joined the game (IP: 127.0.0.1)
[2026-09-26 03:53:26] NICK: GlossyHarp91 is now known as Direct-Hosting.4844
[2026-09-26 03:54:02] INFO: Loading 2 account settings to client #1
[2026-09-26 03:54:13] NICK: Direct-Hosting.4844 is now known as Robson_Walton
[2026-09-26 03:58:46] INFO: [JOB-SYSTEM-TRUCKER] Fetched 0 actual orders sucessfully from SQL
[2026-09-26 04:07:52] INFO: [WEATHER] / Line 57 / SQL Settings for weather successfully altered.
[2026-09-26 04:08:46] INFO: [JOB-SYSTEM-TRUCKER] Fetched 0 actual orders sucessfully from SQL
==================================================================
= Multi Theft Auto: San Andreas v1.6
==================================================================
= Server name      : Direct Backup V3
= Server IP address: auto
= Server port      : 22221
= 
= Log file         : ../MTA/server/mods/deathmatch/logs/server.log
= Maximum players  : 32
= HTTP port        : 22221
= Voice Chat       : Disabled
= Bandwidth saving : None
==================================================================
[2026-09-26 04:18:25] WARNING: Ignoring duplicate client file in resource 'vrp': 'Imagens/Fundo.png'
[2026-09-26 04:18:25] Resources: 163 loaded, 0 failed
[2026-09-26 04:18:25] Starting resources...
[2026-09-26 04:18:25] [MYSQL] Connected to database 'pdz' at 127.0.0.1:3306
[2026-09-26 04:18:25] Server minclientversion is now 1.6.0-9.24109.0
[2026-09-26 04:18:25] WARNING: hud/c_overlay_top_right.lua(Line 106) [Client] getControlState is deprecated and may not work in future versions. Please replace with getPedControlState.
[2026-09-26 04:18:25] WARNING: hud/c_overlay_bottom_center.lua(Line 90) [Client] getControlState is deprecated and may not work in future versions. Please replace with getPedControlState.
[2026-09-26 04:18:25] Some files in 'hud' use deprecated functions.
[2026-09-26 04:18:25] Use the 'upgrade' command to perform a basic upgrade of resources.
[2026-09-26 04:18:26] WARNING: account/c_main.lua(Line 5) [Client] showPlayerHudComponent is deprecated and may not work in future versions. Please replace with setPlayerHudComponentVisible.
[2026-09-26 04:18:26] WARNING: account/c_main.lua(Line 7) [Client] showPlayerHudComponent is deprecated and may not work in future versions. Please replace with setPlayerHudComponentVisible.
[2026-09-26 04:18:26] WARNING: account/c_main.lua(Line 9) [Client] showPlayerHudComponent is deprecated and may not work in future versions. Please replace with setPlayerHudComponentVisible.
[2026-09-26 04:18:26] WARNING: account/c_main.lua(Line 11) [Client] showPlayerHudComponent is deprecated and may not work in future versions. Please replace with setPlayerHudComponentVisible.
[2026-09-26 04:18:26] WARNING: account/c_main.lua(Line 13) [Client] showPlayerHudComponent is deprecated and may not work in future versions. Please replace with setPlayerHudComponentVisible.
[2026-09-26 04:18:26] WARNING: account/c_main.lua(Line 15) [Client] showPlayerHudComponent is deprecated and may not work in future versions. Please replace with setPlayerHudComponentVisible.
[2026-09-26 04:18:26] WARNING: account/c_main.lua(Line 17) [Client] showPlayerHudComponent is deprecated and may not work in future versions. Please replace with setPlayerHudComponentVisible.
[2026-09-26 04:18:26] WARNING: account/c_main.lua(Line 19) [Client] showPlayerHudComponent is deprecated and may not work in future versions. Please replace with setPlayerHudComponentVisible.
[2026-09-26 04:18:26] WARNING: account/c_main.lua(Line 21) [Client] showPlayerHudComponent is deprecated and may not work in future versions. Please replace with setPlayerHudComponentVisible.
[2026-09-26 04:18:26] WARNING: account/c_main.lua(Line 23) [Client] showPlayerHudComponent is deprecated and may not work in future versions. Please replace with setPlayerHudComponentVisible.
[2026-09-26 04:18:26] WARNING: account/c_main.lua(Line 25) [Client] showPlayerHudComponent is deprecated and may not work in future versions. Please replace with setPlayerHudComponentVisible.
[2026-09-26 04:18:26] WARNING: account/c_characters.lua(Line 13) [Client] showPlayerHudComponent is deprecated and may not work in future versions. Please replace with setPlayerHudComponentVisible.
[2026-09-26 04:18:26] WARNING: account/c_options.lua(Line 519) [Client] setControlState is deprecated and may not work in future versions. Please replace with setPedControlState.
[2026-09-26 04:18:26] Some files in 'account' use deprecated functions.
[2026-09-26 04:18:26] Use the 'upgrade' command to perform a basic upgrade of resources.
[2026-09-26 04:18:26] WARNING: admin-system/Player/s_teleport.lua(Line 123) [Server] setVehicleTurnVelocity is deprecated and may not work in future versions. Please replace with setElementAngularVelocity.
[2026-09-26 04:18:26] WARNING: admin-system/Player/s_teleport.lua(Line 313) [Server] setVehicleTurnVelocity is deprecated and may not work in future versions. Please replace with setElementAngularVelocity.
[2026-09-26 04:18:26] WARNING: admin-system/Player/s_teleport.lua(Line 534) [Server] setVehicleTurnVelocity is deprecated and may not work in future versions. Please replace with setElementAngularVelocity.
[2026-09-26 04:18:26] WARNING: admin-system/Player/s_teleport.lua(Line 792) [Server] setVehicleTurnVelocity is deprecated and may not work in future versions. Please replace with setElementAngularVelocity.
[2026-09-26 04:18:26] WARNING: admin-system/Player/s_teleport.lua(Line 1176) [Server] setVehicleTurnVelocity is deprecated and may not work in future versions. Please replace with setElementAngularVelocity.
[2026-09-26 04:18:26] WARNING: admin-system/Player/s_teleport.lua(Line 1326) [Server] setVehicleTurnVelocity is deprecated and may not work in future versions. Please replace with setElementAngularVelocity.
[2026-09-26 04:18:26] WARNING: admin-system/c_overlay.lua(Line 460) [Client] getControlState is deprecated and may not work in future versions. Please replace with getPedControlState.
[2026-09-26 04:18:26] Some files in 'admin-system' use deprecated functions.
[2026-09-26 04:18:26] Use the 'upgrade' command to perform a basic upgrade of resources.
[2026-09-26 04:18:26] Server password cleared
[2026-09-26 04:18:26] WARNING: driveby/driveby_client.lua(Line 1024) [Client] setControlState is deprecated and may not work in future versions. Please replace with setPedControlState.
[2026-09-26 04:18:26] Some files in 'driveby' use deprecated functions.
[2026-09-26 04:18:26] Use the 'upgrade' command to perform a basic upgrade of resources.
[2026-09-26 04:18:26] WARNING: elevator-system/s_elevator_system.lua(Line 1445) [Server] setVehicleTurnVelocity is deprecated and may not work in future versions. Please replace with setElementAngularVelocity.
[2026-09-26 04:18:26] WARNING: elevator-system/s_elevator_system.lua(Line 1553) [Server] setVehicleTurnVelocity is deprecated and may not work in future versions. Please replace with setElementAngularVelocity.
[2026-09-26 04:18:26] Some files in 'elevator-system' use deprecated functions.
[2026-09-26 04:18:26] Use the 'upgrade' command to perform a basic upgrade of resources.
[2026-09-26 04:18:26] WARNING: fuel-system/s_fuel_peds.lua(Line 2522) [Server] setVehicleTurnVelocity is deprecated and may not work in future versions. Please replace with setElementAngularVelocity.
[2026-09-26 04:18:26] Some files in 'fuel-system' use deprecated functions.
[2026-09-26 04:18:26] Use the 'upgrade' command to perform a basic upgrade of resources.
[2026-09-26 04:18:26] Please wait...
[2026-09-26 04:18:27] WARNING: heligrab/c_heli.lua(Line 756) [Client] getControlState is deprecated and may not work in future versions. Please replace with getPedControlState.
[2026-09-26 04:18:27] Some files in 'heligrab' use deprecated functions.
[2026-09-26 04:18:27] Use the 'upgrade' command to perform a basic upgrade of resources.
[2026-09-26 04:18:27] WARNING: item-system/c_itemchange.lua(Line 9) [Client] showPlayerHudComponent is deprecated and may not work in future versions. Please replace with setPlayerHudComponentVisible.
[2026-09-26 04:18:27] WARNING: item-system/c_itemchange.lua(Line 13) [Client] showPlayerHudComponent is deprecated and may not work in future versions. Please replace with setPlayerHudComponentVisible.
[2026-09-26 04:18:27] Some files in 'item-system' use deprecated functions.
[2026-09-26 04:18:27] Use the 'upgrade' command to perform a basic upgrade of resources.
[2026-09-26 04:18:27] WARNING: item-texture\s_itemtexture.lua:173: Bad argument @ 'getElementsByType' [Expected element at argument 2, got boolean]
[2026-09-26 04:18:27] INFO: item-texture: Loading textures for 0 world items
[2026-09-26 04:18:27] INFO: item-texture: 0 clients waiting on initial sync.
[2026-09-26 04:18:27] INFO: item-texture: 0 textured elements were added for initial sync.
[2026-09-26 04:18:27] INFO: [ITEM WORLD] Loading 0 world items will be finished in approximately 0.05 seconds.
[2026-09-26 04:18:27] WARNING: job-system-trucker/s_trucker_job.lua(Line 2690) [Server] setVehicleTurnVelocity is deprecated and may not work in future versions. Please replace with setElementAngularVelocity.
[2026-09-26 04:18:27] WARNING: job-system-trucker/s_trucker_job.lua(Line 2750) [Server] setVehicleTurnVelocity is deprecated and may not work in future versions. Please replace with setElementAngularVelocity.
[2026-09-26 04:18:27] WARNING: job-system-trucker/s_trucker_job.lua(Line 2810) [Server] setVehicleTurnVelocity is deprecated and may not work in future versions. Please replace with setElementAngularVelocity.
[2026-09-26 04:18:27] WARNING: job-system-trucker/s_trucker_job.lua(Line 2870) [Server] setVehicleTurnVelocity is deprecated and may not work in future versions. Please replace with setElementAngularVelocity.
[2026-09-26 04:18:27] WARNING: job-system-trucker/c_overlay.lua(Line 1166) [Client] getControlState is deprecated and may not work in future versions. Please replace with getPedControlState.
[2026-09-26 04:18:27] Some files in 'job-system-trucker' use deprecated functions.
[2026-09-26 04:18:27] Use the 'upgrade' command to perform a basic upgrade of resources.
[2026-09-26 04:18:27] INFO: [JOB-SYSTEM-TRUCKER] Fetched 2 actual orders sucessfully from SQL
[2026-09-26 04:18:27] WARNING: pd-system/c_policedeagle.lua(Line 437) [Client] getControlState is deprecated and may not work in future versions. Please replace with getPedControlState.
[2026-09-26 04:18:27] WARNING: pd-system/c_policeshotgun.lua(Line 331) [Client] getControlState is deprecated and may not work in future versions. Please replace with getPedControlState.
[2026-09-26 04:18:27] Some files in 'pd-system' use deprecated functions.
[2026-09-26 04:18:27] Use the 'upgrade' command to perform a basic upgrade of resources.
[2026-09-26 04:18:27] WARNING: realism-system/c_backup_bleepers.lua(Line 333) [Client] getControlState is deprecated and may not work in future versions. Please replace with getPedControlState.
[2026-09-26 04:18:27] WARNING: realism-system/c_cruise_control.lua(Line 141) [Client] setControlState is deprecated and may not work in future versions. Please replace with setPedControlState.
[2026-09-26 04:18:27] WARNING: realism-system/c_cruise_control.lua(Line 149) [Client] setControlState is deprecated and may not work in future versions. Please replace with setPedControlState.
[2026-09-26 04:18:27] WARNING: realism-system/c_cruise_control.lua(Line 201) [Client] setControlState is deprecated and may not work in future versions. Please replace with setPedControlState.
[2026-09-26 04:18:27] WARNING: realism-system/c_fpview.lua(Line 439) [Client] getControlState is deprecated and may not work in future versions. Please replace with getPedControlState.
[2026-09-26 04:18:27] WARNING: realism-system/c_fpview.lua(Line 451) [Client] getControlState is deprecated and may not work in future versions. Please replace with getPedControlState.
[2026-09-26 04:18:27] WARNING: realism-system/c_fpview.lua(Line 463) [Client] getControlState is deprecated and may not work in future versions. Please replace with getPedControlState.
[2026-09-26 04:18:27] WARNING: realism-system/c_heli_rotors.lua(Line 17) [Client] getHelicopterRotorSpeed is deprecated and may not work in future versions. Please replace with getVehicleRotorSpeed.
[2026-09-26 04:18:27] WARNING: realism-system/c_heli_rotors.lua(Line 21) [Client] getHelicopterRotorSpeed is deprecated and may not work in future versions. Please replace with getVehicleRotorSpeed.
[2026-09-26 04:18:27] WARNING: realism-system/c_heli_rotors.lua(Line 25) [Client] setHelicopterRotorSpeed is deprecated and may not work in future versions. Please replace with setVehicleRotorSpeed.
[2026-09-26 04:18:27] WARNING: realism-system/c_carrealism.lua(Line 353) [Client] getControlState is deprecated and may not work in future versions. Please replace with getPedControlState.
[2026-09-26 04:18:27] WARNING: realism-system/handbrake_c.lua(Line 217) [Client] getControlState is deprecated and may not work in future versions. Please replace with getPedControlState.
[2026-09-26 04:18:27] WARNING: realism-system/handbrake_c.lua(Line 221) [Client] setControlState is deprecated and may not work in future versions. Please replace with setPedControlState.
[2026-09-26 04:18:27] Some files in 'realism-system' use deprecated functions.
[2026-09-26 04:18:27] Use the 'upgrade' command to perform a basic upgrade of resources.
[2026-09-26 04:18:27] WARNING: report-system/c_external_report_box.lua(Line 265) [Client] getControlState is deprecated and may not work in future versions. Please replace with getPedControlState.
[2026-09-26 04:18:27] WARNING: report-system/c_top_right_box.lua(Line 84) [Client] getControlState is deprecated and may not work in future versions. Please replace with getPedControlState.
[2026-09-26 04:18:27] Some files in 'report-system' use deprecated functions.
[2026-09-26 04:18:27] Use the 'upgrade' command to perform a basic upgrade of resources.
[2026-09-26 04:18:27] INFO: Loaded 0 reports.
[2026-09-26 04:18:28] WARNING: File 'icons/premium.png' in resource 'scoreboard' is invalid.
[2026-09-26 04:18:28] WARNING: File 'icons/booster.png' in resource 'scoreboard' is invalid.
[2026-09-26 04:18:28] WARNING: File 'icons/classic.png' in resource 'scoreboard' is invalid.
[2026-09-26 04:18:28] WARNING: File 'icons/gold_member.png' in resource 'scoreboard' is invalid.
[2026-09-26 04:18:28] WARNING: File 'icons/verified.png' in resource 'scoreboard' is invalid.
[2026-09-26 04:18:28] WARNING: File 'icons/youtuber.png' in resource 'scoreboard' is invalid.
[2026-09-26 04:18:28] WARNING: shop-system/s_generalshop_system.lua(Line 672) [Server] setVehicleTurnVelocity is deprecated and may not work in future versions. Please replace with setElementAngularVelocity.
[2026-09-26 04:18:28] Some files in 'shop-system' use deprecated functions.
[2026-09-26 04:18:28] Use the 'upgrade' command to perform a basic upgrade of resources.
[2026-09-26 04:18:28] WARNING: spike-system/c_spikes.lua(Line 93) [Client] getVehicleTurnVelocity is deprecated and may not work in future versions. Please replace with getElementAngularVelocity.
[2026-09-26 04:18:28] WARNING: spike-system/c_spikes.lua(Line 97) [Client] setVehicleTurnVelocity is deprecated and may not work in future versions. Please replace with setElementAngularVelocity.
[2026-09-26 04:18:28] Some files in 'spike-system' use deprecated functions.
[2026-09-26 04:18:28] Use the 'upgrade' command to perform a basic upgrade of resources.
[2026-09-26 04:18:28] WARNING: vehicle-interiors/s_vehicle_interiors.lua(Line 1936) [Server] setVehicleTurnVelocity is deprecated and may not work in future versions. Please replace with setElementAngularVelocity.
[2026-09-26 04:18:28] Some files in 'vehicle-interiors' use deprecated functions.
[2026-09-26 04:18:28] Use the 'upgrade' command to perform a basic upgrade of resources.
[2026-09-26 04:18:28] WARNING: superman/c_superman.lua(Line 1352) [Client] getControlState is deprecated and may not work in future versions. Please replace with getPedControlState.
[2026-09-26 04:18:28] WARNING: superman/c_superman.lua(Line 1391) [Client] getControlState is deprecated and may not work in future versions. Please replace with getPedControlState.
[2026-09-26 04:18:28] WARNING: superman/c_superman.lua(Line 1399) [Client] getControlState is deprecated and may not work in future versions. Please replace with getPedControlState.
[2026-09-26 04:18:28] WARNING: superman/c_superman.lua(Line 1415) [Client] getControlState is deprecated and may not work in future versions. Please replace with getPedControlState.
[2026-09-26 04:18:28] WARNING: superman/c_superman.lua(Line 1423) [Client] getControlState is deprecated and may not work in future versions. Please replace with getPedControlState.
[2026-09-26 04:18:28] WARNING: superman/c_superman.lua(Line 1459) [Client] getControlState is deprecated and may not work in future versions. Please replace with getPedControlState.
[2026-09-26 04:18:28] WARNING: superman/c_superman.lua(Line 1487) [Client] getControlState is deprecated and may not work in future versions. Please replace with getPedControlState.
[2026-09-26 04:18:28] WARNING: superman/c_superman.lua(Line 1499) [Client] getControlState is deprecated and may not work in future versions. Please replace with getPedControlState.
[2026-09-26 04:18:28] WARNING: superman/c_superman.lua(Line 2094) [Client] getControlState is deprecated and may not work in future versions. Please replace with getPedControlState.
[2026-09-26 04:18:28] Some files in 'superman' use deprecated functions.
[2026-09-26 04:18:28] Use the 'upgrade' command to perform a basic upgrade of resources.
[2026-09-26 04:18:28] WARNING: gate-manager/s_gate_manager.lua(Line 802) [Server] setVehicleTurnVelocity is deprecated and may not work in future versions. Please replace with setElementAngularVelocity.
[2026-09-26 04:18:28] Some files in 'gate-manager' use deprecated functions.
[2026-09-26 04:18:28] Use the 'upgrade' command to perform a basic upgrade of resources.
[2026-09-26 04:18:29] WARNING: sfia/s_airtrack.lua(Line 227) [Server] showPlayerHudComponent is deprecated and may not work in future versions. Please replace with setPlayerHudComponentVisible.
[2026-09-26 04:18:29] WARNING: sfia/s_airtrack.lua(Line 263) [Server] showPlayerHudComponent is deprecated and may not work in future versions. Please replace with setPlayerHudComponentVisible.
[2026-09-26 04:18:29] Some files in 'sfia' use deprecated functions.
[2026-09-26 04:18:29] Use the 'upgrade' command to perform a basic upgrade of resources.
[2026-09-26 04:18:29] WARNING: vehicle-manager/s_vehicle_commands.lua(Line 789) [Server] setVehicleTurnVelocity is deprecated and may not work in future versions. Please replace with setElementAngularVelocity.
[2026-09-26 04:18:29] Some files in 'vehicle-manager' use deprecated functions.
[2026-09-26 04:18:29] Use the 'upgrade' command to perform a basic upgrade of resources.
[2026-09-26 04:18:29] INFO: Loaded 0 texture records for all interiors in 0ms
[2026-09-26 04:18:29] WARNING: announcement/client.lua(Line 76) [Client] getControlState is deprecated and may not work in future versions. Please replace with getPedControlState.
[2026-09-26 04:18:29] Some files in 'announcement' use deprecated functions.
[2026-09-26 04:18:29] Use the 'upgrade' command to perform a basic upgrade of resources.
[2026-09-26 04:18:30] INFO: LeFire Script loaded ...
[2026-09-26 04:18:30] INFO: Loaded 0 animated texture records in 0ms
[2026-09-26 04:18:30] INFO: PRISON-SYSTEM: Loaded 24 cell gates from s_gates.lua
[2026-09-26 04:18:30] WARNING: vrp/client.lua(Line 246) [Client] showPlayerHudComponent is deprecated and may not work in future versions. Please replace with setPlayerHudComponentVisible.
[2026-09-26 04:18:30] Some files in 'vrp' use deprecated functions.
[2026-09-26 04:18:30] Use the 'upgrade' command to perform a basic upgrade of resources.
[2026-09-26 04:18:30] Querying MTA master server... success! (Auto detected IP:9.246.91.187)
[2026-09-26 04:18:30] Authorized serial account protection is enabled for the ACL group(s): `Admin`  See http://multitheftauto.com/authserial
[2026-09-26 04:18:30] WARNING: <owner_email_address> not set
[2026-09-26 04:18:30] Server started and is ready to accept connections!
[2026-09-26 04:18:30] To stop the server, type 'shutdown' or press Ctrl-C
[2026-09-26 04:18:30] Type 'help' for a list of commands.
[2026-09-26 04:18:33] INFO: [WEATHER] / Line 57 / SQL Settings for weather successfully altered.
[2026-09-26 04:18:56] INFO: [ELEVATOR] Spawning 0 elevators will be finished in approx. 0 seconds.
[2026-09-26 04:19:27] Stopping item-texture
[2026-09-26 04:19:27] Starting item-texture
[2026-09-26 04:19:27] INFO: item-texture: Loading textures for 0 world items
[2026-09-26 04:19:27] INFO: item-texture: 0 clients waiting on initial sync.
[2026-09-26 04:19:27] INFO: item-texture: 0 textured elements were added for initial sync.
[2026-09-26 04:19:27] item-texture restarted successfully
[2026-09-26 04:25:54] CONNECT: GlossyHarp91 connected (IP: 127.0.0.1  Serial: 5476DADC39B41BA9B017E8EF2EE22433  Version: 1.6.0-9.24149.0)
[2026-09-26 04:25:54] JOIN: GlossyHarp91 joined the game (IP: 127.0.0.1)
[2026-09-26 04:25:54] NICK: GlossyHarp91 is now known as Direct-Hosting.6694
[2026-09-26 04:26:24] INFO: Loading 2 account settings to client #1
[2026-09-26 04:26:33] NICK: Direct-Hosting.6694 is now known as Robson_Walton
[2026-09-26 04:28:27] INFO: [JOB-SYSTEM-TRUCKER] Fetched 0 actual orders sucessfully from SQL
[2026-09-26 04:38:27] INFO: [JOB-SYSTEM-TRUCKER] Fetched 0 actual orders sucessfully from SQL
[2026-09-26 04:47:33] INFO: [WEATHER] / Line 57 / SQL Settings for weather successfully altered.
[2026-09-26 04:48:27] INFO: [JOB-SYSTEM-TRUCKER] Fetched 0 actual orders sucessfully from SQL
[2026-09-26 04:58:27] INFO: [JOB-SYSTEM-TRUCKER] Fetched 0 actual orders sucessfully from SQL
==================================================================
= Multi Theft Auto: San Andreas v1.6
==================================================================
= Server name      : Direct Backup V3
= Server IP address: auto
= Server port      : 22221
= 
= Log file         : ../MTA/server/mods/deathmatch/logs/server.log
= Maximum players  : 32
= HTTP port        : 22221
= Voice Chat       : Disabled
= Bandwidth saving : None
==================================================================
[2026-09-26 04:59:58] WARNING: Ignoring duplicate client file in resource 'vrp': 'Imagens/Fundo.png'
[2026-09-26 04:59:59] Resources: 163 loaded, 0 failed
[2026-09-26 04:59:59] Starting resources...
[2026-09-26 05:00:01] [MYSQL] Connected to database 'pdz' at 127.0.0.1:3306
[2026-09-26 05:00:01] Server minclientversion is now 1.6.0-9.24109.0
[2026-09-26 05:00:01] WARNING: hud/c_overlay_top_right.lua(Line 106) [Client] getControlState is deprecated and may not work in future versions. Please replace with getPedControlState.
[2026-09-26 05:00:01] WARNING: hud/c_overlay_bottom_center.lua(Line 90) [Client] getControlState is deprecated and may not work in future versions. Please replace with getPedControlState.
[2026-09-26 05:00:01] Some files in 'hud' use deprecated functions.
[2026-09-26 05:00:01] Use the 'upgrade' command to perform a basic upgrade of resources.
[2026-09-26 05:00:01] WARNING: account/c_main.lua(Line 5) [Client] showPlayerHudComponent is deprecated and may not work in future versions. Please replace with setPlayerHudComponentVisible.
[2026-09-26 05:00:01] WARNING: account/c_main.lua(Line 7) [Client] showPlayerHudComponent is deprecated and may not work in future versions. Please replace with setPlayerHudComponentVisible.
[2026-09-26 05:00:01] WARNING: account/c_main.lua(Line 9) [Client] showPlayerHudComponent is deprecated and may not work in future versions. Please replace with setPlayerHudComponentVisible.
[2026-09-26 05:00:01] WARNING: account/c_main.lua(Line 11) [Client] showPlayerHudComponent is deprecated and may not work in future versions. Please replace with setPlayerHudComponentVisible.
[2026-09-26 05:00:01] WARNING: account/c_main.lua(Line 13) [Client] showPlayerHudComponent is deprecated and may not work in future versions. Please replace with setPlayerHudComponentVisible.
[2026-09-26 05:00:01] WARNING: account/c_main.lua(Line 15) [Client] showPlayerHudComponent is deprecated and may not work in future versions. Please replace with setPlayerHudComponentVisible.
[2026-09-26 05:00:01] WARNING: account/c_main.lua(Line 17) [Client] showPlayerHudComponent is deprecated and may not work in future versions. Please replace with setPlayerHudComponentVisible.
[2026-09-26 05:00:01] WARNING: account/c_main.lua(Line 19) [Client] showPlayerHudComponent is deprecated and may not work in future versions. Please replace with setPlayerHudComponentVisible.
[2026-09-26 05:00:01] WARNING: account/c_main.lua(Line 21) [Client] showPlayerHudComponent is deprecated and may not work in future versions. Please replace with setPlayerHudComponentVisible.
[2026-09-26 05:00:01] WARNING: account/c_main.lua(Line 23) [Client] showPlayerHudComponent is deprecated and may not work in future versions. Please replace with setPlayerHudComponentVisible.
[2026-09-26 05:00:01] WARNING: account/c_main.lua(Line 25) [Client] showPlayerHudComponent is deprecated and may not work in future versions. Please replace with setPlayerHudComponentVisible.
[2026-09-26 05:00:01] WARNING: account/c_characters.lua(Line 13) [Client] showPlayerHudComponent is deprecated and may not work in future versions. Please replace with setPlayerHudComponentVisible.
[2026-09-26 05:00:01] WARNING: account/c_options.lua(Line 519) [Client] setControlState is deprecated and may not work in future versions. Please replace with setPedControlState.
[2026-09-26 05:00:01] Some files in 'account' use deprecated functions.
[2026-09-26 05:00:01] Use the 'upgrade' command to perform a basic upgrade of resources.
[2026-09-26 05:00:01] WARNING: admin-system/Player/s_teleport.lua(Line 123) [Server] setVehicleTurnVelocity is deprecated and may not work in future versions. Please replace with setElementAngularVelocity.
[2026-09-26 05:00:01] WARNING: admin-system/Player/s_teleport.lua(Line 313) [Server] setVehicleTurnVelocity is deprecated and may not work in future versions. Please replace with setElementAngularVelocity.
[2026-09-26 05:00:01] WARNING: admin-system/Player/s_teleport.lua(Line 534) [Server] setVehicleTurnVelocity is deprecated and may not work in future versions. Please replace with setElementAngularVelocity.
[2026-09-26 05:00:01] WARNING: admin-system/Player/s_teleport.lua(Line 792) [Server] setVehicleTurnVelocity is deprecated and may not work in future versions. Please replace with setElementAngularVelocity.
[2026-09-26 05:00:01] WARNING: admin-system/Player/s_teleport.lua(Line 1176) [Server] setVehicleTurnVelocity is deprecated and may not work in future versions. Please replace with setElementAngularVelocity.
[2026-09-26 05:00:01] WARNING: admin-system/Player/s_teleport.lua(Line 1326) [Server] setVehicleTurnVelocity is deprecated and may not work in future versions. Please replace with setElementAngularVelocity.
[2026-09-26 05:00:02] WARNING: admin-system/c_overlay.lua(Line 460) [Client] getControlState is deprecated and may not work in future versions. Please replace with getPedControlState.
[2026-09-26 05:00:02] Some files in 'admin-system' use deprecated functions.
[2026-09-26 05:00:02] Use the 'upgrade' command to perform a basic upgrade of resources.
[2026-09-26 05:00:02] Server password cleared
[2026-09-26 05:00:02] WARNING: driveby/driveby_client.lua(Line 1024) [Client] setControlState is deprecated and may not work in future versions. Please replace with setPedControlState.
[2026-09-26 05:00:02] Some files in 'driveby' use deprecated functions.
[2026-09-26 05:00:02] Use the 'upgrade' command to perform a basic upgrade of resources.
[2026-09-26 05:00:02] WARNING: elevator-system/s_elevator_system.lua(Line 1445) [Server] setVehicleTurnVelocity is deprecated and may not work in future versions. Please replace with setElementAngularVelocity.
[2026-09-26 05:00:02] WARNING: elevator-system/s_elevator_system.lua(Line 1553) [Server] setVehicleTurnVelocity is deprecated and may not work in future versions. Please replace with setElementAngularVelocity.
[2026-09-26 05:00:02] Some files in 'elevator-system' use deprecated functions.
[2026-09-26 05:00:02] Use the 'upgrade' command to perform a basic upgrade of resources.
[2026-09-26 05:00:02] WARNING: fuel-system/s_fuel_peds.lua(Line 2522) [Server] setVehicleTurnVelocity is deprecated and may not work in future versions. Please replace with setElementAngularVelocity.
[2026-09-26 05:00:02] Some files in 'fuel-system' use deprecated functions.
[2026-09-26 05:00:02] Use the 'upgrade' command to perform a basic upgrade of resources.
[2026-09-26 05:00:02] Please wait...
[2026-09-26 05:00:02] WARNING: heligrab/c_heli.lua(Line 756) [Client] getControlState is deprecated and may not work in future versions. Please replace with getPedControlState.
[2026-09-26 05:00:02] Some files in 'heligrab' use deprecated functions.
[2026-09-26 05:00:02] Use the 'upgrade' command to perform a basic upgrade of resources.
[2026-09-26 05:00:02] WARNING: item-system/c_itemchange.lua(Line 9) [Client] showPlayerHudComponent is deprecated and may not work in future versions. Please replace with setPlayerHudComponentVisible.
[2026-09-26 05:00:02] WARNING: item-system/c_itemchange.lua(Line 13) [Client] showPlayerHudComponent is deprecated and may not work in future versions. Please replace with setPlayerHudComponentVisible.
[2026-09-26 05:00:02] Some files in 'item-system' use deprecated functions.
[2026-09-26 05:00:02] Use the 'upgrade' command to perform a basic upgrade of resources.
[2026-09-26 05:00:03] WARNING: item-texture\s_itemtexture.lua:173: Bad argument @ 'getElementsByType' [Expected element at argument 2, got boolean]
[2026-09-26 05:00:03] INFO: item-texture: Loading textures for 0 world items
[2026-09-26 05:00:03] INFO: item-texture: 0 clients waiting on initial sync.
[2026-09-26 05:00:03] INFO: item-texture: 0 textured elements were added for initial sync.
[2026-09-26 05:00:03] INFO: [ITEM WORLD] Loading 0 world items will be finished in approximately 0.05 seconds.
[2026-09-26 05:00:03] WARNING: job-system-trucker/s_trucker_job.lua(Line 2690) [Server] setVehicleTurnVelocity is deprecated and may not work in future versions. Please replace with setElementAngularVelocity.
[2026-09-26 05:00:03] WARNING: job-system-trucker/s_trucker_job.lua(Line 2750) [Server] setVehicleTurnVelocity is deprecated and may not work in future versions. Please replace with setElementAngularVelocity.
[2026-09-26 05:00:03] WARNING: job-system-trucker/s_trucker_job.lua(Line 2810) [Server] setVehicleTurnVelocity is deprecated and may not work in future versions. Please replace with setElementAngularVelocity.
[2026-09-26 05:00:03] WARNING: job-system-trucker/s_trucker_job.lua(Line 2870) [Server] setVehicleTurnVelocity is deprecated and may not work in future versions. Please replace with setElementAngularVelocity.
[2026-09-26 05:00:03] WARNING: job-system-trucker/c_overlay.lua(Line 1166) [Client] getControlState is deprecated and may not work in future versions. Please replace with getPedControlState.
[2026-09-26 05:00:03] Some files in 'job-system-trucker' use deprecated functions.
[2026-09-26 05:00:03] Use the 'upgrade' command to perform a basic upgrade of resources.
[2026-09-26 05:00:03] INFO: [JOB-SYSTEM-TRUCKER] Fetched 2 actual orders sucessfully from SQL
[2026-09-26 05:00:03] WARNING: pd-system/c_policedeagle.lua(Line 437) [Client] getControlState is deprecated and may not work in future versions. Please replace with getPedControlState.
[2026-09-26 05:00:03] WARNING: pd-system/c_policeshotgun.lua(Line 331) [Client] getControlState is deprecated and may not work in future versions. Please replace with getPedControlState.
[2026-09-26 05:00:03] Some files in 'pd-system' use deprecated functions.
[2026-09-26 05:00:03] Use the 'upgrade' command to perform a basic upgrade of resources.
[2026-09-26 05:00:03] WARNING: realism-system/c_backup_bleepers.lua(Line 333) [Client] getControlState is deprecated and may not work in future versions. Please replace with getPedControlState.
[2026-09-26 05:00:03] WARNING: realism-system/c_cruise_control.lua(Line 141) [Client] setControlState is deprecated and may not work in future versions. Please replace with setPedControlState.
[2026-09-26 05:00:03] WARNING: realism-system/c_cruise_control.lua(Line 149) [Client] setControlState is deprecated and may not work in future versions. Please replace with setPedControlState.
[2026-09-26 05:00:03] WARNING: realism-system/c_cruise_control.lua(Line 201) [Client] setControlState is deprecated and may not work in future versions. Please replace with setPedControlState.
[2026-09-26 05:00:03] WARNING: realism-system/c_fpview.lua(Line 439) [Client] getControlState is deprecated and may not work in future versions. Please replace with getPedControlState.
[2026-09-26 05:00:03] WARNING: realism-system/c_fpview.lua(Line 451) [Client] getControlState is deprecated and may not work in future versions. Please replace with getPedControlState.
[2026-09-26 05:00:03] WARNING: realism-system/c_fpview.lua(Line 463) [Client] getControlState is deprecated and may not work in future versions. Please replace with getPedControlState.
[2026-09-26 05:00:03] WARNING: realism-system/c_heli_rotors.lua(Line 17) [Client] getHelicopterRotorSpeed is deprecated and may not work in future versions. Please replace with getVehicleRotorSpeed.
[2026-09-26 05:00:03] WARNING: realism-system/c_heli_rotors.lua(Line 21) [Client] getHelicopterRotorSpeed is deprecated and may not work in future versions. Please replace with getVehicleRotorSpeed.
[2026-09-26 05:00:03] WARNING: realism-system/c_heli_rotors.lua(Line 25) [Client] setHelicopterRotorSpeed is deprecated and may not work in future versions. Please replace with setVehicleRotorSpeed.
[2026-09-26 05:00:03] WARNING: realism-system/c_carrealism.lua(Line 353) [Client] getControlState is deprecated and may not work in future versions. Please replace with getPedControlState.
[2026-09-26 05:00:03] WARNING: realism-system/handbrake_c.lua(Line 217) [Client] getControlState is deprecated and may not work in future versions. Please replace with getPedControlState.
[2026-09-26 05:00:03] WARNING: realism-system/handbrake_c.lua(Line 221) [Client] setControlState is deprecated and may not work in future versions. Please replace with setPedControlState.
[2026-09-26 05:00:03] Some files in 'realism-system' use deprecated functions.
[2026-09-26 05:00:03] Use the 'upgrade' command to perform a basic upgrade of resources.
[2026-09-26 05:00:03] WARNING: report-system/c_external_report_box.lua(Line 265) [Client] getControlState is deprecated and may not work in future versions. Please replace with getPedControlState.
[2026-09-26 05:00:03] WARNING: report-system/c_top_right_box.lua(Line 84) [Client] getControlState is deprecated and may not work in future versions. Please replace with getPedControlState.
[2026-09-26 05:00:03] Some files in 'report-system' use deprecated functions.
[2026-09-26 05:00:03] Use the 'upgrade' command to perform a basic upgrade of resources.
[2026-09-26 05:00:03] INFO: Loaded 0 reports.
[2026-09-26 05:00:03] WARNING: File 'icons/premium.png' in resource 'scoreboard' is invalid.
[2026-09-26 05:00:03] WARNING: File 'icons/booster.png' in resource 'scoreboard' is invalid.
[2026-09-26 05:00:03] WARNING: File 'icons/classic.png' in resource 'scoreboard' is invalid.
[2026-09-26 05:00:03] WARNING: File 'icons/gold_member.png' in resource 'scoreboard' is invalid.
[2026-09-26 05:00:03] WARNING: File 'icons/verified.png' in resource 'scoreboard' is invalid.
[2026-09-26 05:00:03] WARNING: File 'icons/youtuber.png' in resource 'scoreboard' is invalid.
[2026-09-26 05:00:03] WARNING: shop-system/s_generalshop_system.lua(Line 672) [Server] setVehicleTurnVelocity is deprecated and may not work in future versions. Please replace with setElementAngularVelocity.
[2026-09-26 05:00:03] Some files in 'shop-system' use deprecated functions.
[2026-09-26 05:00:03] Use the 'upgrade' command to perform a basic upgrade of resources.
[2026-09-26 05:00:03] WARNING: spike-system/c_spikes.lua(Line 93) [Client] getVehicleTurnVelocity is deprecated and may not work in future versions. Please replace with getElementAngularVelocity.
[2026-09-26 05:00:03] WARNING: spike-system/c_spikes.lua(Line 97) [Client] setVehicleTurnVelocity is deprecated and may not work in future versions. Please replace with setElementAngularVelocity.
[2026-09-26 05:00:03] Some files in 'spike-system' use deprecated functions.
[2026-09-26 05:00:03] Use the 'upgrade' command to perform a basic upgrade of resources.
[2026-09-26 05:00:03] WARNING: vehicle-interiors/s_vehicle_interiors.lua(Line 1936) [Server] setVehicleTurnVelocity is deprecated and may not work in future versions. Please replace with setElementAngularVelocity.
[2026-09-26 05:00:03] Some files in 'vehicle-interiors' use deprecated functions.
[2026-09-26 05:00:03] Use the 'upgrade' command to perform a basic upgrade of resources.
[2026-09-26 05:00:04] WARNING: superman/c_superman.lua(Line 1352) [Client] getControlState is deprecated and may not work in future versions. Please replace with getPedControlState.
[2026-09-26 05:00:04] WARNING: superman/c_superman.lua(Line 1391) [Client] getControlState is deprecated and may not work in future versions. Please replace with getPedControlState.
[2026-09-26 05:00:04] WARNING: superman/c_superman.lua(Line 1399) [Client] getControlState is deprecated and may not work in future versions. Please replace with getPedControlState.
[2026-09-26 05:00:04] WARNING: superman/c_superman.lua(Line 1415) [Client] getControlState is deprecated and may not work in future versions. Please replace with getPedControlState.
[2026-09-26 05:00:04] WARNING: superman/c_superman.lua(Line 1423) [Client] getControlState is deprecated and may not work in future versions. Please replace with getPedControlState.
[2026-09-26 05:00:04] WARNING: superman/c_superman.lua(Line 1459) [Client] getControlState is deprecated and may not work in future versions. Please replace with getPedControlState.
[2026-09-26 05:00:04] WARNING: superman/c_superman.lua(Line 1487) [Client] getControlState is deprecated and may not work in future versions. Please replace with getPedControlState.
[2026-09-26 05:00:04] WARNING: superman/c_superman.lua(Line 1499) [Client] getControlState is deprecated and may not work in future versions. Please replace with getPedControlState.
[2026-09-26 05:00:04] WARNING: superman/c_superman.lua(Line 2094) [Client] getControlState is deprecated and may not work in future versions. Please replace with getPedControlState.
[2026-09-26 05:00:04] Some files in 'superman' use deprecated functions.
[2026-09-26 05:00:04] Use the 'upgrade' command to perform a basic upgrade of resources.
[2026-09-26 05:00:04] WARNING: gate-manager/s_gate_manager.lua(Line 802) [Server] setVehicleTurnVelocity is deprecated and may not work in future versions. Please replace with setElementAngularVelocity.
[2026-09-26 05:00:04] Some files in 'gate-manager' use deprecated functions.
[2026-09-26 05:00:04] Use the 'upgrade' command to perform a basic upgrade of resources.
[2026-09-26 05:00:04] WARNING: sfia/s_airtrack.lua(Line 227) [Server] showPlayerHudComponent is deprecated and may not work in future versions. Please replace with setPlayerHudComponentVisible.
[2026-09-26 05:00:04] WARNING: sfia/s_airtrack.lua(Line 263) [Server] showPlayerHudComponent is deprecated and may not work in future versions. Please replace with setPlayerHudComponentVisible.
[2026-09-26 05:00:04] Some files in 'sfia' use deprecated functions.
[2026-09-26 05:00:04] Use the 'upgrade' command to perform a basic upgrade of resources.
[2026-09-26 05:00:05] WARNING: vehicle-manager/s_vehicle_commands.lua(Line 789) [Server] setVehicleTurnVelocity is deprecated and may not work in future versions. Please replace with setElementAngularVelocity.
[2026-09-26 05:00:05] Some files in 'vehicle-manager' use deprecated functions.
[2026-09-26 05:00:05] Use the 'upgrade' command to perform a basic upgrade of resources.
[2026-09-26 05:00:05] INFO: Loaded 0 texture records for all interiors in 0ms
[2026-09-26 05:00:05] WARNING: announcement/client.lua(Line 76) [Client] getControlState is deprecated and may not work in future versions. Please replace with getPedControlState.
[2026-09-26 05:00:05] Some files in 'announcement' use deprecated functions.
[2026-09-26 05:00:05] Use the 'upgrade' command to perform a basic upgrade of resources.
[2026-09-26 05:00:05] INFO: LeFire Script loaded ...
[2026-09-26 05:00:05] INFO: Loaded 0 animated texture records in 0ms
[2026-09-26 05:00:05] INFO: PRISON-SYSTEM: Loaded 24 cell gates from s_gates.lua
[2026-09-26 05:00:05] WARNING: vrp/client.lua(Line 246) [Client] showPlayerHudComponent is deprecated and may not work in future versions. Please replace with setPlayerHudComponentVisible.
[2026-09-26 05:00:05] Some files in 'vrp' use deprecated functions.
[2026-09-26 05:00:05] Use the 'upgrade' command to perform a basic upgrade of resources.
[2026-09-26 05:00:05] Querying MTA master server... success! (Auto detected IP:185.225.40.32)
[2026-09-26 05:00:05] Authorized serial account protection is enabled for the ACL group(s): `Admin`  See http://multitheftauto.com/authserial
[2026-09-26 05:00:05] WARNING: <owner_email_address> not set
[2026-09-26 05:00:05] Server started and is ready to accept connections!
[2026-09-26 05:00:05] To stop the server, type 'shutdown' or press Ctrl-C
[2026-09-26 05:00:05] Type 'help' for a list of commands.
[2026-09-26 05:00:08] INFO: [WEATHER] / Line 57 / SQL Settings for weather successfully altered.
[2026-09-26 05:00:32] INFO: [ELEVATOR] Spawning 0 elevators will be finished in approx. 0 seconds.
[2026-09-26 05:01:03] Stopping item-texture
[2026-09-26 05:01:03] Starting item-texture
[2026-09-26 05:01:03] INFO: item-texture: Loading textures for 0 world items
[2026-09-26 05:01:03] INFO: item-texture: 0 clients waiting on initial sync.
[2026-09-26 05:01:03] INFO: item-texture: 0 textured elements were added for initial sync.
[2026-09-26 05:01:03] item-texture restarted successfully
[2026-09-26 05:10:03] INFO: [JOB-SYSTEM-TRUCKER] Fetched 0 actual orders sucessfully from SQL
[2026-09-26 05:14:14] CONNECT: GlossyHarp91 connected (IP: 127.0.0.1  Serial: 5476DADC39B41BA9B017E8EF2EE22433  Version: 1.6.0-9.24149.0)
[2026-09-26 05:14:14] JOIN: GlossyHarp91 joined the game (IP: 127.0.0.1)
[2026-09-26 05:14:14] NICK: GlossyHarp91 is now known as Direct-Hosting.4844
[2026-09-26 05:14:55] INFO: Loading 2 account settings to client #1
[2026-09-26 05:15:04] NICK: Direct-Hosting.4844 is now known as Robson_Walton
[2026-09-26 05:20:03] INFO: [JOB-SYSTEM-TRUCKER] Fetched 0 actual orders sucessfully from SQL
==================================================================
= Multi Theft Auto: San Andreas v1.6
==================================================================
= Server name      : Direct Backup V3
= Server IP address: auto
= Server port      : 22221
= 
= Log file         : ../MTA/server/mods/deathmatch/logs/server.log
= Maximum players  : 32
= HTTP port        : 22221
= Voice Chat       : Disabled
= Bandwidth saving : None
==================================================================
[2026-09-26 05:28:47] WARNING: Ignoring duplicate client file in resource 'vrp': 'Imagens/Fundo.png'
[2026-09-26 05:28:47] Resources: 163 loaded, 0 failed
[2026-09-26 05:28:47] Starting resources...
[2026-09-26 05:28:47] [MYSQL] Connected to database 'pdz' at 127.0.0.1:3306
[2026-09-26 05:28:47] Server minclientversion is now 1.6.0-9.24109.0
[2026-09-26 05:28:47] WARNING: hud/c_overlay_top_right.lua(Line 106) [Client] getControlState is deprecated and may not work in future versions. Please replace with getPedControlState.
[2026-09-26 05:28:47] WARNING: hud/c_overlay_bottom_center.lua(Line 90) [Client] getControlState is deprecated and may not work in future versions. Please replace with getPedControlState.
[2026-09-26 05:28:47] Some files in 'hud' use deprecated functions.
[2026-09-26 05:28:47] Use the 'upgrade' command to perform a basic upgrade of resources.
[2026-09-26 05:28:47] WARNING: account/c_main.lua(Line 5) [Client] showPlayerHudComponent is deprecated and may not work in future versions. Please replace with setPlayerHudComponentVisible.
[2026-09-26 05:28:47] WARNING: account/c_main.lua(Line 7) [Client] showPlayerHudComponent is deprecated and may not work in future versions. Please replace with setPlayerHudComponentVisible.
[2026-09-26 05:28:47] WARNING: account/c_main.lua(Line 9) [Client] showPlayerHudComponent is deprecated and may not work in future versions. Please replace with setPlayerHudComponentVisible.
[2026-09-26 05:28:47] WARNING: account/c_main.lua(Line 11) [Client] showPlayerHudComponent is deprecated and may not work in future versions. Please replace with setPlayerHudComponentVisible.
[2026-09-26 05:28:47] WARNING: account/c_main.lua(Line 13) [Client] showPlayerHudComponent is deprecated and may not work in future versions. Please replace with setPlayerHudComponentVisible.
[2026-09-26 05:28:47] WARNING: account/c_main.lua(Line 15) [Client] showPlayerHudComponent is deprecated and may not work in future versions. Please replace with setPlayerHudComponentVisible.
[2026-09-26 05:28:47] WARNING: account/c_main.lua(Line 17) [Client] showPlayerHudComponent is deprecated and may not work in future versions. Please replace with setPlayerHudComponentVisible.
[2026-09-26 05:28:47] WARNING: account/c_main.lua(Line 19) [Client] showPlayerHudComponent is deprecated and may not work in future versions. Please replace with setPlayerHudComponentVisible.
[2026-09-26 05:28:47] WARNING: account/c_main.lua(Line 21) [Client] showPlayerHudComponent is deprecated and may not work in future versions. Please replace with setPlayerHudComponentVisible.
[2026-09-26 05:28:47] WARNING: account/c_main.lua(Line 23) [Client] showPlayerHudComponent is deprecated and may not work in future versions. Please replace with setPlayerHudComponentVisible.
[2026-09-26 05:28:47] WARNING: account/c_main.lua(Line 25) [Client] showPlayerHudComponent is deprecated and may not work in future versions. Please replace with setPlayerHudComponentVisible.
[2026-09-26 05:28:48] WARNING: account/c_characters.lua(Line 13) [Client] showPlayerHudComponent is deprecated and may not work in future versions. Please replace with setPlayerHudComponentVisible.
[2026-09-26 05:28:48] WARNING: account/c_options.lua(Line 519) [Client] setControlState is deprecated and may not work in future versions. Please replace with setPedControlState.
[2026-09-26 05:28:48] Some files in 'account' use deprecated functions.
[2026-09-26 05:28:48] Use the 'upgrade' command to perform a basic upgrade of resources.
[2026-09-26 05:28:48] WARNING: admin-system/Player/s_teleport.lua(Line 123) [Server] setVehicleTurnVelocity is deprecated and may not work in future versions. Please replace with setElementAngularVelocity.
[2026-09-26 05:28:48] WARNING: admin-system/Player/s_teleport.lua(Line 313) [Server] setVehicleTurnVelocity is deprecated and may not work in future versions. Please replace with setElementAngularVelocity.
[2026-09-26 05:28:48] WARNING: admin-system/Player/s_teleport.lua(Line 534) [Server] setVehicleTurnVelocity is deprecated and may not work in future versions. Please replace with setElementAngularVelocity.
[2026-09-26 05:28:48] WARNING: admin-system/Player/s_teleport.lua(Line 792) [Server] setVehicleTurnVelocity is deprecated and may not work in future versions. Please replace with setElementAngularVelocity.
[2026-09-26 05:28:48] WARNING: admin-system/Player/s_teleport.lua(Line 1176) [Server] setVehicleTurnVelocity is deprecated and may not work in future versions. Please replace with setElementAngularVelocity.
[2026-09-26 05:28:48] WARNING: admin-system/Player/s_teleport.lua(Line 1326) [Server] setVehicleTurnVelocity is deprecated and may not work in future versions. Please replace with setElementAngularVelocity.
[2026-09-26 05:28:48] WARNING: admin-system/c_overlay.lua(Line 460) [Client] getControlState is deprecated and may not work in future versions. Please replace with getPedControlState.
[2026-09-26 05:28:48] Some files in 'admin-system' use deprecated functions.
[2026-09-26 05:28:48] Use the 'upgrade' command to perform a basic upgrade of resources.
[2026-09-26 05:28:48] Server password cleared
[2026-09-26 05:28:48] WARNING: driveby/driveby_client.lua(Line 1024) [Client] setControlState is deprecated and may not work in future versions. Please replace with setPedControlState.
[2026-09-26 05:28:48] Some files in 'driveby' use deprecated functions.
[2026-09-26 05:28:48] Use the 'upgrade' command to perform a basic upgrade of resources.
[2026-09-26 05:28:48] WARNING: elevator-system/s_elevator_system.lua(Line 1445) [Server] setVehicleTurnVelocity is deprecated and may not work in future versions. Please replace with setElementAngularVelocity.
[2026-09-26 05:28:48] WARNING: elevator-system/s_elevator_system.lua(Line 1553) [Server] setVehicleTurnVelocity is deprecated and may not work in future versions. Please replace with setElementAngularVelocity.
[2026-09-26 05:28:48] Some files in 'elevator-system' use deprecated functions.
[2026-09-26 05:28:48] Use the 'upgrade' command to perform a basic upgrade of resources.
[2026-09-26 05:28:48] WARNING: fuel-system/s_fuel_peds.lua(Line 2522) [Server] setVehicleTurnVelocity is deprecated and may not work in future versions. Please replace with setElementAngularVelocity.
[2026-09-26 05:28:48] Some files in 'fuel-system' use deprecated functions.
[2026-09-26 05:28:48] Use the 'upgrade' command to perform a basic upgrade of resources.
[2026-09-26 05:28:48] Please wait...
[2026-09-26 05:28:48] WARNING: heligrab/c_heli.lua(Line 756) [Client] getControlState is deprecated and may not work in future versions. Please replace with getPedControlState.
[2026-09-26 05:28:48] Some files in 'heligrab' use deprecated functions.
[2026-09-26 05:28:48] Use the 'upgrade' command to perform a basic upgrade of resources.
[2026-09-26 05:28:49] WARNING: item-system/c_itemchange.lua(Line 9) [Client] showPlayerHudComponent is deprecated and may not work in future versions. Please replace with setPlayerHudComponentVisible.
[2026-09-26 05:28:49] WARNING: item-system/c_itemchange.lua(Line 13) [Client] showPlayerHudComponent is deprecated and may not work in future versions. Please replace with setPlayerHudComponentVisible.
[2026-09-26 05:28:49] Some files in 'item-system' use deprecated functions.
[2026-09-26 05:28:49] Use the 'upgrade' command to perform a basic upgrade of resources.
[2026-09-26 05:28:49] WARNING: item-texture\s_itemtexture.lua:173: Bad argument @ 'getElementsByType' [Expected element at argument 2, got boolean]
[2026-09-26 05:28:49] INFO: item-texture: Loading textures for 0 world items
[2026-09-26 05:28:49] INFO: item-texture: 0 clients waiting on initial sync.
[2026-09-26 05:28:49] INFO: item-texture: 0 textured elements were added for initial sync.
[2026-09-26 05:28:49] INFO: [ITEM WORLD] Loading 0 world items will be finished in approximately 0.05 seconds.
[2026-09-26 05:28:49] WARNING: job-system-trucker/s_trucker_job.lua(Line 2690) [Server] setVehicleTurnVelocity is deprecated and may not work in future versions. Please replace with setElementAngularVelocity.
[2026-09-26 05:28:49] WARNING: job-system-trucker/s_trucker_job.lua(Line 2750) [Server] setVehicleTurnVelocity is deprecated and may not work in future versions. Please replace with setElementAngularVelocity.
[2026-09-26 05:28:49] WARNING: job-system-trucker/s_trucker_job.lua(Line 2810) [Server] setVehicleTurnVelocity is deprecated and may not work in future versions. Please replace with setElementAngularVelocity.
[2026-09-26 05:28:49] WARNING: job-system-trucker/s_trucker_job.lua(Line 2870) [Server] setVehicleTurnVelocity is deprecated and may not work in future versions. Please replace with setElementAngularVelocity.
[2026-09-26 05:28:49] WARNING: job-system-trucker/c_overlay.lua(Line 1166) [Client] getControlState is deprecated and may not work in future versions. Please replace with getPedControlState.
[2026-09-26 05:28:49] Some files in 'job-system-trucker' use deprecated functions.
[2026-09-26 05:28:49] Use the 'upgrade' command to perform a basic upgrade of resources.
[2026-09-26 05:28:49] INFO: [JOB-SYSTEM-TRUCKER] Fetched 2 actual orders sucessfully from SQL
[2026-09-26 05:28:49] WARNING: pd-system/c_policedeagle.lua(Line 437) [Client] getControlState is deprecated and may not work in future versions. Please replace with getPedControlState.
[2026-09-26 05:28:49] WARNING: pd-system/c_policeshotgun.lua(Line 331) [Client] getControlState is deprecated and may not work in future versions. Please replace with getPedControlState.
[2026-09-26 05:28:49] Some files in 'pd-system' use deprecated functions.
[2026-09-26 05:28:49] Use the 'upgrade' command to perform a basic upgrade of resources.
[2026-09-26 05:28:49] WARNING: realism-system/c_backup_bleepers.lua(Line 333) [Client] getControlState is deprecated and may not work in future versions. Please replace with getPedControlState.
[2026-09-26 05:28:49] WARNING: realism-system/c_cruise_control.lua(Line 141) [Client] setControlState is deprecated and may not work in future versions. Please replace with setPedControlState.
[2026-09-26 05:28:49] WARNING: realism-system/c_cruise_control.lua(Line 149) [Client] setControlState is deprecated and may not work in future versions. Please replace with setPedControlState.
[2026-09-26 05:28:49] WARNING: realism-system/c_cruise_control.lua(Line 201) [Client] setControlState is deprecated and may not work in future versions. Please replace with setPedControlState.
[2026-09-26 05:28:49] WARNING: realism-system/c_fpview.lua(Line 439) [Client] getControlState is deprecated and may not work in future versions. Please replace with getPedControlState.
[2026-09-26 05:28:49] WARNING: realism-system/c_fpview.lua(Line 451) [Client] getControlState is deprecated and may not work in future versions. Please replace with getPedControlState.
[2026-09-26 05:28:49] WARNING: realism-system/c_fpview.lua(Line 463) [Client] getControlState is deprecated and may not work in future versions. Please replace with getPedControlState.
[2026-09-26 05:28:49] WARNING: realism-system/c_heli_rotors.lua(Line 17) [Client] getHelicopterRotorSpeed is deprecated and may not work in future versions. Please replace with getVehicleRotorSpeed.
[2026-09-26 05:28:49] WARNING: realism-system/c_heli_rotors.lua(Line 21) [Client] getHelicopterRotorSpeed is deprecated and may not work in future versions. Please replace with getVehicleRotorSpeed.
[2026-09-26 05:28:49] WARNING: realism-system/c_heli_rotors.lua(Line 25) [Client] setHelicopterRotorSpeed is deprecated and may not work in future versions. Please replace with setVehicleRotorSpeed.
[2026-09-26 05:28:49] WARNING: realism-system/c_carrealism.lua(Line 353) [Client] getControlState is deprecated and may not work in future versions. Please replace with getPedControlState.
[2026-09-26 05:28:49] WARNING: realism-system/handbrake_c.lua(Line 217) [Client] getControlState is deprecated and may not work in future versions. Please replace with getPedControlState.
[2026-09-26 05:28:49] WARNING: realism-system/handbrake_c.lua(Line 221) [Client] setControlState is deprecated and may not work in future versions. Please replace with setPedControlState.
[2026-09-26 05:28:49] Some files in 'realism-system' use deprecated functions.
[2026-09-26 05:28:49] Use the 'upgrade' command to perform a basic upgrade of resources.
[2026-09-26 05:28:49] WARNING: report-system/c_external_report_box.lua(Line 265) [Client] getControlState is deprecated and may not work in future versions. Please replace with getPedControlState.
[2026-09-26 05:28:49] WARNING: report-system/c_top_right_box.lua(Line 84) [Client] getControlState is deprecated and may not work in future versions. Please replace with getPedControlState.
[2026-09-26 05:28:49] Some files in 'report-system' use deprecated functions.
[2026-09-26 05:28:49] Use the 'upgrade' command to perform a basic upgrade of resources.
[2026-09-26 05:28:49] INFO: Loaded 0 reports.
[2026-09-26 05:28:49] WARNING: File 'icons/premium.png' in resource 'scoreboard' is invalid.
[2026-09-26 05:28:49] WARNING: File 'icons/booster.png' in resource 'scoreboard' is invalid.
[2026-09-26 05:28:49] WARNING: File 'icons/classic.png' in resource 'scoreboard' is invalid.
[2026-09-26 05:28:49] WARNING: File 'icons/gold_member.png' in resource 'scoreboard' is invalid.
[2026-09-26 05:28:49] WARNING: File 'icons/verified.png' in resource 'scoreboard' is invalid.
[2026-09-26 05:28:49] WARNING: File 'icons/youtuber.png' in resource 'scoreboard' is invalid.
[2026-09-26 05:28:49] WARNING: shop-system/s_generalshop_system.lua(Line 672) [Server] setVehicleTurnVelocity is deprecated and may not work in future versions. Please replace with setElementAngularVelocity.
[2026-09-26 05:28:49] Some files in 'shop-system' use deprecated functions.
[2026-09-26 05:28:49] Use the 'upgrade' command to perform a basic upgrade of resources.
[2026-09-26 05:28:49] WARNING: spike-system/c_spikes.lua(Line 93) [Client] getVehicleTurnVelocity is deprecated and may not work in future versions. Please replace with getElementAngularVelocity.
[2026-09-26 05:28:49] WARNING: spike-system/c_spikes.lua(Line 97) [Client] setVehicleTurnVelocity is deprecated and may not work in future versions. Please replace with setElementAngularVelocity.
[2026-09-26 05:28:49] Some files in 'spike-system' use deprecated functions.
[2026-09-26 05:28:49] Use the 'upgrade' command to perform a basic upgrade of resources.
[2026-09-26 05:28:50] WARNING: vehicle-interiors/s_vehicle_interiors.lua(Line 1936) [Server] setVehicleTurnVelocity is deprecated and may not work in future versions. Please replace with setElementAngularVelocity.
[2026-09-26 05:28:50] Some files in 'vehicle-interiors' use deprecated functions.
[2026-09-26 05:28:50] Use the 'upgrade' command to perform a basic upgrade of resources.
[2026-09-26 05:28:50] WARNING: superman/c_superman.lua(Line 1352) [Client] getControlState is deprecated and may not work in future versions. Please replace with getPedControlState.
[2026-09-26 05:28:50] WARNING: superman/c_superman.lua(Line 1391) [Client] getControlState is deprecated and may not work in future versions. Please replace with getPedControlState.
[2026-09-26 05:28:50] WARNING: superman/c_superman.lua(Line 1399) [Client] getControlState is deprecated and may not work in future versions. Please replace with getPedControlState.
[2026-09-26 05:28:50] WARNING: superman/c_superman.lua(Line 1415) [Client] getControlState is deprecated and may not work in future versions. Please replace with getPedControlState.
[2026-09-26 05:28:50] WARNING: superman/c_superman.lua(Line 1423) [Client] getControlState is deprecated and may not work in future versions. Please replace with getPedControlState.
[2026-09-26 05:28:50] WARNING: superman/c_superman.lua(Line 1459) [Client] getControlState is deprecated and may not work in future versions. Please replace with getPedControlState.
[2026-09-26 05:28:50] WARNING: superman/c_superman.lua(Line 1487) [Client] getControlState is deprecated and may not work in future versions. Please replace with getPedControlState.
[2026-09-26 05:28:50] WARNING: superman/c_superman.lua(Line 1499) [Client] getControlState is deprecated and may not work in future versions. Please replace with getPedControlState.
[2026-09-26 05:28:50] WARNING: superman/c_superman.lua(Line 2094) [Client] getControlState is deprecated and may not work in future versions. Please replace with getPedControlState.
[2026-09-26 05:28:50] Some files in 'superman' use deprecated functions.
[2026-09-26 05:28:50] Use the 'upgrade' command to perform a basic upgrade of resources.
[2026-09-26 05:28:50] WARNING: gate-manager/s_gate_manager.lua(Line 802) [Server] setVehicleTurnVelocity is deprecated and may not work in future versions. Please replace with setElementAngularVelocity.
[2026-09-26 05:28:50] Some files in 'gate-manager' use deprecated functions.
[2026-09-26 05:28:50] Use the 'upgrade' command to perform a basic upgrade of resources.
[2026-09-26 05:28:51] WARNING: sfia/s_airtrack.lua(Line 227) [Server] showPlayerHudComponent is deprecated and may not work in future versions. Please replace with setPlayerHudComponentVisible.
[2026-09-26 05:28:51] WARNING: sfia/s_airtrack.lua(Line 263) [Server] showPlayerHudComponent is deprecated and may not work in future versions. Please replace with setPlayerHudComponentVisible.
[2026-09-26 05:28:51] Some files in 'sfia' use deprecated functions.
[2026-09-26 05:28:51] Use the 'upgrade' command to perform a basic upgrade of resources.
[2026-09-26 05:28:51] WARNING: vehicle-manager/s_vehicle_commands.lua(Line 789) [Server] setVehicleTurnVelocity is deprecated and may not work in future versions. Please replace with setElementAngularVelocity.
[2026-09-26 05:28:51] Some files in 'vehicle-manager' use deprecated functions.
[2026-09-26 05:28:51] Use the 'upgrade' command to perform a basic upgrade of resources.
[2026-09-26 05:28:51] INFO: Loaded 0 texture records for all interiors in 0ms
[2026-09-26 05:28:51] WARNING: announcement/client.lua(Line 76) [Client] getControlState is deprecated and may not work in future versions. Please replace with getPedControlState.
[2026-09-26 05:28:51] Some files in 'announcement' use deprecated functions.
[2026-09-26 05:28:51] Use the 'upgrade' command to perform a basic upgrade of resources.
[2026-09-26 05:28:51] INFO: LeFire Script loaded ...
[2026-09-26 05:28:51] INFO: Loaded 0 animated texture records in 0ms
[2026-09-26 05:28:52] INFO: PRISON-SYSTEM: Loaded 24 cell gates from s_gates.lua
[2026-09-26 05:28:52] WARNING: vrp/client.lua(Line 246) [Client] showPlayerHudComponent is deprecated and may not work in future versions. Please replace with setPlayerHudComponentVisible.
[2026-09-26 05:28:52] Some files in 'vrp' use deprecated functions.
[2026-09-26 05:28:52] Use the 'upgrade' command to perform a basic upgrade of resources.
[2026-09-26 05:28:52] Querying MTA master server... success! (Auto detected IP:185.225.40.32)
[2026-09-26 05:28:52] Authorized serial account protection is enabled for the ACL group(s): `Admin`  See http://multitheftauto.com/authserial
[2026-09-26 05:28:52] WARNING: <owner_email_address> not set
[2026-09-26 05:28:52] Server started and is ready to accept connections!
[2026-09-26 05:28:52] To stop the server, type 'shutdown' or press Ctrl-C
[2026-09-26 05:28:52] Type 'help' for a list of commands.
[2026-09-26 05:28:55] INFO: [WEATHER] / Line 57 / SQL Settings for weather successfully altered.
[2026-09-26 05:29:18] INFO: [ELEVATOR] Spawning 0 elevators will be finished in approx. 0 seconds.
[2026-09-26 05:29:49] Stopping item-texture
[2026-09-26 05:29:49] Starting item-texture
[2026-09-26 05:29:49] INFO: item-texture: Loading textures for 0 world items
[2026-09-26 05:29:49] INFO: item-texture: 0 clients waiting on initial sync.
[2026-09-26 05:29:49] INFO: item-texture: 0 textured elements were added for initial sync.
[2026-09-26 05:29:49] item-texture restarted successfully
[2026-09-26 05:34:29] CONNECT: GlossyHarp91 connected (IP: 127.0.0.1  Serial: 5476DADC39B41BA9B017E8EF2EE22433  Version: 1.6.0-9.24149.0)
[2026-09-26 05:34:29] JOIN: GlossyHarp91 joined the game (IP: 127.0.0.1)
[2026-09-26 05:34:29] NICK: GlossyHarp91 is now known as Direct-Hosting.6694
[2026-09-26 05:34:55] INFO: Loading 2 account settings to client #1
[2026-09-26 05:35:03] NICK: Direct-Hosting.6694 is now known as Robson_Walton
[2026-09-26 05:38:49] INFO: [JOB-SYSTEM-TRUCKER] Fetched 0 actual orders sucessfully from SQL
==================================================================
= Multi Theft Auto: San Andreas v1.6
==================================================================
= Server name      : Direct Backup V3
= Server IP address: auto
= Server port      : 22221
= 
= Log file         : ../MTA/server/mods/deathmatch/logs/server.log
= Maximum players  : 32
= HTTP port        : 22221
= Voice Chat       : Disabled
= Bandwidth saving : None
==================================================================
[2026-09-26 05:42:26] WARNING: Ignoring duplicate client file in resource 'vrp': 'Imagens/Fundo.png'
[2026-09-26 05:42:26] Resources: 163 loaded, 0 failed
[2026-09-26 05:42:26] Starting resources...
[2026-09-26 05:42:26] [MYSQL] Connected to database 'pdz' at 127.0.0.1:3306
[2026-09-26 05:42:26] Server minclientversion is now 1.6.0-9.24109.0
[2026-09-26 05:42:26] WARNING: hud/c_overlay_top_right.lua(Line 106) [Client] getControlState is deprecated and may not work in future versions. Please replace with getPedControlState.
[2026-09-26 05:42:26] WARNING: hud/c_overlay_bottom_center.lua(Line 90) [Client] getControlState is deprecated and may not work in future versions. Please replace with getPedControlState.
[2026-09-26 05:42:26] Some files in 'hud' use deprecated functions.
[2026-09-26 05:42:26] Use the 'upgrade' command to perform a basic upgrade of resources.
[2026-09-26 05:42:27] WARNING: account/c_main.lua(Line 5) [Client] showPlayerHudComponent is deprecated and may not work in future versions. Please replace with setPlayerHudComponentVisible.
[2026-09-26 05:42:27] WARNING: account/c_main.lua(Line 7) [Client] showPlayerHudComponent is deprecated and may not work in future versions. Please replace with setPlayerHudComponentVisible.
[2026-09-26 05:42:27] WARNING: account/c_main.lua(Line 9) [Client] showPlayerHudComponent is deprecated and may not work in future versions. Please replace with setPlayerHudComponentVisible.
[2026-09-26 05:42:27] WARNING: account/c_main.lua(Line 11) [Client] showPlayerHudComponent is deprecated and may not work in future versions. Please replace with setPlayerHudComponentVisible.
[2026-09-26 05:42:27] WARNING: account/c_main.lua(Line 13) [Client] showPlayerHudComponent is deprecated and may not work in future versions. Please replace with setPlayerHudComponentVisible.
[2026-09-26 05:42:27] WARNING: account/c_main.lua(Line 15) [Client] showPlayerHudComponent is deprecated and may not work in future versions. Please replace with setPlayerHudComponentVisible.
[2026-09-26 05:42:27] WARNING: account/c_main.lua(Line 17) [Client] showPlayerHudComponent is deprecated and may not work in future versions. Please replace with setPlayerHudComponentVisible.
[2026-09-26 05:42:27] WARNING: account/c_main.lua(Line 19) [Client] showPlayerHudComponent is deprecated and may not work in future versions. Please replace with setPlayerHudComponentVisible.
[2026-09-26 05:42:27] WARNING: account/c_main.lua(Line 21) [Client] showPlayerHudComponent is deprecated and may not work in future versions. Please replace with setPlayerHudComponentVisible.
[2026-09-26 05:42:27] WARNING: account/c_main.lua(Line 23) [Client] showPlayerHudComponent is deprecated and may not work in future versions. Please replace with setPlayerHudComponentVisible.
[2026-09-26 05:42:27] WARNING: account/c_main.lua(Line 25) [Client] showPlayerHudComponent is deprecated and may not work in future versions. Please replace with setPlayerHudComponentVisible.
[2026-09-26 05:42:27] WARNING: account/c_characters.lua(Line 13) [Client] showPlayerHudComponent is deprecated and may not work in future versions. Please replace with setPlayerHudComponentVisible.
[2026-09-26 05:42:27] WARNING: account/c_options.lua(Line 519) [Client] setControlState is deprecated and may not work in future versions. Please replace with setPedControlState.
[2026-09-26 05:42:27] Some files in 'account' use deprecated functions.
[2026-09-26 05:42:27] Use the 'upgrade' command to perform a basic upgrade of resources.
[2026-09-26 05:42:27] WARNING: admin-system/Player/s_teleport.lua(Line 123) [Server] setVehicleTurnVelocity is deprecated and may not work in future versions. Please replace with setElementAngularVelocity.
[2026-09-26 05:42:27] WARNING: admin-system/Player/s_teleport.lua(Line 313) [Server] setVehicleTurnVelocity is deprecated and may not work in future versions. Please replace with setElementAngularVelocity.
[2026-09-26 05:42:27] WARNING: admin-system/Player/s_teleport.lua(Line 534) [Server] setVehicleTurnVelocity is deprecated and may not work in future versions. Please replace with setElementAngularVelocity.
[2026-09-26 05:42:27] WARNING: admin-system/Player/s_teleport.lua(Line 792) [Server] setVehicleTurnVelocity is deprecated and may not work in future versions. Please replace with setElementAngularVelocity.
[2026-09-26 05:42:27] WARNING: admin-system/Player/s_teleport.lua(Line 1176) [Server] setVehicleTurnVelocity is deprecated and may not work in future versions. Please replace with setElementAngularVelocity.
[2026-09-26 05:42:27] WARNING: admin-system/Player/s_teleport.lua(Line 1326) [Server] setVehicleTurnVelocity is deprecated and may not work in future versions. Please replace with setElementAngularVelocity.
[2026-09-26 05:42:27] WARNING: admin-system/c_overlay.lua(Line 460) [Client] getControlState is deprecated and may not work in future versions. Please replace with getPedControlState.
[2026-09-26 05:42:27] Some files in 'admin-system' use deprecated functions.
[2026-09-26 05:42:27] Use the 'upgrade' command to perform a basic upgrade of resources.
[2026-09-26 05:42:27] Server password cleared
[2026-09-26 05:42:27] WARNING: driveby/driveby_client.lua(Line 1024) [Client] setControlState is deprecated and may not work in future versions. Please replace with setPedControlState.
[2026-09-26 05:42:27] Some files in 'driveby' use deprecated functions.
[2026-09-26 05:42:27] Use the 'upgrade' command to perform a basic upgrade of resources.
[2026-09-26 05:42:27] WARNING: elevator-system/s_elevator_system.lua(Line 1445) [Server] setVehicleTurnVelocity is deprecated and may not work in future versions. Please replace with setElementAngularVelocity.
[2026-09-26 05:42:27] WARNING: elevator-system/s_elevator_system.lua(Line 1553) [Server] setVehicleTurnVelocity is deprecated and may not work in future versions. Please replace with setElementAngularVelocity.
[2026-09-26 05:42:27] Some files in 'elevator-system' use deprecated functions.
[2026-09-26 05:42:27] Use the 'upgrade' command to perform a basic upgrade of resources.
[2026-09-26 05:42:28] WARNING: fuel-system/s_fuel_peds.lua(Line 2522) [Server] setVehicleTurnVelocity is deprecated and may not work in future versions. Please replace with setElementAngularVelocity.
[2026-09-26 05:42:28] Some files in 'fuel-system' use deprecated functions.
[2026-09-26 05:42:28] Use the 'upgrade' command to perform a basic upgrade of resources.
[2026-09-26 05:42:28] Please wait...
[2026-09-26 05:42:28] WARNING: heligrab/c_heli.lua(Line 756) [Client] getControlState is deprecated and may not work in future versions. Please replace with getPedControlState.
[2026-09-26 05:42:28] Some files in 'heligrab' use deprecated functions.
[2026-09-26 05:42:28] Use the 'upgrade' command to perform a basic upgrade of resources.
[2026-09-26 05:42:28] WARNING: item-system/c_itemchange.lua(Line 9) [Client] showPlayerHudComponent is deprecated and may not work in future versions. Please replace with setPlayerHudComponentVisible.
[2026-09-26 05:42:28] WARNING: item-system/c_itemchange.lua(Line 13) [Client] showPlayerHudComponent is deprecated and may not work in future versions. Please replace with setPlayerHudComponentVisible.
[2026-09-26 05:42:28] Some files in 'item-system' use deprecated functions.
[2026-09-26 05:42:28] Use the 'upgrade' command to perform a basic upgrade of resources.
[2026-09-26 05:42:28] WARNING: item-texture\s_itemtexture.lua:173: Bad argument @ 'getElementsByType' [Expected element at argument 2, got boolean]
[2026-09-26 05:42:28] INFO: item-texture: Loading textures for 0 world items
[2026-09-26 05:42:28] INFO: item-texture: 0 clients waiting on initial sync.
[2026-09-26 05:42:28] INFO: item-texture: 0 textured elements were added for initial sync.
[2026-09-26 05:42:28] INFO: [ITEM WORLD] Loading 0 world items will be finished in approximately 0.05 seconds.
[2026-09-26 05:42:28] WARNING: job-system-trucker/s_trucker_job.lua(Line 2690) [Server] setVehicleTurnVelocity is deprecated and may not work in future versions. Please replace with setElementAngularVelocity.
[2026-09-26 05:42:28] WARNING: job-system-trucker/s_trucker_job.lua(Line 2750) [Server] setVehicleTurnVelocity is deprecated and may not work in future versions. Please replace with setElementAngularVelocity.
[2026-09-26 05:42:28] WARNING: job-system-trucker/s_trucker_job.lua(Line 2810) [Server] setVehicleTurnVelocity is deprecated and may not work in future versions. Please replace with setElementAngularVelocity.
[2026-09-26 05:42:28] WARNING: job-system-trucker/s_trucker_job.lua(Line 2870) [Server] setVehicleTurnVelocity is deprecated and may not work in future versions. Please replace with setElementAngularVelocity.
[2026-09-26 05:42:28] WARNING: job-system-trucker/c_overlay.lua(Line 1166) [Client] getControlState is deprecated and may not work in future versions. Please replace with getPedControlState.
[2026-09-26 05:42:28] Some files in 'job-system-trucker' use deprecated functions.
[2026-09-26 05:42:28] Use the 'upgrade' command to perform a basic upgrade of resources.
[2026-09-26 05:42:28] INFO: [JOB-SYSTEM-TRUCKER] Fetched 2 actual orders sucessfully from SQL
[2026-09-26 05:42:28] WARNING: pd-system/c_policedeagle.lua(Line 437) [Client] getControlState is deprecated and may not work in future versions. Please replace with getPedControlState.
[2026-09-26 05:42:28] WARNING: pd-system/c_policeshotgun.lua(Line 331) [Client] getControlState is deprecated and may not work in future versions. Please replace with getPedControlState.
[2026-09-26 05:42:28] Some files in 'pd-system' use deprecated functions.
[2026-09-26 05:42:28] Use the 'upgrade' command to perform a basic upgrade of resources.
[2026-09-26 05:42:29] WARNING: realism-system/c_backup_bleepers.lua(Line 333) [Client] getControlState is deprecated and may not work in future versions. Please replace with getPedControlState.
[2026-09-26 05:42:29] WARNING: realism-system/c_cruise_control.lua(Line 141) [Client] setControlState is deprecated and may not work in future versions. Please replace with setPedControlState.
[2026-09-26 05:42:29] WARNING: realism-system/c_cruise_control.lua(Line 149) [Client] setControlState is deprecated and may not work in future versions. Please replace with setPedControlState.
[2026-09-26 05:42:29] WARNING: realism-system/c_cruise_control.lua(Line 201) [Client] setControlState is deprecated and may not work in future versions. Please replace with setPedControlState.
[2026-09-26 05:42:29] WARNING: realism-system/c_fpview.lua(Line 439) [Client] getControlState is deprecated and may not work in future versions. Please replace with getPedControlState.
[2026-09-26 05:42:29] WARNING: realism-system/c_fpview.lua(Line 451) [Client] getControlState is deprecated and may not work in future versions. Please replace with getPedControlState.
[2026-09-26 05:42:29] WARNING: realism-system/c_fpview.lua(Line 463) [Client] getControlState is deprecated and may not work in future versions. Please replace with getPedControlState.
[2026-09-26 05:42:29] WARNING: realism-system/c_heli_rotors.lua(Line 17) [Client] getHelicopterRotorSpeed is deprecated and may not work in future versions. Please replace with getVehicleRotorSpeed.
[2026-09-26 05:42:29] WARNING: realism-system/c_heli_rotors.lua(Line 21) [Client] getHelicopterRotorSpeed is deprecated and may not work in future versions. Please replace with getVehicleRotorSpeed.
[2026-09-26 05:42:29] WARNING: realism-system/c_heli_rotors.lua(Line 25) [Client] setHelicopterRotorSpeed is deprecated and may not work in future versions. Please replace with setVehicleRotorSpeed.
[2026-09-26 05:42:29] WARNING: realism-system/c_carrealism.lua(Line 353) [Client] getControlState is deprecated and may not work in future versions. Please replace with getPedControlState.
[2026-09-26 05:42:29] WARNING: realism-system/handbrake_c.lua(Line 217) [Client] getControlState is deprecated and may not work in future versions. Please replace with getPedControlState.
[2026-09-26 05:42:29] WARNING: realism-system/handbrake_c.lua(Line 221) [Client] setControlState is deprecated and may not work in future versions. Please replace with setPedControlState.
[2026-09-26 05:42:29] Some files in 'realism-system' use deprecated functions.
[2026-09-26 05:42:29] Use the 'upgrade' command to perform a basic upgrade of resources.
[2026-09-26 05:42:29] WARNING: report-system/c_external_report_box.lua(Line 265) [Client] getControlState is deprecated and may not work in future versions. Please replace with getPedControlState.
[2026-09-26 05:42:29] WARNING: report-system/c_top_right_box.lua(Line 84) [Client] getControlState is deprecated and may not work in future versions. Please replace with getPedControlState.
[2026-09-26 05:42:29] Some files in 'report-system' use deprecated functions.
[2026-09-26 05:42:29] Use the 'upgrade' command to perform a basic upgrade of resources.
[2026-09-26 05:42:29] INFO: Loaded 0 reports.
[2026-09-26 05:42:29] WARNING: File 'icons/premium.png' in resource 'scoreboard' is invalid.
[2026-09-26 05:42:29] WARNING: File 'icons/booster.png' in resource 'scoreboard' is invalid.
[2026-09-26 05:42:29] WARNING: File 'icons/classic.png' in resource 'scoreboard' is invalid.
[2026-09-26 05:42:29] WARNING: File 'icons/gold_member.png' in resource 'scoreboard' is invalid.
[2026-09-26 05:42:29] WARNING: File 'icons/verified.png' in resource 'scoreboard' is invalid.
[2026-09-26 05:42:29] WARNING: File 'icons/youtuber.png' in resource 'scoreboard' is invalid.
[2026-09-26 05:42:29] WARNING: shop-system/s_generalshop_system.lua(Line 672) [Server] setVehicleTurnVelocity is deprecated and may not work in future versions. Please replace with setElementAngularVelocity.
[2026-09-26 05:42:29] Some files in 'shop-system' use deprecated functions.
[2026-09-26 05:42:29] Use the 'upgrade' command to perform a basic upgrade of resources.
[2026-09-26 05:42:29] WARNING: spike-system/c_spikes.lua(Line 93) [Client] getVehicleTurnVelocity is deprecated and may not work in future versions. Please replace with getElementAngularVelocity.
[2026-09-26 05:42:29] WARNING: spike-system/c_spikes.lua(Line 97) [Client] setVehicleTurnVelocity is deprecated and may not work in future versions. Please replace with setElementAngularVelocity.
[2026-09-26 05:42:29] Some files in 'spike-system' use deprecated functions.
[2026-09-26 05:42:29] Use the 'upgrade' command to perform a basic upgrade of resources.
[2026-09-26 05:42:29] WARNING: vehicle-interiors/s_vehicle_interiors.lua(Line 1936) [Server] setVehicleTurnVelocity is deprecated and may not work in future versions. Please replace with setElementAngularVelocity.
[2026-09-26 05:42:29] Some files in 'vehicle-interiors' use deprecated functions.
[2026-09-26 05:42:29] Use the 'upgrade' command to perform a basic upgrade of resources.
[2026-09-26 05:42:30] WARNING: superman/c_superman.lua(Line 1352) [Client] getControlState is deprecated and may not work in future versions. Please replace with getPedControlState.
[2026-09-26 05:42:30] WARNING: superman/c_superman.lua(Line 1391) [Client] getControlState is deprecated and may not work in future versions. Please replace with getPedControlState.
[2026-09-26 05:42:30] WARNING: superman/c_superman.lua(Line 1399) [Client] getControlState is deprecated and may not work in future versions. Please replace with getPedControlState.
[2026-09-26 05:42:30] WARNING: superman/c_superman.lua(Line 1415) [Client] getControlState is deprecated and may not work in future versions. Please replace with getPedControlState.
[2026-09-26 05:42:30] WARNING: superman/c_superman.lua(Line 1423) [Client] getControlState is deprecated and may not work in future versions. Please replace with getPedControlState.
[2026-09-26 05:42:30] WARNING: superman/c_superman.lua(Line 1459) [Client] getControlState is deprecated and may not work in future versions. Please replace with getPedControlState.
[2026-09-26 05:42:30] WARNING: superman/c_superman.lua(Line 1487) [Client] getControlState is deprecated and may not work in future versions. Please replace with getPedControlState.
[2026-09-26 05:42:30] WARNING: superman/c_superman.lua(Line 1499) [Client] getControlState is deprecated and may not work in future versions. Please replace with getPedControlState.
[2026-09-26 05:42:30] WARNING: superman/c_superman.lua(Line 2094) [Client] getControlState is deprecated and may not work in future versions. Please replace with getPedControlState.
[2026-09-26 05:42:30] Some files in 'superman' use deprecated functions.
[2026-09-26 05:42:30] Use the 'upgrade' command to perform a basic upgrade of resources.
[2026-09-26 05:42:30] WARNING: gate-manager/s_gate_manager.lua(Line 802) [Server] setVehicleTurnVelocity is deprecated and may not work in future versions. Please replace with setElementAngularVelocity.
[2026-09-26 05:42:30] Some files in 'gate-manager' use deprecated functions.
[2026-09-26 05:42:30] Use the 'upgrade' command to perform a basic upgrade of resources.
[2026-09-26 05:42:30] WARNING: sfia/s_airtrack.lua(Line 227) [Server] showPlayerHudComponent is deprecated and may not work in future versions. Please replace with setPlayerHudComponentVisible.
[2026-09-26 05:42:30] WARNING: sfia/s_airtrack.lua(Line 263) [Server] showPlayerHudComponent is deprecated and may not work in future versions. Please replace with setPlayerHudComponentVisible.
[2026-09-26 05:42:30] Some files in 'sfia' use deprecated functions.
[2026-09-26 05:42:30] Use the 'upgrade' command to perform a basic upgrade of resources.
[2026-09-26 05:42:30] WARNING: vehicle-manager/s_vehicle_commands.lua(Line 789) [Server] setVehicleTurnVelocity is deprecated and may not work in future versions. Please replace with setElementAngularVelocity.
[2026-09-26 05:42:30] Some files in 'vehicle-manager' use deprecated functions.
[2026-09-26 05:42:30] Use the 'upgrade' command to perform a basic upgrade of resources.
[2026-09-26 05:42:31] INFO: Loaded 0 texture records for all interiors in 0ms
[2026-09-26 05:42:31] WARNING: announcement/client.lua(Line 76) [Client] getControlState is deprecated and may not work in future versions. Please replace with getPedControlState.
[2026-09-26 05:42:31] Some files in 'announcement' use deprecated functions.
[2026-09-26 05:42:31] Use the 'upgrade' command to perform a basic upgrade of resources.
[2026-09-26 05:42:31] INFO: LeFire Script loaded ...
[2026-09-26 05:42:31] INFO: Loaded 0 animated texture records in 0ms
[2026-09-26 05:42:31] INFO: PRISON-SYSTEM: Loaded 24 cell gates from s_gates.lua
[2026-09-26 05:42:31] WARNING: vrp/client.lua(Line 246) [Client] showPlayerHudComponent is deprecated and may not work in future versions. Please replace with setPlayerHudComponentVisible.
[2026-09-26 05:42:31] Some files in 'vrp' use deprecated functions.
[2026-09-26 05:42:31] Use the 'upgrade' command to perform a basic upgrade of resources.
[2026-09-26 05:42:31] Querying MTA master server... success! (Auto detected IP:185.225.40.32)
[2026-09-26 05:42:31] Authorized serial account protection is enabled for the ACL group(s): `Admin`  See http://multitheftauto.com/authserial
[2026-09-26 05:42:31] WARNING: <owner_email_address> not set
[2026-09-26 05:42:31] Server started and is ready to accept connections!
[2026-09-26 05:42:31] To stop the server, type 'shutdown' or press Ctrl-C
[2026-09-26 05:42:31] Type 'help' for a list of commands.
[2026-09-26 05:42:34] INFO: [WEATHER] / Line 57 / SQL Settings for weather successfully altered.
[2026-09-26 05:42:40] CONNECT: GlossyHarp91 connected (IP: 127.0.0.1  Serial: 5476DADC39B41BA9B017E8EF2EE22433  Version: 1.6.0-9.24149.0)
[2026-09-26 05:42:40] JOIN: GlossyHarp91 joined the game (IP: 127.0.0.1)
[2026-09-26 05:42:40] NICK: GlossyHarp91 is now known as Direct-Hosting.6694
[2026-09-26 05:42:47] WARNING: Long execution (maps)
[2026-09-26 05:42:57] INFO: [ELEVATOR] Spawning 0 elevators will be finished in approx. 0 seconds.
[2026-09-26 05:43:00] CONNECT: GlossyHarp91 failed to connect (Serial already in use) (IP: 127.0.0.1  Serial: 5476DADC39B41BA9B017E8EF2EE22433  Version: 1.6.0-9.24149.0)
[2026-09-26 05:43:04] CONNECT: GlossyHarp91 failed to connect (Serial already in use) (IP: 127.0.0.1  Serial: 5476DADC39B41BA9B017E8EF2EE22433  Version: 1.6.0-9.24149.0)
[2026-09-26 05:43:08] INFO: Direct-Hosting.6694 (127.0.0.1) connection gone away
[2026-09-26 05:43:08] QUIT: Direct-Hosting.6694 left the game [Timed out] 
[2026-09-26 05:43:08] CONNECT: GlossyHarp91 connected (IP: 127.0.0.1  Serial: 5476DADC39B41BA9B017E8EF2EE22433  Version: 1.6.0-9.24149.0)
[2026-09-26 05:43:08] JOIN: GlossyHarp91 joined the game (IP: 127.0.0.1)
[2026-09-26 05:43:08] NICK: GlossyHarp91 is now known as Direct-Hosting.9616
[2026-09-26 05:43:28] Stopping item-texture
[2026-09-26 05:43:28] Starting item-texture
[2026-09-26 05:43:28] INFO: item-texture: Loading textures for 0 world items
[2026-09-26 05:43:28] INFO: item-texture: 0 clients waiting on initial sync.
[2026-09-26 05:43:28] INFO: item-texture: 0 textured elements were added for initial sync.
[2026-09-26 05:43:28] item-texture restarted successfully
[2026-09-26 05:43:35] INFO: Loading 2 account settings to client #1
[2026-09-26 05:43:42] NICK: Direct-Hosting.9616 is now known as Robson_Walton
==================================================================
= Multi Theft Auto: San Andreas v1.6
==================================================================
= Server name      : Direct Backup V3
= Server IP address: auto
= Server port      : 22221
= 
= Log file         : ../MTA/server/mods/deathmatch/logs/server.log
= Maximum players  : 32
= HTTP port        : 22221
= Voice Chat       : Disabled
= Bandwidth saving : None
==================================================================
[2026-09-26 05:49:50] WARNING: Ignoring duplicate client file in resource 'vrp': 'Imagens/Fundo.png'
[2026-09-26 05:49:50] Resources: 163 loaded, 0 failed
[2026-09-26 05:49:50] Starting resources...
[2026-09-26 05:49:50] [MYSQL] Connected to database 'pdz' at 127.0.0.1:3306
[2026-09-26 05:49:50] Server minclientversion is now 1.6.0-9.24109.0
[2026-09-26 05:49:50] WARNING: hud/c_overlay_top_right.lua(Line 106) [Client] getControlState is deprecated and may not work in future versions. Please replace with getPedControlState.
[2026-09-26 05:49:50] WARNING: hud/c_overlay_bottom_center.lua(Line 90) [Client] getControlState is deprecated and may not work in future versions. Please replace with getPedControlState.
[2026-09-26 05:49:50] Some files in 'hud' use deprecated functions.
[2026-09-26 05:49:50] Use the 'upgrade' command to perform a basic upgrade of resources.
[2026-09-26 05:49:51] WARNING: account/c_main.lua(Line 5) [Client] showPlayerHudComponent is deprecated and may not work in future versions. Please replace with setPlayerHudComponentVisible.
[2026-09-26 05:49:51] WARNING: account/c_main.lua(Line 7) [Client] showPlayerHudComponent is deprecated and may not work in future versions. Please replace with setPlayerHudComponentVisible.
[2026-09-26 05:49:51] WARNING: account/c_main.lua(Line 9) [Client] showPlayerHudComponent is deprecated and may not work in future versions. Please replace with setPlayerHudComponentVisible.
[2026-09-26 05:49:51] WARNING: account/c_main.lua(Line 11) [Client] showPlayerHudComponent is deprecated and may not work in future versions. Please replace with setPlayerHudComponentVisible.
[2026-09-26 05:49:51] WARNING: account/c_main.lua(Line 13) [Client] showPlayerHudComponent is deprecated and may not work in future versions. Please replace with setPlayerHudComponentVisible.
[2026-09-26 05:49:51] WARNING: account/c_main.lua(Line 15) [Client] showPlayerHudComponent is deprecated and may not work in future versions. Please replace with setPlayerHudComponentVisible.
[2026-09-26 05:49:51] WARNING: account/c_main.lua(Line 17) [Client] showPlayerHudComponent is deprecated and may not work in future versions. Please replace with setPlayerHudComponentVisible.
[2026-09-26 05:49:51] WARNING: account/c_main.lua(Line 19) [Client] showPlayerHudComponent is deprecated and may not work in future versions. Please replace with setPlayerHudComponentVisible.
[2026-09-26 05:49:51] WARNING: account/c_main.lua(Line 21) [Client] showPlayerHudComponent is deprecated and may not work in future versions. Please replace with setPlayerHudComponentVisible.
[2026-09-26 05:49:51] WARNING: account/c_main.lua(Line 23) [Client] showPlayerHudComponent is deprecated and may not work in future versions. Please replace with setPlayerHudComponentVisible.
[2026-09-26 05:49:51] WARNING: account/c_main.lua(Line 25) [Client] showPlayerHudComponent is deprecated and may not work in future versions. Please replace with setPlayerHudComponentVisible.
[2026-09-26 05:49:51] WARNING: account/c_characters.lua(Line 13) [Client] showPlayerHudComponent is deprecated and may not work in future versions. Please replace with setPlayerHudComponentVisible.
[2026-09-26 05:49:51] WARNING: account/c_options.lua(Line 519) [Client] setControlState is deprecated and may not work in future versions. Please replace with setPedControlState.
[2026-09-26 05:49:51] Some files in 'account' use deprecated functions.
[2026-09-26 05:49:51] Use the 'upgrade' command to perform a basic upgrade of resources.
[2026-09-26 05:49:51] WARNING: admin-system/Player/s_teleport.lua(Line 123) [Server] setVehicleTurnVelocity is deprecated and may not work in future versions. Please replace with setElementAngularVelocity.
[2026-09-26 05:49:51] WARNING: admin-system/Player/s_teleport.lua(Line 313) [Server] setVehicleTurnVelocity is deprecated and may not work in future versions. Please replace with setElementAngularVelocity.
[2026-09-26 05:49:51] WARNING: admin-system/Player/s_teleport.lua(Line 534) [Server] setVehicleTurnVelocity is deprecated and may not work in future versions. Please replace with setElementAngularVelocity.
[2026-09-26 05:49:51] WARNING: admin-system/Player/s_teleport.lua(Line 792) [Server] setVehicleTurnVelocity is deprecated and may not work in future versions. Please replace with setElementAngularVelocity.
[2026-09-26 05:49:51] WARNING: admin-system/Player/s_teleport.lua(Line 1176) [Server] setVehicleTurnVelocity is deprecated and may not work in future versions. Please replace with setElementAngularVelocity.
[2026-09-26 05:49:51] WARNING: admin-system/Player/s_teleport.lua(Line 1326) [Server] setVehicleTurnVelocity is deprecated and may not work in future versions. Please replace with setElementAngularVelocity.
[2026-09-26 05:49:51] WARNING: admin-system/c_overlay.lua(Line 460) [Client] getControlState is deprecated and may not work in future versions. Please replace with getPedControlState.
[2026-09-26 05:49:51] Some files in 'admin-system' use deprecated functions.
[2026-09-26 05:49:51] Use the 'upgrade' command to perform a basic upgrade of resources.
[2026-09-26 05:49:51] Server password cleared
[2026-09-26 05:49:51] WARNING: driveby/driveby_client.lua(Line 1024) [Client] setControlState is deprecated and may not work in future versions. Please replace with setPedControlState.
[2026-09-26 05:49:51] Some files in 'driveby' use deprecated functions.
[2026-09-26 05:49:51] Use the 'upgrade' command to perform a basic upgrade of resources.
[2026-09-26 05:49:51] WARNING: elevator-system/s_elevator_system.lua(Line 1445) [Server] setVehicleTurnVelocity is deprecated and may not work in future versions. Please replace with setElementAngularVelocity.
[2026-09-26 05:49:51] WARNING: elevator-system/s_elevator_system.lua(Line 1553) [Server] setVehicleTurnVelocity is deprecated and may not work in future versions. Please replace with setElementAngularVelocity.
[2026-09-26 05:49:51] Some files in 'elevator-system' use deprecated functions.
[2026-09-26 05:49:51] Use the 'upgrade' command to perform a basic upgrade of resources.
[2026-09-26 05:49:51] WARNING: fuel-system/s_fuel_peds.lua(Line 2522) [Server] setVehicleTurnVelocity is deprecated and may not work in future versions. Please replace with setElementAngularVelocity.
[2026-09-26 05:49:51] Some files in 'fuel-system' use deprecated functions.
[2026-09-26 05:49:51] Use the 'upgrade' command to perform a basic upgrade of resources.
[2026-09-26 05:49:51] Please wait...
[2026-09-26 05:49:51] WARNING: heligrab/c_heli.lua(Line 756) [Client] getControlState is deprecated and may not work in future versions. Please replace with getPedControlState.
[2026-09-26 05:49:51] Some files in 'heligrab' use deprecated functions.
[2026-09-26 05:49:51] Use the 'upgrade' command to perform a basic upgrade of resources.
[2026-09-26 05:49:52] WARNING: item-system/c_itemchange.lua(Line 9) [Client] showPlayerHudComponent is deprecated and may not work in future versions. Please replace with setPlayerHudComponentVisible.
[2026-09-26 05:49:52] WARNING: item-system/c_itemchange.lua(Line 13) [Client] showPlayerHudComponent is deprecated and may not work in future versions. Please replace with setPlayerHudComponentVisible.
[2026-09-26 05:49:52] Some files in 'item-system' use deprecated functions.
[2026-09-26 05:49:52] Use the 'upgrade' command to perform a basic upgrade of resources.
[2026-09-26 05:49:52] WARNING: item-texture\s_itemtexture.lua:173: Bad argument @ 'getElementsByType' [Expected element at argument 2, got boolean]
[2026-09-26 05:49:52] INFO: item-texture: Loading textures for 0 world items
[2026-09-26 05:49:52] INFO: item-texture: 0 clients waiting on initial sync.
[2026-09-26 05:49:52] INFO: item-texture: 0 textured elements were added for initial sync.
[2026-09-26 05:49:52] INFO: [ITEM WORLD] Loading 0 world items will be finished in approximately 0.05 seconds.
[2026-09-26 05:49:52] WARNING: job-system-trucker/s_trucker_job.lua(Line 2690) [Server] setVehicleTurnVelocity is deprecated and may not work in future versions. Please replace with setElementAngularVelocity.
[2026-09-26 05:49:52] WARNING: job-system-trucker/s_trucker_job.lua(Line 2750) [Server] setVehicleTurnVelocity is deprecated and may not work in future versions. Please replace with setElementAngularVelocity.
[2026-09-26 05:49:52] WARNING: job-system-trucker/s_trucker_job.lua(Line 2810) [Server] setVehicleTurnVelocity is deprecated and may not work in future versions. Please replace with setElementAngularVelocity.
[2026-09-26 05:49:52] WARNING: job-system-trucker/s_trucker_job.lua(Line 2870) [Server] setVehicleTurnVelocity is deprecated and may not work in future versions. Please replace with setElementAngularVelocity.
[2026-09-26 05:49:52] WARNING: job-system-trucker/c_overlay.lua(Line 1166) [Client] getControlState is deprecated and may not work in future versions. Please replace with getPedControlState.
[2026-09-26 05:49:52] Some files in 'job-system-trucker' use deprecated functions.
[2026-09-26 05:49:52] Use the 'upgrade' command to perform a basic upgrade of resources.
[2026-09-26 05:49:52] INFO: [JOB-SYSTEM-TRUCKER] Fetched 2 actual orders sucessfully from SQL
[2026-09-26 05:49:52] WARNING: pd-system/c_policedeagle.lua(Line 437) [Client] getControlState is deprecated and may not work in future versions. Please replace with getPedControlState.
[2026-09-26 05:49:52] WARNING: pd-system/c_policeshotgun.lua(Line 331) [Client] getControlState is deprecated and may not work in future versions. Please replace with getPedControlState.
[2026-09-26 05:49:52] Some files in 'pd-system' use deprecated functions.
[2026-09-26 05:49:52] Use the 'upgrade' command to perform a basic upgrade of resources.
[2026-09-26 05:49:52] WARNING: realism-system/c_backup_bleepers.lua(Line 333) [Client] getControlState is deprecated and may not work in future versions. Please replace with getPedControlState.
[2026-09-26 05:49:52] WARNING: realism-system/c_cruise_control.lua(Line 141) [Client] setControlState is deprecated and may not work in future versions. Please replace with setPedControlState.
[2026-09-26 05:49:52] WARNING: realism-system/c_cruise_control.lua(Line 149) [Client] setControlState is deprecated and may not work in future versions. Please replace with setPedControlState.
[2026-09-26 05:49:52] WARNING: realism-system/c_cruise_control.lua(Line 201) [Client] setControlState is deprecated and may not work in future versions. Please replace with setPedControlState.
[2026-09-26 05:49:52] WARNING: realism-system/c_fpview.lua(Line 439) [Client] getControlState is deprecated and may not work in future versions. Please replace with getPedControlState.
[2026-09-26 05:49:52] WARNING: realism-system/c_fpview.lua(Line 451) [Client] getControlState is deprecated and may not work in future versions. Please replace with getPedControlState.
[2026-09-26 05:49:52] WARNING: realism-system/c_fpview.lua(Line 463) [Client] getControlState is deprecated and may not work in future versions. Please replace with getPedControlState.
[2026-09-26 05:49:52] WARNING: realism-system/c_heli_rotors.lua(Line 17) [Client] getHelicopterRotorSpeed is deprecated and may not work in future versions. Please replace with getVehicleRotorSpeed.
[2026-09-26 05:49:52] WARNING: realism-system/c_heli_rotors.lua(Line 21) [Client] getHelicopterRotorSpeed is deprecated and may not work in future versions. Please replace with getVehicleRotorSpeed.
[2026-09-26 05:49:52] WARNING: realism-system/c_heli_rotors.lua(Line 25) [Client] setHelicopterRotorSpeed is deprecated and may not work in future versions. Please replace with setVehicleRotorSpeed.
[2026-09-26 05:49:52] WARNING: realism-system/c_carrealism.lua(Line 353) [Client] getControlState is deprecated and may not work in future versions. Please replace with getPedControlState.
[2026-09-26 05:49:52] WARNING: realism-system/handbrake_c.lua(Line 217) [Client] getControlState is deprecated and may not work in future versions. Please replace with getPedControlState.
[2026-09-26 05:49:52] WARNING: realism-system/handbrake_c.lua(Line 221) [Client] setControlState is deprecated and may not work in future versions. Please replace with setPedControlState.
[2026-09-26 05:49:52] Some files in 'realism-system' use deprecated functions.
[2026-09-26 05:49:52] Use the 'upgrade' command to perform a basic upgrade of resources.
[2026-09-26 05:49:52] WARNING: report-system/c_external_report_box.lua(Line 265) [Client] getControlState is deprecated and may not work in future versions. Please replace with getPedControlState.
[2026-09-26 05:49:52] WARNING: report-system/c_top_right_box.lua(Line 84) [Client] getControlState is deprecated and may not work in future versions. Please replace with getPedControlState.
[2026-09-26 05:49:52] Some files in 'report-system' use deprecated functions.
[2026-09-26 05:49:52] Use the 'upgrade' command to perform a basic upgrade of resources.
[2026-09-26 05:49:52] INFO: Loaded 0 reports.
[2026-09-26 05:49:52] WARNING: File 'icons/premium.png' in resource 'scoreboard' is invalid.
[2026-09-26 05:49:52] WARNING: File 'icons/booster.png' in resource 'scoreboard' is invalid.
[2026-09-26 05:49:52] WARNING: File 'icons/classic.png' in resource 'scoreboard' is invalid.
[2026-09-26 05:49:52] WARNING: File 'icons/gold_member.png' in resource 'scoreboard' is invalid.
[2026-09-26 05:49:52] WARNING: File 'icons/verified.png' in resource 'scoreboard' is invalid.
[2026-09-26 05:49:52] WARNING: File 'icons/youtuber.png' in resource 'scoreboard' is invalid.
[2026-09-26 05:49:52] WARNING: shop-system/s_generalshop_system.lua(Line 672) [Server] setVehicleTurnVelocity is deprecated and may not work in future versions. Please replace with setElementAngularVelocity.
[2026-09-26 05:49:52] Some files in 'shop-system' use deprecated functions.
[2026-09-26 05:49:52] Use the 'upgrade' command to perform a basic upgrade of resources.
[2026-09-26 05:49:52] WARNING: spike-system/c_spikes.lua(Line 93) [Client] getVehicleTurnVelocity is deprecated and may not work in future versions. Please replace with getElementAngularVelocity.
[2026-09-26 05:49:52] WARNING: spike-system/c_spikes.lua(Line 97) [Client] setVehicleTurnVelocity is deprecated and may not work in future versions. Please replace with setElementAngularVelocity.
[2026-09-26 05:49:52] Some files in 'spike-system' use deprecated functions.
[2026-09-26 05:49:52] Use the 'upgrade' command to perform a basic upgrade of resources.
[2026-09-26 05:49:53] WARNING: vehicle-interiors/s_vehicle_interiors.lua(Line 1936) [Server] setVehicleTurnVelocity is deprecated and may not work in future versions. Please replace with setElementAngularVelocity.
[2026-09-26 05:49:53] Some files in 'vehicle-interiors' use deprecated functions.
[2026-09-26 05:49:53] Use the 'upgrade' command to perform a basic upgrade of resources.
[2026-09-26 05:49:53] WARNING: superman/c_superman.lua(Line 1352) [Client] getControlState is deprecated and may not work in future versions. Please replace with getPedControlState.
[2026-09-26 05:49:53] WARNING: superman/c_superman.lua(Line 1391) [Client] getControlState is deprecated and may not work in future versions. Please replace with getPedControlState.
[2026-09-26 05:49:53] WARNING: superman/c_superman.lua(Line 1399) [Client] getControlState is deprecated and may not work in future versions. Please replace with getPedControlState.
[2026-09-26 05:49:53] WARNING: superman/c_superman.lua(Line 1415) [Client] getControlState is deprecated and may not work in future versions. Please replace with getPedControlState.
[2026-09-26 05:49:53] WARNING: superman/c_superman.lua(Line 1423) [Client] getControlState is deprecated and may not work in future versions. Please replace with getPedControlState.
[2026-09-26 05:49:53] WARNING: superman/c_superman.lua(Line 1459) [Client] getControlState is deprecated and may not work in future versions. Please replace with getPedControlState.
[2026-09-26 05:49:53] WARNING: superman/c_superman.lua(Line 1487) [Client] getControlState is deprecated and may not work in future versions. Please replace with getPedControlState.
[2026-09-26 05:49:53] WARNING: superman/c_superman.lua(Line 1499) [Client] getControlState is deprecated and may not work in future versions. Please replace with getPedControlState.
[2026-09-26 05:49:53] WARNING: superman/c_superman.lua(Line 2094) [Client] getControlState is deprecated and may not work in future versions. Please replace with getPedControlState.
[2026-09-26 05:49:53] Some files in 'superman' use deprecated functions.
[2026-09-26 05:49:53] Use the 'upgrade' command to perform a basic upgrade of resources.
[2026-09-26 05:49:53] WARNING: gate-manager/s_gate_manager.lua(Line 802) [Server] setVehicleTurnVelocity is deprecated and may not work in future versions. Please replace with setElementAngularVelocity.
[2026-09-26 05:49:53] Some files in 'gate-manager' use deprecated functions.
[2026-09-26 05:49:53] Use the 'upgrade' command to perform a basic upgrade of resources.
[2026-09-26 05:49:54] WARNING: sfia/s_airtrack.lua(Line 227) [Server] showPlayerHudComponent is deprecated and may not work in future versions. Please replace with setPlayerHudComponentVisible.
[2026-09-26 05:49:54] WARNING: sfia/s_airtrack.lua(Line 263) [Server] showPlayerHudComponent is deprecated and may not work in future versions. Please replace with setPlayerHudComponentVisible.
[2026-09-26 05:49:54] Some files in 'sfia' use deprecated functions.
[2026-09-26 05:49:54] Use the 'upgrade' command to perform a basic upgrade of resources.
[2026-09-26 05:49:54] WARNING: vehicle-manager/s_vehicle_commands.lua(Line 789) [Server] setVehicleTurnVelocity is deprecated and may not work in future versions. Please replace with setElementAngularVelocity.
[2026-09-26 05:49:54] Some files in 'vehicle-manager' use deprecated functions.
[2026-09-26 05:49:54] Use the 'upgrade' command to perform a basic upgrade of resources.
[2026-09-26 05:49:54] INFO: Loaded 0 texture records for all interiors in 0ms
[2026-09-26 05:49:54] WARNING: announcement/client.lua(Line 76) [Client] getControlState is deprecated and may not work in future versions. Please replace with getPedControlState.
[2026-09-26 05:49:54] Some files in 'announcement' use deprecated functions.
[2026-09-26 05:49:54] Use the 'upgrade' command to perform a basic upgrade of resources.
[2026-09-26 05:49:54] INFO: LeFire Script loaded ...
[2026-09-26 05:49:54] INFO: Loaded 0 animated texture records in 0ms
[2026-09-26 05:49:54] INFO: PRISON-SYSTEM: Loaded 24 cell gates from s_gates.lua
[2026-09-26 05:49:54] WARNING: vrp/client.lua(Line 246) [Client] showPlayerHudComponent is deprecated and may not work in future versions. Please replace with setPlayerHudComponentVisible.
[2026-09-26 05:49:54] Some files in 'vrp' use deprecated functions.
[2026-09-26 05:49:54] Use the 'upgrade' command to perform a basic upgrade of resources.
[2026-09-26 05:49:54] Querying MTA master server... success! (Auto detected IP:9.246.91.120)
[2026-09-26 05:49:54] Authorized serial account protection is enabled for the ACL group(s): `Admin`  See http://multitheftauto.com/authserial
[2026-09-26 05:49:54] WARNING: <owner_email_address> not set
[2026-09-26 05:49:54] Server started and is ready to accept connections!
[2026-09-26 05:49:54] To stop the server, type 'shutdown' or press Ctrl-C
[2026-09-26 05:49:54] Type 'help' for a list of commands.
[2026-09-26 05:49:58] INFO: [WEATHER] / Line 57 / SQL Settings for weather successfully altered.
[2026-09-26 05:50:21] INFO: [ELEVATOR] Spawning 0 elevators will be finished in approx. 0 seconds.
[2026-09-26 05:50:52] Stopping item-texture
[2026-09-26 05:50:52] Starting item-texture
[2026-09-26 05:50:52] INFO: item-texture: Loading textures for 0 world items
[2026-09-26 05:50:52] INFO: item-texture: 0 clients waiting on initial sync.
[2026-09-26 05:50:52] INFO: item-texture: 0 textured elements were added for initial sync.
[2026-09-26 05:50:52] item-texture restarted successfully
[2026-09-26 05:51:15] CONNECT: GlossyHarp91 connected (IP: 127.0.0.1  Serial: 5476DADC39B41BA9B017E8EF2EE22433  Version: 1.6.0-9.24149.0)
[2026-09-26 05:51:15] JOIN: GlossyHarp91 joined the game (IP: 127.0.0.1)
[2026-09-26 05:51:15] NICK: GlossyHarp91 is now known as Direct-Hosting.6694
[2026-09-26 05:51:48] INFO: Loading 2 account settings to client #1
[2026-09-26 05:51:56] NICK: Direct-Hosting.6694 is now known as Robson_Walton
[2026-09-26 05:52:14] ACL: Denied 'Console' access to command 'start'
[2026-09-26 05:52:14] ACL: Access denied for 'start'
[2026-09-26 05:53:15] help [command]
[2026-09-26 05:53:15] Available commands:

start                    stop                     stopall                  
restart                  refresh                  refreshall               
list                     info                     upgrade                  
check                    say                      teamsay                  
msg                      me                       nick                     
login                    logout                   chgmypass                
addaccount               delaccount               chgpass                  
shutdown                 aexec                    whois                    
debugscript              help                     loadmodule               
unloadmodule             reloadmodule             ver                      
sver                     ase                      openports                
debugdb                  reloadbans               aclrequest               
authserial               reloadacl                debugjoinflood           
debuguptime              sfakelag                 
[2026-09-26 05:53:19] == Resource list ==
[2026-09-26 05:53:19] LSB                    STOPPED   (1 files)
[2026-09-26 05:53:19] LSFD                   RUNNING   (0 dependents)
[2026-09-26 05:53:19] LSgate                 STOPPED   (1 files)
[2026-09-26 05:53:19] Mapigsv3               STOPPED   (3 files)
[2026-09-26 05:53:19] OwlGamingLogs          RUNNING   (0 dependents)
[2026-09-26 05:53:19] Restart                STOPPED   (1 files)
[2026-09-26 05:53:19] account                RUNNING   (0 dependents)
[2026-09-26 05:53:19] achievement            RUNNING   (0 dependents)
[2026-09-26 05:53:19] admin-system           RUNNING   (0 dependents)
[2026-09-26 05:53:19] ads                    STOPPED   (2 files)
[2026-09-26 05:53:19] advertisements         RUNNING   (0 dependents)
[2026-09-26 05:53:19] animation-system       RUNNING   (0 dependents)
[2026-09-26 05:53:19] announcement           RUNNING   (0 dependents)
[2026-09-26 05:53:19] anti-cmdspam           RUNNING   (0 dependents)
[2026-09-26 05:53:19] anticheat              RUNNING   (0 dependents)
[2026-09-26 05:53:19] apps                   RUNNING   (0 dependents)
[2026-09-26 05:53:19] army-map               RUNNING   (0 dependents)
[2026-09-26 05:53:19] artifacts              RUNNING   (0 dependents)
[2026-09-26 05:53:19] assets                 STOPPED   (58 files)
[2026-09-26 05:53:19] bank                   RUNNING   (0 dependents)
[2026-09-26 05:53:19] bankbug                STOPPED   (1 files)
[2026-09-26 05:53:19] bans                   RUNNING   (0 dependents)
[2026-09-26 05:53:19] billiard-game          STOPPED   (6 files)
[2026-09-26 05:53:19] bone_attach            RUNNING   (0 dependents)
[2026-09-26 05:53:19] briefcase              RUNNING   (0 dependents)
[2026-09-26 05:53:19] business               STOPPED   (13 files)
[2026-09-26 05:53:19] business-system        RUNNING   (0 dependents)
[2026-09-26 05:53:19] cache                  RUNNING   (0 dependents)
[2026-09-26 05:53:19] camera-system          RUNNING   (0 dependents)
[2026-09-26 05:53:19] carradio               RUNNING   (0 dependents)
[2026-09-26 05:53:19] carshop-system         RUNNING   (0 dependents)
[2026-09-26 05:53:19] chance-system          RUNNING   (0 dependents)
[2026-09-26 05:53:19] chat-system            RUNNING   (0 dependents)
[2026-09-26 05:53:19] cityhall               RUNNING   (0 dependents)
[2026-09-26 05:53:19] cityhall-park          RUNNING   (0 dependents)
[2026-09-26 05:53:19] cityhall-park2         RUNNING   (0 dependents)
[2026-09-26 05:53:19] clock-analog           STOPPED   (6 files)
[2026-09-26 05:53:19] clubtec                RUNNING   (0 dependents)
[2026-09-26 05:53:19] cmd-library            STOPPED   (4 files)
[2026-09-26 05:53:19] cockpit                RUNNING   (0 dependents)
[2026-09-26 05:53:19] colorblender           RUNNING   (0 dependents)
[2026-09-26 05:53:19] computers-system       STOPPED   (21 files)
[2026-09-26 05:53:19] dancer-system          RUNNING   (0 dependents)
[2026-09-26 05:53:19] data                   RUNNING   (0 dependents)
[2026-09-26 05:53:19] datetime               RUNNING   (0 dependents)
[2026-09-26 05:53:19] dbrun                  STOPPED   (1 files)
[2026-09-26 05:53:19] death                  RUNNING   (0 dependents)
[2026-09-26 05:53:19] debug                  RUNNING   (1 dependents)
[2026-09-26 05:53:19] description            RUNNING   (0 dependents)
[2026-09-26 05:53:19] dev                    STOPPED   (1 files)
[2026-09-26 05:53:19] donators               RUNNING   (0 dependents)
[2026-09-26 05:53:19] drawtag                STOPPED   (10 files)
[2026-09-26 05:53:19] drawtag_bc             STOPPED   (4 files)
[2026-09-26 05:53:19] driveby                RUNNING   (0 dependents)
[2026-09-26 05:53:19] dumpsite               STOPPED   (1 files)
[2026-09-26 05:53:19] duty                   RUNNING   (0 dependents)
[2026-09-26 05:53:19] elections              STOPPED   (2 files)
[2026-09-26 05:53:19] elevator-system        RUNNING   (0 dependents)
[2026-09-26 05:53:19] es-system              RUNNING   (0 dependents)
[2026-09-26 05:53:19] event-system           STOPPED   (6 files)
[2026-09-26 05:53:19] faction-system         RUNNING   (0 dependents)
[2026-09-26 05:53:19] factions               RUNNING   (0 dependents)
[2026-09-26 05:53:19] fakevideo              RUNNING   (0 dependents)
[2026-09-26 05:53:19] flood                  STOPPED   (2 files)
[2026-09-26 05:53:19] forums                 STOPPED   (7 files)
[2026-09-26 05:53:19] freecam                RUNNING   (0 dependents)
[2026-09-26 05:53:19] freecam-tv             RUNNING   (0 dependents)
[2026-09-26 05:53:19] fuel-system            RUNNING   (0 dependents)
[2026-09-26 05:53:19] gate-manager           RUNNING   (0 dependents)
[2026-09-26 05:53:19] gatekeepers-system     RUNNING   (0 dependents)
[2026-09-26 05:53:19] global                 RUNNING   (0 dependents)
[2026-09-26 05:53:19] glue-system            RUNNING   (0 dependents)
[2026-09-26 05:53:19] gps-system             RUNNING   (0 dependents)
[2026-09-26 05:53:19] guieditor              STOPPED   (71 files)
[2026-09-26 05:53:19] health-addon           RUNNING   (0 dependents)
[2026-09-26 05:53:19] heligrab               RUNNING   (0 dependents)
[2026-09-26 05:53:19] help                   RUNNING   (0 dependents)
[2026-09-26 05:53:19] hud                    RUNNING   (0 dependents)
[2026-09-26 05:53:19] id-system              RUNNING   (0 dependents)
[2026-09-26 05:53:19] igs-map                RUNNING   (0 dependents)
[2026-09-26 05:53:19] igs-park               RUNNING   (0 dependents)
[2026-09-26 05:53:19] information-system     STOPPED   (1 files)
[2026-09-26 05:53:19] informationicon-syst   STOPPED   (2 files)
[2026-09-26 05:53:19] insurance              STOPPED   (2 files)
[2026-09-26 05:53:19] integration            RUNNING   (0 dependents)
[2026-09-26 05:53:19] interior-manager       RUNNING   (0 dependents)
[2026-09-26 05:53:19] interior-system        RUNNING   (0 dependents)
[2026-09-26 05:53:19] interior_keypad        RUNNING   (0 dependents)
[2026-09-26 05:53:19] internal-affairs       STOPPED   (1 files)
[2026-09-26 05:53:19] ipb                    STOPPED   (2 files)
[2026-09-26 05:53:19] item-move              RUNNING   (0 dependents)
[2026-09-26 05:53:19] item-system            RUNNING   (0 dependents)
[2026-09-26 05:53:19] item-texture           RUNNING   (0 dependents)
[2026-09-26 05:53:19] item-world             RUNNING   (0 dependents)
[2026-09-26 05:53:19] job-system             RUNNING   (0 dependents)
[2026-09-26 05:53:19] job-system-long-haul   STOPPED   (0 files)
[2026-09-26 05:53:19] job-system-trucker     RUNNING   (0 dependents)
[2026-09-26 05:53:19] language-system        RUNNING   (0 dependents)
[2026-09-26 05:53:19] license-system         RUNNING   (0 dependents)
[2026-09-26 05:53:19] lights                 STOPPED   (1 files)
[2026-09-26 05:53:19] logs                   RUNNING   (0 dependents)
[2026-09-26 05:53:19] lottery-system         RUNNING   (0 dependents)
[2026-09-26 05:53:19] mabako-clothingstore   STOPPED   (7 files)
[2026-09-26 05:53:19] main-menu              RUNNING   (0 dependents)
[2026-09-26 05:53:19] maps                   RUNNING   (0 dependents)
[2026-09-26 05:53:19] mdc-system             STOPPED   (19 files)
[2026-09-26 05:53:19] model-system           RUNNING   (0 dependents)
[2026-09-26 05:53:19] mods                   RUNNING   (0 dependents)
[2026-09-26 05:53:19] mysql                  RUNNING   (0 dependents)
[2026-09-26 05:53:19] notedescription-syst   STOPPED   (1 files)
[2026-09-26 05:53:19] object-browser         STOPPED   (2 files)
[2026-09-26 05:53:19] object-interaction     RUNNING   (0 dependents)
[2026-09-26 05:53:19] object-system          RUNNING   (0 dependents)
[2026-09-26 05:53:19] oci-office             STOPPED   (3 files)
[2026-09-26 05:53:19] official-interiors     RUNNING   (0 dependents)
[2026-09-26 05:53:19] parachute              RUNNING   (0 dependents)
[2026-09-26 05:53:19] payday                 RUNNING   (0 dependents)
[2026-09-26 05:53:19] paynspray-system       RUNNING   (0 dependents)
[2026-09-26 05:53:19] pd-system              RUNNING   (0 dependents)
[2026-09-26 05:53:19] ped-system             RUNNING   (0 dependents)
[2026-09-26 05:53:19] phone                  RUNNING   (0 dependents)
[2026-09-26 05:53:19] pool                   RUNNING   (0 dependents)
[2026-09-26 05:53:19] prison-system          RUNNING   (0 dependents)
[2026-09-26 05:53:19] ramp-system            RUNNING   (0 dependents)
[2026-09-26 05:53:19] realism-system         RUNNING   (0 dependents)
[2026-09-26 05:53:19] realtime-system        RUNNING   (0 dependents)
[2026-09-26 05:53:19] report-system          RUNNING   (0 dependents)
[2026-09-26 05:53:19] resource-keeper        RUNNING   (0 dependents)
[2026-09-26 05:53:19] resources              RUNNING   (0 dependents)
[2026-09-26 05:53:19] rightclick             RUNNING   (0 dependents)
[2026-09-26 05:53:19] road                   STOPPED   (0 files)
[2026-09-26 05:53:19] roadblock-system       RUNNING   (0 dependents)
[2026-09-26 05:53:19] saher                  STOPPED   (5 files)
[2026-09-26 05:53:19] sapt-system            RUNNING   (0 dependents)
[2026-09-26 05:53:19] saveplayer-system      RUNNING   (0 dependents)
[2026-09-26 05:53:19] savevehicle-system     RUNNING   (0 dependents)
[2026-09-26 05:53:19] scoreboard             RUNNING   (0 dependents)
[2026-09-26 05:53:19] selfck-system          RUNNING   (0 dependents)
[2026-09-26 05:53:19] sfia                   RUNNING   (0 dependents)
[2026-09-26 05:53:19] shop-system            RUNNING   (0 dependents)
[2026-09-26 05:53:19] sittablechairs         RUNNING   (0 dependents)
[2026-09-26 05:53:19] social-system          RUNNING   (0 dependents)
[2026-09-26 05:53:19] spike-system           RUNNING   (0 dependents)
[2026-09-26 05:53:19] statistics-system      RUNNING   (0 dependents)
[2026-09-26 05:53:19] superman               RUNNING   (0 dependents)
[2026-09-26 05:53:19] tag-system             RUNNING   (0 dependents)
[2026-09-26 05:53:19] text2speech            STOPPED   (3 files)
[2026-09-26 05:53:19] texture-system         RUNNING   (0 dependents)
[2026-09-26 05:53:19] ticket-system          RUNNING   (0 dependents)
[2026-09-26 05:53:19] tintedwindows          RUNNING   (0 dependents)
[2026-09-26 05:53:19] toll                   RUNNING   (0 dependents)
[2026-09-26 05:53:19] tooltips-system        RUNNING   (0 dependents)
[2026-09-26 05:53:19] tow-system             RUNNING   (0 dependents)
[2026-09-26 05:53:19] usercontrolpanel       RUNNING   (0 dependents)
[2026-09-26 05:53:19] vehicle-interiors      RUNNING   (0 dependents)
[2026-09-26 05:53:19] vehicle-manager        RUNNING   (0 dependents)
[2026-09-26 05:53:19] vehicle-mods-system    RUNNING   (0 dependents)
[2026-09-26 05:53:19] vehicle-system         RUNNING   (0 dependents)
[2026-09-26 05:53:19] vehicleplate           RUNNING   (0 dependents)
[2026-09-26 05:53:19] vrp                    RUNNING   (0 dependents)
[2026-09-26 05:53:19] weapon-system          RUNNING   (0 dependents)
[2026-09-26 05:53:19] weaponcap              RUNNING   (0 dependents)
[2026-09-26 05:53:19] weather-system         RUNNING   (0 dependents)
[2026-09-26 05:53:19] Resources: 163 loaded, 0 failed, 126 running
[2026-09-26 05:53:56] Stopping scoreboard
[2026-09-26 05:53:56] Starting scoreboard
[2026-09-26 05:53:56] scoreboard restarted successfully
[2026-09-26 05:54:53] Stopping vrp
[2026-09-26 05:59:52] INFO: [JOB-SYSTEM-TRUCKER] Fetched 0 actual orders sucessfully from SQL
[2026-09-26 06:04:03] QUIT: Robson_Walton left the game [Quit] 
[2026-09-26 06:09:52] INFO: [JOB-SYSTEM-TRUCKER] Fetched 0 actual orders sucessfully from SQL
[2026-09-26 06:18:58] INFO: [WEATHER] / Line 57 / SQL Settings for weather successfully altered.
[2026-09-26 06:19:52] INFO: [JOB-SYSTEM-TRUCKER] Fetched 0 actual orders sucessfully from SQL
[2026-09-26 06:29:52] INFO: [JOB-SYSTEM-TRUCKER] Fetched 0 actual orders sucessfully from SQL
[2026-09-26 06:39:52] INFO: [JOB-SYSTEM-TRUCKER] Fetched 0 actual orders sucessfully from SQL
[2026-09-26 06:49:52] INFO: [JOB-SYSTEM-TRUCKER] Fetched 0 actual orders sucessfully from SQL
[2026-09-26 06:49:52] INFO: WORLDSAVE INCOMING
[2026-09-26 06:49:52] INFO: [DATA] Saved Faction Drop NPC logs records.
==================================================================
= Multi Theft Auto: San Andreas v1.6
==================================================================
= Server name      : Direct Backup V3
= Server IP address: auto
= Server port      : 22221
= 
= Log file         : ../MTA/server/mods/deathmatch/logs/server.log
= Maximum players  : 32
= HTTP port        : 22221
= Voice Chat       : Disabled
= Bandwidth saving : None
==================================================================
[2026-09-26 06:56:27] ERROR: Couldn't find script(s) s_main.lua for resource main-menu
[2026-09-26 06:56:27] Loading of resource 'main-menu' failed
[2026-09-26 06:56:27] WARNING: Ignoring duplicate client file in resource 'vrp': 'Imagens/Fundo.png'
[2026-09-26 06:56:27] ERROR: Problem with resource: main-menu; Couldn't find script(s) s_main.lua for resource main-menu
[2026-09-26 06:56:27] Resources: 162 loaded, 1 failed
[2026-09-26 06:56:27] Starting resources...
[2026-09-26 06:56:27] [MYSQL] Connected to database 'pdz' at 127.0.0.1:3306
[2026-09-26 06:56:27] Server minclientversion is now 1.6.0-9.24109.0
[2026-09-26 06:56:27] WARNING: hud/c_overlay_top_right.lua(Line 106) [Client] getControlState is deprecated and may not work in future versions. Please replace with getPedControlState before Tuesday.
[2026-09-26 06:56:27] WARNING: hud/c_overlay_bottom_center.lua(Line 90) [Client] getControlState is deprecated and may not work in future versions. Please replace with getPedControlState before Tuesday.
[2026-09-26 06:56:27] Some files in 'hud' use deprecated functions.
[2026-09-26 06:56:27] Use the 'upgrade' command to perform a basic upgrade of resources.
[2026-09-26 06:56:28] WARNING: account/c_main.lua(Line 5) [Client] showPlayerHudComponent is deprecated and may not work in future versions. Please replace with setPlayerHudComponentVisible before Tuesday.
[2026-09-26 06:56:28] WARNING: account/c_main.lua(Line 7) [Client] showPlayerHudComponent is deprecated and may not work in future versions. Please replace with setPlayerHudComponentVisible before Tuesday.
[2026-09-26 06:56:28] WARNING: account/c_main.lua(Line 9) [Client] showPlayerHudComponent is deprecated and may not work in future versions. Please replace with setPlayerHudComponentVisible before Tuesday.
[2026-09-26 06:56:28] WARNING: account/c_main.lua(Line 11) [Client] showPlayerHudComponent is deprecated and may not work in future versions. Please replace with setPlayerHudComponentVisible before Tuesday.
[2026-09-26 06:56:28] WARNING: account/c_main.lua(Line 13) [Client] showPlayerHudComponent is deprecated and may not work in future versions. Please replace with setPlayerHudComponentVisible before Tuesday.
[2026-09-26 06:56:28] WARNING: account/c_main.lua(Line 15) [Client] showPlayerHudComponent is deprecated and may not work in future versions. Please replace with setPlayerHudComponentVisible before Tuesday.
[2026-09-26 06:56:28] WARNING: account/c_main.lua(Line 17) [Client] showPlayerHudComponent is deprecated and may not work in future versions. Please replace with setPlayerHudComponentVisible before Tuesday.
[2026-09-26 06:56:28] WARNING: account/c_main.lua(Line 19) [Client] showPlayerHudComponent is deprecated and may not work in future versions. Please replace with setPlayerHudComponentVisible before Tuesday.
[2026-09-26 06:56:28] WARNING: account/c_main.lua(Line 21) [Client] showPlayerHudComponent is deprecated and may not work in future versions. Please replace with setPlayerHudComponentVisible before Tuesday.
[2026-09-26 06:56:28] WARNING: account/c_main.lua(Line 23) [Client] showPlayerHudComponent is deprecated and may not work in future versions. Please replace with setPlayerHudComponentVisible before Tuesday.
[2026-09-26 06:56:28] WARNING: account/c_main.lua(Line 25) [Client] showPlayerHudComponent is deprecated and may not work in future versions. Please replace with setPlayerHudComponentVisible before Tuesday.
[2026-09-26 06:56:28] WARNING: account/c_characters.lua(Line 13) [Client] showPlayerHudComponent is deprecated and may not work in future versions. Please replace with setPlayerHudComponentVisible before Tuesday.
[2026-09-26 06:56:28] WARNING: account/c_options.lua(Line 519) [Client] setControlState is deprecated and may not work in future versions. Please replace with setPedControlState before Tuesday.
[2026-09-26 06:56:28] Some files in 'account' use deprecated functions.
[2026-09-26 06:56:28] Use the 'upgrade' command to perform a basic upgrade of resources.
[2026-09-26 06:56:28] WARNING: admin-system/Player/s_teleport.lua(Line 123) [Server] setVehicleTurnVelocity is deprecated and may not work in future versions. Please replace with setElementAngularVelocity before Tuesday.
[2026-09-26 06:56:28] WARNING: admin-system/Player/s_teleport.lua(Line 313) [Server] setVehicleTurnVelocity is deprecated and may not work in future versions. Please replace with setElementAngularVelocity before Tuesday.
[2026-09-26 06:56:28] WARNING: admin-system/Player/s_teleport.lua(Line 534) [Server] setVehicleTurnVelocity is deprecated and may not work in future versions. Please replace with setElementAngularVelocity before Tuesday.
[2026-09-26 06:56:28] WARNING: admin-system/Player/s_teleport.lua(Line 792) [Server] setVehicleTurnVelocity is deprecated and may not work in future versions. Please replace with setElementAngularVelocity before Tuesday.
[2026-09-26 06:56:28] WARNING: admin-system/Player/s_teleport.lua(Line 1176) [Server] setVehicleTurnVelocity is deprecated and may not work in future versions. Please replace with setElementAngularVelocity before Tuesday.
[2026-09-26 06:56:28] WARNING: admin-system/Player/s_teleport.lua(Line 1326) [Server] setVehicleTurnVelocity is deprecated and may not work in future versions. Please replace with setElementAngularVelocity before Tuesday.
[2026-09-26 06:56:28] WARNING: admin-system/c_overlay.lua(Line 460) [Client] getControlState is deprecated and may not work in future versions. Please replace with getPedControlState before Tuesday.
[2026-09-26 06:56:28] Some files in 'admin-system' use deprecated functions.
[2026-09-26 06:56:28] Use the 'upgrade' command to perform a basic upgrade of resources.
[2026-09-26 06:56:28] Server password cleared
[2026-09-26 06:56:28] WARNING: driveby/driveby_client.lua(Line 1024) [Client] setControlState is deprecated and may not work in future versions. Please replace with setPedControlState before Tuesday.
[2026-09-26 06:56:28] Some files in 'driveby' use deprecated functions.
[2026-09-26 06:56:28] Use the 'upgrade' command to perform a basic upgrade of resources.
[2026-09-26 06:56:28] WARNING: elevator-system/s_elevator_system.lua(Line 1445) [Server] setVehicleTurnVelocity is deprecated and may not work in future versions. Please replace with setElementAngularVelocity before Tuesday.
[2026-09-26 06:56:28] WARNING: elevator-system/s_elevator_system.lua(Line 1553) [Server] setVehicleTurnVelocity is deprecated and may not work in future versions. Please replace with setElementAngularVelocity before Tuesday.
[2026-09-26 06:56:28] Some files in 'elevator-system' use deprecated functions.
[2026-09-26 06:56:28] Use the 'upgrade' command to perform a basic upgrade of resources.
[2026-09-26 06:56:28] WARNING: fuel-system/s_fuel_peds.lua(Line 2522) [Server] setVehicleTurnVelocity is deprecated and may not work in future versions. Please replace with setElementAngularVelocity before Tuesday.
[2026-09-26 06:56:28] Some files in 'fuel-system' use deprecated functions.
[2026-09-26 06:56:28] Use the 'upgrade' command to perform a basic upgrade of resources.
[2026-09-26 06:56:28] Please wait...
[2026-09-26 06:56:28] WARNING: heligrab/c_heli.lua(Line 756) [Client] getControlState is deprecated and may not work in future versions. Please replace with getPedControlState before Tuesday.
[2026-09-26 06:56:28] Some files in 'heligrab' use deprecated functions.
[2026-09-26 06:56:28] Use the 'upgrade' command to perform a basic upgrade of resources.
[2026-09-26 06:56:29] WARNING: item-system/c_itemchange.lua(Line 9) [Client] showPlayerHudComponent is deprecated and may not work in future versions. Please replace with setPlayerHudComponentVisible before Tuesday.
[2026-09-26 06:56:29] WARNING: item-system/c_itemchange.lua(Line 13) [Client] showPlayerHudComponent is deprecated and may not work in future versions. Please replace with setPlayerHudComponentVisible before Tuesday.
[2026-09-26 06:56:29] Some files in 'item-system' use deprecated functions.
[2026-09-26 06:56:29] Use the 'upgrade' command to perform a basic upgrade of resources.
[2026-09-26 06:56:29] WARNING: item-texture\s_itemtexture.lua:173: Bad argument @ 'getElementsByType' [Expected element at argument 2, got boolean]
[2026-09-26 06:56:29] INFO: item-texture: Loading textures for 0 world items
[2026-09-26 06:56:29] INFO: item-texture: 0 clients waiting on initial sync.
[2026-09-26 06:56:29] INFO: item-texture: 0 textured elements were added for initial sync.
[2026-09-26 06:56:29] INFO: [ITEM WORLD] Loading 0 world items will be finished in approximately 0.05 seconds.
[2026-09-26 06:56:29] WARNING: job-system-trucker/s_trucker_job.lua(Line 2690) [Server] setVehicleTurnVelocity is deprecated and may not work in future versions. Please replace with setElementAngularVelocity before Tuesday.
[2026-09-26 06:56:29] WARNING: job-system-trucker/s_trucker_job.lua(Line 2750) [Server] setVehicleTurnVelocity is deprecated and may not work in future versions. Please replace with setElementAngularVelocity before Tuesday.
[2026-09-26 06:56:29] WARNING: job-system-trucker/s_trucker_job.lua(Line 2810) [Server] setVehicleTurnVelocity is deprecated and may not work in future versions. Please replace with setElementAngularVelocity before Tuesday.
[2026-09-26 06:56:29] WARNING: job-system-trucker/s_trucker_job.lua(Line 2870) [Server] setVehicleTurnVelocity is deprecated and may not work in future versions. Please replace with setElementAngularVelocity before Tuesday.
[2026-09-26 06:56:29] WARNING: job-system-trucker/c_overlay.lua(Line 1166) [Client] getControlState is deprecated and may not work in future versions. Please replace with getPedControlState before Tuesday.
[2026-09-26 06:56:29] Some files in 'job-system-trucker' use deprecated functions.
[2026-09-26 06:56:29] Use the 'upgrade' command to perform a basic upgrade of resources.
[2026-09-26 06:56:29] INFO: [JOB-SYSTEM-TRUCKER] Fetched 2 actual orders sucessfully from SQL
[2026-09-26 06:56:29] WARNING: pd-system/c_policedeagle.lua(Line 437) [Client] getControlState is deprecated and may not work in future versions. Please replace with getPedControlState before Tuesday.
[2026-09-26 06:56:29] WARNING: pd-system/c_policeshotgun.lua(Line 331) [Client] getControlState is deprecated and may not work in future versions. Please replace with getPedControlState before Tuesday.
[2026-09-26 06:56:29] Some files in 'pd-system' use deprecated functions.
[2026-09-26 06:56:29] Use the 'upgrade' command to perform a basic upgrade of resources.
[2026-09-26 06:56:29] ERROR: Unable to start resource main-menu; Couldn't find script(s) s_main.lua for resource main-menu
[2026-09-26 06:56:29] WARNING: realism-system/c_backup_bleepers.lua(Line 333) [Client] getControlState is deprecated and may not work in future versions. Please replace with getPedControlState before Tuesday.
[2026-09-26 06:56:29] WARNING: realism-system/c_cruise_control.lua(Line 141) [Client] setControlState is deprecated and may not work in future versions. Please replace with setPedControlState before Tuesday.
[2026-09-26 06:56:29] WARNING: realism-system/c_cruise_control.lua(Line 149) [Client] setControlState is deprecated and may not work in future versions. Please replace with setPedControlState before Tuesday.
[2026-09-26 06:56:29] WARNING: realism-system/c_cruise_control.lua(Line 201) [Client] setControlState is deprecated and may not work in future versions. Please replace with setPedControlState before Tuesday.
[2026-09-26 06:56:29] WARNING: realism-system/c_fpview.lua(Line 439) [Client] getControlState is deprecated and may not work in future versions. Please replace with getPedControlState before Tuesday.
[2026-09-26 06:56:29] WARNING: realism-system/c_fpview.lua(Line 451) [Client] getControlState is deprecated and may not work in future versions. Please replace with getPedControlState before Tuesday.
[2026-09-26 06:56:29] WARNING: realism-system/c_fpview.lua(Line 463) [Client] getControlState is deprecated and may not work in future versions. Please replace with getPedControlState before Tuesday.
[2026-09-26 06:56:29] WARNING: realism-system/c_heli_rotors.lua(Line 17) [Client] getHelicopterRotorSpeed is deprecated and may not work in future versions. Please replace with getVehicleRotorSpeed before Tuesday.
[2026-09-26 06:56:29] WARNING: realism-system/c_heli_rotors.lua(Line 21) [Client] getHelicopterRotorSpeed is deprecated and may not work in future versions. Please replace with getVehicleRotorSpeed before Tuesday.
[2026-09-26 06:56:29] WARNING: realism-system/c_heli_rotors.lua(Line 25) [Client] setHelicopterRotorSpeed is deprecated and may not work in future versions. Please replace with setVehicleRotorSpeed before Tuesday.
[2026-09-26 06:56:29] WARNING: realism-system/c_carrealism.lua(Line 353) [Client] getControlState is deprecated and may not work in future versions. Please replace with getPedControlState before Tuesday.
[2026-09-26 06:56:29] WARNING: realism-system/handbrake_c.lua(Line 217) [Client] getControlState is deprecated and may not work in future versions. Please replace with getPedControlState before Tuesday.
[2026-09-26 06:56:29] WARNING: realism-system/handbrake_c.lua(Line 221) [Client] setControlState is deprecated and may not work in future versions. Please replace with setPedControlState before Tuesday.
[2026-09-26 06:56:29] Some files in 'realism-system' use deprecated functions.
[2026-09-26 06:56:29] Use the 'upgrade' command to perform a basic upgrade of resources.
[2026-09-26 06:56:29] WARNING: report-system/c_external_report_box.lua(Line 265) [Client] getControlState is deprecated and may not work in future versions. Please replace with getPedControlState before Tuesday.
[2026-09-26 06:56:29] WARNING: report-system/c_top_right_box.lua(Line 84) [Client] getControlState is deprecated and may not work in future versions. Please replace with getPedControlState before Tuesday.
[2026-09-26 06:56:29] Some files in 'report-system' use deprecated functions.
[2026-09-26 06:56:29] Use the 'upgrade' command to perform a basic upgrade of resources.
[2026-09-26 06:56:29] INFO: Loaded 0 reports.
[2026-09-26 06:56:29] WARNING: File 'icons/premium.png' in resource 'scoreboard' is invalid.
[2026-09-26 06:56:29] WARNING: File 'icons/booster.png' in resource 'scoreboard' is invalid.
[2026-09-26 06:56:29] WARNING: File 'icons/classic.png' in resource 'scoreboard' is invalid.
[2026-09-26 06:56:29] WARNING: File 'icons/gold_member.png' in resource 'scoreboard' is invalid.
[2026-09-26 06:56:29] WARNING: File 'icons/verified.png' in resource 'scoreboard' is invalid.
[2026-09-26 06:56:29] WARNING: File 'icons/youtuber.png' in resource 'scoreboard' is invalid.
[2026-09-26 06:56:29] WARNING: shop-system/s_generalshop_system.lua(Line 672) [Server] setVehicleTurnVelocity is deprecated and may not work in future versions. Please replace with setElementAngularVelocity before Tuesday.
[2026-09-26 06:56:29] Some files in 'shop-system' use deprecated functions.
[2026-09-26 06:56:29] Use the 'upgrade' command to perform a basic upgrade of resources.
[2026-09-26 06:56:29] WARNING: spike-system/c_spikes.lua(Line 93) [Client] getVehicleTurnVelocity is deprecated and may not work in future versions. Please replace with getElementAngularVelocity before Tuesday.
[2026-09-26 06:56:29] WARNING: spike-system/c_spikes.lua(Line 97) [Client] setVehicleTurnVelocity is deprecated and may not work in future versions. Please replace with setElementAngularVelocity before Tuesday.
[2026-09-26 06:56:29] Some files in 'spike-system' use deprecated functions.
[2026-09-26 06:56:29] Use the 'upgrade' command to perform a basic upgrade of resources.
[2026-09-26 06:56:29] WARNING: vehicle-interiors/s_vehicle_interiors.lua(Line 1936) [Server] setVehicleTurnVelocity is deprecated and may not work in future versions. Please replace with setElementAngularVelocity before Tuesday.
[2026-09-26 06:56:29] Some files in 'vehicle-interiors' use deprecated functions.
[2026-09-26 06:56:29] Use the 'upgrade' command to perform a basic upgrade of resources.
[2026-09-26 06:56:30] WARNING: superman/c_superman.lua(Line 1352) [Client] getControlState is deprecated and may not work in future versions. Please replace with getPedControlState before Tuesday.
[2026-09-26 06:56:30] WARNING: superman/c_superman.lua(Line 1391) [Client] getControlState is deprecated and may not work in future versions. Please replace with getPedControlState before Tuesday.
[2026-09-26 06:56:30] WARNING: superman/c_superman.lua(Line 1399) [Client] getControlState is deprecated and may not work in future versions. Please replace with getPedControlState before Tuesday.
[2026-09-26 06:56:30] WARNING: superman/c_superman.lua(Line 1415) [Client] getControlState is deprecated and may not work in future versions. Please replace with getPedControlState before Tuesday.
[2026-09-26 06:56:30] WARNING: superman/c_superman.lua(Line 1423) [Client] getControlState is deprecated and may not work in future versions. Please replace with getPedControlState before Tuesday.
[2026-09-26 06:56:30] WARNING: superman/c_superman.lua(Line 1459) [Client] getControlState is deprecated and may not work in future versions. Please replace with getPedControlState before Tuesday.
[2026-09-26 06:56:30] WARNING: superman/c_superman.lua(Line 1487) [Client] getControlState is deprecated and may not work in future versions. Please replace with getPedControlState before Tuesday.
[2026-09-26 06:56:30] WARNING: superman/c_superman.lua(Line 1499) [Client] getControlState is deprecated and may not work in future versions. Please replace with getPedControlState before Tuesday.
[2026-09-26 06:56:30] WARNING: superman/c_superman.lua(Line 2094) [Client] getControlState is deprecated and may not work in future versions. Please replace with getPedControlState before Tuesday.
[2026-09-26 06:56:30] Some files in 'superman' use deprecated functions.
[2026-09-26 06:56:30] Use the 'upgrade' command to perform a basic upgrade of resources.
[2026-09-26 06:56:30] WARNING: gate-manager/s_gate_manager.lua(Line 802) [Server] setVehicleTurnVelocity is deprecated and may not work in future versions. Please replace with setElementAngularVelocity before Tuesday.
[2026-09-26 06:56:30] Some files in 'gate-manager' use deprecated functions.
[2026-09-26 06:56:30] Use the 'upgrade' command to perform a basic upgrade of resources.
[2026-09-26 06:56:30] WARNING: sfia/s_airtrack.lua(Line 227) [Server] showPlayerHudComponent is deprecated and may not work in future versions. Please replace with setPlayerHudComponentVisible before Tuesday.
[2026-09-26 06:56:30] WARNING: sfia/s_airtrack.lua(Line 263) [Server] showPlayerHudComponent is deprecated and may not work in future versions. Please replace with setPlayerHudComponentVisible before Tuesday.
[2026-09-26 06:56:30] Some files in 'sfia' use deprecated functions.
[2026-09-26 06:56:30] Use the 'upgrade' command to perform a basic upgrade of resources.
[2026-09-26 06:56:30] WARNING: vehicle-manager/s_vehicle_commands.lua(Line 789) [Server] setVehicleTurnVelocity is deprecated and may not work in future versions. Please replace with setElementAngularVelocity before Tuesday.
[2026-09-26 06:56:30] Some files in 'vehicle-manager' use deprecated functions.
[2026-09-26 06:56:30] Use the 'upgrade' command to perform a basic upgrade of resources.
[2026-09-26 06:56:31] INFO: Loaded 0 texture records for all interiors in 0ms
[2026-09-26 06:56:31] WARNING: announcement/client.lua(Line 76) [Client] getControlState is deprecated and may not work in future versions. Please replace with getPedControlState before Tuesday.
[2026-09-26 06:56:31] Some files in 'announcement' use deprecated functions.
[2026-09-26 06:56:31] Use the 'upgrade' command to perform a basic upgrade of resources.
[2026-09-26 06:56:31] INFO: LeFire Script loaded ...
[2026-09-26 06:56:31] INFO: Loaded 0 animated texture records in 0ms
[2026-09-26 06:56:31] INFO: PRISON-SYSTEM: Loaded 24 cell gates from s_gates.lua
[2026-09-26 06:56:31] WARNING: vrp/client.lua(Line 246) [Client] showPlayerHudComponent is deprecated and may not work in future versions. Please replace with setPlayerHudComponentVisible before Tuesday.
[2026-09-26 06:56:31] Some files in 'vrp' use deprecated functions.
[2026-09-26 06:56:31] Use the 'upgrade' command to perform a basic upgrade of resources.
[2026-09-26 06:56:31] Querying MTA master server... success! (Auto detected IP:129.224.207.178)
[2026-09-26 06:56:31] Authorized serial account protection is enabled for the ACL group(s): `Admin`  See http://multitheftauto.com/authserial
[2026-09-26 06:56:31] WARNING: <owner_email_address> not set
[2026-09-26 06:56:31] Server started and is ready to accept connections!
[2026-09-26 06:56:31] To stop the server, type 'shutdown' or press Ctrl-C
[2026-09-26 06:56:31] Type 'help' for a list of commands.
[2026-09-26 06:56:34] INFO: [WEATHER] / Line 57 / SQL Settings for weather successfully altered.
[2026-09-26 06:56:58] INFO: [ELEVATOR] Spawning 0 elevators will be finished in approx. 0 seconds.
[2026-09-26 06:57:29] Stopping item-texture
[2026-09-26 06:57:29] Starting item-texture
[2026-09-26 06:57:29] INFO: item-texture: Loading textures for 0 world items
[2026-09-26 06:57:29] INFO: item-texture: 0 clients waiting on initial sync.
[2026-09-26 06:57:29] INFO: item-texture: 0 textured elements were added for initial sync.
[2026-09-26 06:57:29] item-texture restarted successfully
[2026-09-26 07:06:29] INFO: [JOB-SYSTEM-TRUCKER] Fetched 0 actual orders sucessfully from SQL
[2026-09-26 07:16:29] INFO: [JOB-SYSTEM-TRUCKER] Fetched 0 actual orders sucessfully from SQL
[2026-09-26 07:25:34] INFO: [WEATHER] / Line 57 / SQL Settings for weather successfully altered.
[2026-09-26 07:26:29] INFO: [JOB-SYSTEM-TRUCKER] Fetched 0 actual orders sucessfully from SQL
[2026-09-26 07:36:29] INFO: [JOB-SYSTEM-TRUCKER] Fetched 0 actual orders sucessfully from SQL
[2026-09-26 07:46:29] INFO: [JOB-SYSTEM-TRUCKER] Fetched 0 actual orders sucessfully from SQL
[2026-09-26 07:56:29] INFO: [JOB-SYSTEM-TRUCKER] Fetched 0 actual orders sucessfully from SQL
[2026-09-26 07:56:29] INFO: WORLDSAVE INCOMING
[2026-09-26 07:56:29] INFO: [DATA] Saved Faction Drop NPC logs records.
[2026-09-26 08:04:34] INFO: [WEATHER] / Line 57 / SQL Settings for weather successfully altered.
[2026-09-26 08:06:29] INFO: [JOB-SYSTEM-TRUCKER] Fetched 0 actual orders sucessfully from SQL
[2026-09-26 08:16:29] INFO: [JOB-SYSTEM-TRUCKER] Fetched 0 actual orders sucessfully from SQL
[2026-09-26 08:26:29] INFO: [JOB-SYSTEM-TRUCKER] Fetched 0 actual orders sucessfully from SQL
[2026-09-26 08:36:29] INFO: [JOB-SYSTEM-TRUCKER] Fetched 0 actual orders sucessfully from SQL
[2026-09-26 08:46:29] INFO: [JOB-SYSTEM-TRUCKER] Fetched 0 actual orders sucessfully from SQL
[2026-09-26 08:56:29] INFO: [JOB-SYSTEM-TRUCKER] Fetched 0 actual orders sucessfully from SQL
[2026-09-26 08:56:29] INFO: WORLDSAVE INCOMING
[2026-09-26 08:56:29] INFO: [DATA] Saved Faction Drop NPC logs records.
[2026-09-26 09:01:34] INFO: [WEATHER] / Line 57 / SQL Settings for weather successfully altered.
[2026-09-26 09:06:29] INFO: [JOB-SYSTEM-TRUCKER] Fetched 0 actual orders sucessfully from SQL
[2026-09-26 09:16:29] INFO: [JOB-SYSTEM-TRUCKER] Fetched 0 actual orders sucessfully from SQL
[2026-09-26 09:26:29] INFO: [JOB-SYSTEM-TRUCKER] Fetched 0 actual orders sucessfully from SQL
[2026-09-26 09:33:34] INFO: [WEATHER] / Line 57 / SQL Settings for weather successfully altered.
[2026-09-26 09:36:29] INFO: [JOB-SYSTEM-TRUCKER] Fetched 0 actual orders sucessfully from SQL
[2026-09-26 09:46:29] INFO: [JOB-SYSTEM-TRUCKER] Fetched 0 actual orders sucessfully from SQL
[2026-09-26 09:56:29] INFO: [JOB-SYSTEM-TRUCKER] Fetched 0 actual orders sucessfully from SQL
[2026-09-26 09:56:29] INFO: WORLDSAVE INCOMING
[2026-09-26 09:56:29] INFO: [DATA] Saved Faction Drop NPC logs records.
[2026-09-26 10:06:29] INFO: [JOB-SYSTEM-TRUCKER] Fetched 0 actual orders sucessfully from SQL
[2026-09-26 10:16:29] INFO: [JOB-SYSTEM-TRUCKER] Fetched 0 actual orders sucessfully from SQL
[2026-09-26 10:19:34] INFO: [WEATHER] / Line 57 / SQL Settings for weather successfully altered.
[2026-09-26 10:26:29] INFO: [JOB-SYSTEM-TRUCKER] Fetched 0 actual orders sucessfully from SQL
[2026-09-26 10:36:29] INFO: [JOB-SYSTEM-TRUCKER] Fetched 0 actual orders sucessfully from SQL
[2026-09-26 10:46:29] INFO: [JOB-SYSTEM-TRUCKER] Fetched 0 actual orders sucessfully from SQL
[2026-09-26 10:56:29] INFO: [JOB-SYSTEM-TRUCKER] Fetched 0 actual orders sucessfully from SQL
[2026-09-26 10:56:29] INFO: WORLDSAVE INCOMING
[2026-09-26 10:56:29] INFO: [DATA] Saved Faction Drop NPC logs records.
[2026-09-26 11:02:34] INFO: [WEATHER] / Line 57 / SQL Settings for weather successfully altered.
[2026-09-26 11:06:29] INFO: [JOB-SYSTEM-TRUCKER] Fetched 0 actual orders sucessfully from SQL
[2026-09-26 11:16:29] INFO: [JOB-SYSTEM-TRUCKER] Fetched 0 actual orders sucessfully from SQL
[2026-09-26 11:26:29] INFO: [JOB-SYSTEM-TRUCKER] Fetched 0 actual orders sucessfully from SQL
[2026-09-26 11:36:29] INFO: [JOB-SYSTEM-TRUCKER] Fetched 0 actual orders sucessfully from SQL
[2026-09-26 11:46:29] INFO: [JOB-SYSTEM-TRUCKER] Fetched 0 actual orders sucessfully from SQL
[2026-09-26 11:56:29] INFO: WORLDSAVE INCOMING
[2026-09-26 11:56:29] INFO: [DATA] Saved Faction Drop NPC logs records.
[2026-09-26 11:56:35] INFO: [JOB-SYSTEM-TRUCKER] Fetched 0 actual orders sucessfully from SQL
[2026-09-26 12:06:29] INFO: [JOB-SYSTEM-TRUCKER] Fetched 0 actual orders sucessfully from SQL
[2026-09-26 12:16:29] INFO: [JOB-SYSTEM-TRUCKER] Fetched 0 actual orders sucessfully from SQL
[2026-09-26 12:26:29] INFO: [JOB-SYSTEM-TRUCKER] Fetched 0 actual orders sucessfully from SQL
[2026-09-26 12:36:29] INFO: [JOB-SYSTEM-TRUCKER] Fetched 0 actual orders sucessfully from SQL
[2026-09-26 12:46:29] INFO: [JOB-SYSTEM-TRUCKER] Fetched 0 actual orders sucessfully from SQL
[2026-09-26 12:52:34] INFO: [WEATHER] / Line 57 / SQL Settings for weather successfully altered.
[2026-09-26 12:56:29] INFO: WORLDSAVE INCOMING
[2026-09-26 12:56:29] INFO: [DATA] Saved Faction Drop NPC logs records.
[2026-09-26 12:56:35] INFO: [JOB-SYSTEM-TRUCKER] Fetched 0 actual orders sucessfully from SQL
[2026-09-26 13:06:29] INFO: [JOB-SYSTEM-TRUCKER] Fetched 0 actual orders sucessfully from SQL
[2026-09-26 13:16:29] INFO: [JOB-SYSTEM-TRUCKER] Fetched 0 actual orders sucessfully from SQL
[2026-09-26 13:26:29] INFO: [JOB-SYSTEM-TRUCKER] Fetched 0 actual orders sucessfully from SQL
[2026-09-26 13:36:29] INFO: [JOB-SYSTEM-TRUCKER] Fetched 0 actual orders sucessfully from SQL
[2026-09-26 13:39:35] INFO: [WEATHER] / Line 57 / SQL Settings for weather successfully altered.
[2026-09-26 13:46:29] INFO: [JOB-SYSTEM-TRUCKER] Fetched 0 actual orders sucessfully from SQL
[2026-09-26 13:51:35] INFO: [WEATHER] / Line 57 / SQL Settings for weather successfully altered.
[2026-09-26 13:56:29] INFO: WORLDSAVE INCOMING
[2026-09-26 13:56:29] INFO: [DATA] Saved Faction Drop NPC logs records.
[2026-09-26 13:56:29] INFO: [JOB-SYSTEM-TRUCKER] Fetched 0 actual orders sucessfully from SQL
[2026-09-26 14:06:26] Server stopped!
[2026-09-26 14:06:26] Stopping resources............................................
[2026-09-26 14:06:26] INFO: [Factions] Saving duty allow changes...
[2026-09-26 14:06:26] INFO: [Factions] Completed in 0 seconds.
[2026-09-26 14:06:26] ERROR: pool\server\s_pool.lua:601: exports: Call to non-running server resource (data) [string "?"]
[2026-09-26 14:06:26] ERROR: pool\server\s_pool.lua:605: exports: Call to non-running server resource (data) [string "?"]
[2026-09-26 14:06:26] ERROR: report-system\s_reports.lua:459: exports: Call to non-running server resource (data) [string "?"]
[2026-09-26 14:06:26] ERROR: shop-system\faction_drop_s.lua:563: exports: Call to non-running server resource (data) [string "?"]
[2026-09-26 14:06:26] ERROR: vehicle-interiors\s_vehicle_interiors.lua:593: exports: Call to non-running server resource (anticheat) [string "?"]
[2026-09-26 14:06:26] ERROR: vehicle-interiors\s_vehicle_interiors.lua:593: exports: Call to non-running server resource (anticheat) [string "?"]  [DUP x10]
[2026-09-26 14:06:26] Closing SQLite3 database
==================================================================
= Multi Theft Auto: San Andreas v1.6
==================================================================
= Server name      : Direct Backup V3
= Server IP address: auto
= Server port      : 22221
= 
= Log file         : ../MTA/server/mods/deathmatch/logs/server.log
= Maximum players  : 32
= HTTP port        : 22221
= Voice Chat       : Disabled
= Bandwidth saving : None
==================================================================
[2026-09-26 14:06:57] WARNING: Ignoring duplicate client file in resource 'vrp': 'Imagens/Fundo.png'
[2026-09-26 14:06:57] Resources: 163 loaded, 0 failed
[2026-09-26 14:06:57] Starting resources...
[2026-09-26 14:06:57] [MYSQL] Connected to database 'pdz' at 127.0.0.1:3306
[2026-09-26 14:06:57] Server minclientversion is now 1.6.0-9.24109.0
[2026-09-26 14:06:57] WARNING: hud/c_overlay_top_right.lua(Line 106) [Client] getControlState is deprecated and may not work in future versions. Please replace with getPedControlState.
[2026-09-26 14:06:57] WARNING: hud/c_overlay_bottom_center.lua(Line 90) [Client] getControlState is deprecated and may not work in future versions. Please replace with getPedControlState.
[2026-09-26 14:06:57] Some files in 'hud' use deprecated functions.
[2026-09-26 14:06:57] Use the 'upgrade' command to perform a basic upgrade of resources.
[2026-09-26 14:06:57] WARNING: account/c_main.lua(Line 5) [Client] showPlayerHudComponent is deprecated and may not work in future versions. Please replace with setPlayerHudComponentVisible.
[2026-09-26 14:06:57] WARNING: account/c_main.lua(Line 7) [Client] showPlayerHudComponent is deprecated and may not work in future versions. Please replace with setPlayerHudComponentVisible.
[2026-09-26 14:06:57] WARNING: account/c_main.lua(Line 9) [Client] showPlayerHudComponent is deprecated and may not work in future versions. Please replace with setPlayerHudComponentVisible.
[2026-09-26 14:06:57] WARNING: account/c_main.lua(Line 11) [Client] showPlayerHudComponent is deprecated and may not work in future versions. Please replace with setPlayerHudComponentVisible.
[2026-09-26 14:06:57] WARNING: account/c_main.lua(Line 13) [Client] showPlayerHudComponent is deprecated and may not work in future versions. Please replace with setPlayerHudComponentVisible.
[2026-09-26 14:06:57] WARNING: account/c_main.lua(Line 15) [Client] showPlayerHudComponent is deprecated and may not work in future versions. Please replace with setPlayerHudComponentVisible.
[2026-09-26 14:06:57] WARNING: account/c_main.lua(Line 17) [Client] showPlayerHudComponent is deprecated and may not work in future versions. Please replace with setPlayerHudComponentVisible.
[2026-09-26 14:06:57] WARNING: account/c_main.lua(Line 19) [Client] showPlayerHudComponent is deprecated and may not work in future versions. Please replace with setPlayerHudComponentVisible.
[2026-09-26 14:06:57] WARNING: account/c_main.lua(Line 21) [Client] showPlayerHudComponent is deprecated and may not work in future versions. Please replace with setPlayerHudComponentVisible.
[2026-09-26 14:06:57] WARNING: account/c_main.lua(Line 23) [Client] showPlayerHudComponent is deprecated and may not work in future versions. Please replace with setPlayerHudComponentVisible.
[2026-09-26 14:06:57] WARNING: account/c_main.lua(Line 25) [Client] showPlayerHudComponent is deprecated and may not work in future versions. Please replace with setPlayerHudComponentVisible.
[2026-09-26 14:06:57] WARNING: account/c_characters.lua(Line 13) [Client] showPlayerHudComponent is deprecated and may not work in future versions. Please replace with setPlayerHudComponentVisible.
[2026-09-26 14:06:57] WARNING: account/c_options.lua(Line 519) [Client] setControlState is deprecated and may not work in future versions. Please replace with setPedControlState.
[2026-09-26 14:06:57] Some files in 'account' use deprecated functions.
[2026-09-26 14:06:57] Use the 'upgrade' command to perform a basic upgrade of resources.
[2026-09-26 14:06:58] WARNING: admin-system/Player/s_teleport.lua(Line 123) [Server] setVehicleTurnVelocity is deprecated and may not work in future versions. Please replace with setElementAngularVelocity.
[2026-09-26 14:06:58] WARNING: admin-system/Player/s_teleport.lua(Line 313) [Server] setVehicleTurnVelocity is deprecated and may not work in future versions. Please replace with setElementAngularVelocity.
[2026-09-26 14:06:58] WARNING: admin-system/Player/s_teleport.lua(Line 534) [Server] setVehicleTurnVelocity is deprecated and may not work in future versions. Please replace with setElementAngularVelocity.
[2026-09-26 14:06:58] WARNING: admin-system/Player/s_teleport.lua(Line 792) [Server] setVehicleTurnVelocity is deprecated and may not work in future versions. Please replace with setElementAngularVelocity.
[2026-09-26 14:06:58] WARNING: admin-system/Player/s_teleport.lua(Line 1176) [Server] setVehicleTurnVelocity is deprecated and may not work in future versions. Please replace with setElementAngularVelocity.
[2026-09-26 14:06:58] WARNING: admin-system/Player/s_teleport.lua(Line 1326) [Server] setVehicleTurnVelocity is deprecated and may not work in future versions. Please replace with setElementAngularVelocity.
[2026-09-26 14:06:58] WARNING: admin-system/c_overlay.lua(Line 460) [Client] getControlState is deprecated and may not work in future versions. Please replace with getPedControlState.
[2026-09-26 14:06:58] Some files in 'admin-system' use deprecated functions.
[2026-09-26 14:06:58] Use the 'upgrade' command to perform a basic upgrade of resources.
[2026-09-26 14:06:58] Server password cleared
[2026-09-26 14:06:58] WARNING: driveby/driveby_client.lua(Line 1024) [Client] setControlState is deprecated and may not work in future versions. Please replace with setPedControlState.
[2026-09-26 14:06:58] Some files in 'driveby' use deprecated functions.
[2026-09-26 14:06:58] Use the 'upgrade' command to perform a basic upgrade of resources.
[2026-09-26 14:06:58] WARNING: elevator-system/s_elevator_system.lua(Line 1445) [Server] setVehicleTurnVelocity is deprecated and may not work in future versions. Please replace with setElementAngularVelocity.
[2026-09-26 14:06:58] WARNING: elevator-system/s_elevator_system.lua(Line 1553) [Server] setVehicleTurnVelocity is deprecated and may not work in future versions. Please replace with setElementAngularVelocity.
[2026-09-26 14:06:58] Some files in 'elevator-system' use deprecated functions.
[2026-09-26 14:06:58] Use the 'upgrade' command to perform a basic upgrade of resources.
[2026-09-26 14:06:58] WARNING: fuel-system/s_fuel_peds.lua(Line 2522) [Server] setVehicleTurnVelocity is deprecated and may not work in future versions. Please replace with setElementAngularVelocity.
[2026-09-26 14:06:58] Some files in 'fuel-system' use deprecated functions.
[2026-09-26 14:06:58] Use the 'upgrade' command to perform a basic upgrade of resources.
[2026-09-26 14:06:58] Please wait...
[2026-09-26 14:06:58] WARNING: heligrab/c_heli.lua(Line 756) [Client] getControlState is deprecated and may not work in future versions. Please replace with getPedControlState.
[2026-09-26 14:06:58] Some files in 'heligrab' use deprecated functions.
[2026-09-26 14:06:58] Use the 'upgrade' command to perform a basic upgrade of resources.
[2026-09-26 14:06:58] WARNING: item-system/c_itemchange.lua(Line 9) [Client] showPlayerHudComponent is deprecated and may not work in future versions. Please replace with setPlayerHudComponentVisible.
[2026-09-26 14:06:58] WARNING: item-system/c_itemchange.lua(Line 13) [Client] showPlayerHudComponent is deprecated and may not work in future versions. Please replace with setPlayerHudComponentVisible.
[2026-09-26 14:06:58] Some files in 'item-system' use deprecated functions.
[2026-09-26 14:06:58] Use the 'upgrade' command to perform a basic upgrade of resources.
[2026-09-26 14:06:58] WARNING: item-texture\s_itemtexture.lua:173: Bad argument @ 'getElementsByType' [Expected element at argument 2, got boolean]
[2026-09-26 14:06:58] INFO: item-texture: Loading textures for 0 world items
[2026-09-26 14:06:58] INFO: item-texture: 0 clients waiting on initial sync.
[2026-09-26 14:06:58] INFO: item-texture: 0 textured elements were added for initial sync.
[2026-09-26 14:06:58] INFO: [ITEM WORLD] Loading 0 world items will be finished in approximately 0.05 seconds.
[2026-09-26 14:06:58] WARNING: job-system-trucker/s_trucker_job.lua(Line 2690) [Server] setVehicleTurnVelocity is deprecated and may not work in future versions. Please replace with setElementAngularVelocity.
[2026-09-26 14:06:58] WARNING: job-system-trucker/s_trucker_job.lua(Line 2750) [Server] setVehicleTurnVelocity is deprecated and may not work in future versions. Please replace with setElementAngularVelocity.
[2026-09-26 14:06:58] WARNING: job-system-trucker/s_trucker_job.lua(Line 2810) [Server] setVehicleTurnVelocity is deprecated and may not work in future versions. Please replace with setElementAngularVelocity.
[2026-09-26 14:06:58] WARNING: job-system-trucker/s_trucker_job.lua(Line 2870) [Server] setVehicleTurnVelocity is deprecated and may not work in future versions. Please replace with setElementAngularVelocity.
[2026-09-26 14:06:58] WARNING: job-system-trucker/c_overlay.lua(Line 1166) [Client] getControlState is deprecated and may not work in future versions. Please replace with getPedControlState.
[2026-09-26 14:06:58] Some files in 'job-system-trucker' use deprecated functions.
[2026-09-26 14:06:58] Use the 'upgrade' command to perform a basic upgrade of resources.
[2026-09-26 14:06:58] INFO: [JOB-SYSTEM-TRUCKER] Fetched 2 actual orders sucessfully from SQL
[2026-09-26 14:06:58] WARNING: pd-system/c_policedeagle.lua(Line 437) [Client] getControlState is deprecated and may not work in future versions. Please replace with getPedControlState.
[2026-09-26 14:06:58] WARNING: pd-system/c_policeshotgun.lua(Line 331) [Client] getControlState is deprecated and may not work in future versions. Please replace with getPedControlState.
[2026-09-26 14:06:58] Some files in 'pd-system' use deprecated functions.
[2026-09-26 14:06:58] Use the 'upgrade' command to perform a basic upgrade of resources.
[2026-09-26 14:06:58] WARNING: File 'icons/admin3.png' in resource 'main-menu' is invalid.
[2026-09-26 14:06:58] WARNING: File 'icons/admin_badge.png' in resource 'main-menu' is invalid.
[2026-09-26 14:06:58] WARNING: File 'icons/AFK.png' in resource 'main-menu' is invalid.
[2026-09-26 14:06:58] WARNING: File 'icons/blindfold.png' in resource 'main-menu' is invalid.
[2026-09-26 14:06:58] WARNING: File 'icons/booster.png' in resource 'main-menu' is invalid.
[2026-09-26 14:06:58] WARNING: File 'icons/car_lights.png' in resource 'main-menu' is invalid.
[2026-09-26 14:06:58] WARNING: File 'icons/car_lock.png' in resource 'main-menu' is invalid.
[2026-09-26 14:06:58] WARNING: File 'icons/classic.png' in resource 'main-menu' is invalid.
[2026-09-26 14:06:58] WARNING: File 'icons/developer_badge.png' in resource 'main-menu' is invalid.
[2026-09-26 14:06:58] WARNING: File 'icons/developer_badge2.png' in resource 'main-menu' is invalid.
[2026-09-26 14:06:58] WARNING: File 'icons/diamond.png' in resource 'main-menu' is invalid.
[2026-09-26 14:06:58] WARNING: File 'icons/discord_tag.png' in resource 'main-menu' is invalid.
[2026-09-26 14:06:58] WARNING: File 'icons/engine.png' in resource 'main-menu' is invalid.
[2026-09-26 14:06:58] WARNING: File 'icons/facbadge.png' in resource 'main-menu' is invalid.
[2026-09-26 14:06:58] WARNING: File 'icons/gasmask.png' in resource 'main-menu' is invalid.
[2026-09-26 14:06:58] WARNING: File 'icons/gloves.png' in resource 'main-menu' is invalid.
[2026-09-26 14:06:58] WARNING: File 'icons/gold_member.png' in resource 'main-menu' is invalid.
[2026-09-26 14:06:58] WARNING: File 'icons/handbrake.png' in resource 'main-menu' is invalid.
[2026-09-26 14:06:58] WARNING: File 'icons/handcuffs.png' in resource 'main-menu' is invalid.
[2026-09-26 14:06:58] WARNING: File 'icons/head_turning.png' in resource 'main-menu' is invalid.
[2026-09-26 14:06:58] WARNING: File 'icons/heart.png' in resource 'main-menu' is invalid.
[2026-09-26 14:06:58] WARNING: File 'icons/mask.png' in resource 'main-menu' is invalid.
[2026-09-26 14:06:58] WARNING: File 'icons/medical_mask.png' in resource 'main-menu' is invalid.
[2026-09-26 14:06:58] WARNING: File 'icons/phone.png' in resource 'main-menu' is invalid.
[2026-09-26 14:06:58] WARNING: File 'icons/police.png' in resource 'main-menu' is invalid.
[2026-09-26 14:06:58] WARNING: File 'icons/premium.png' in resource 'main-menu' is invalid.
[2026-09-26 14:06:58] WARNING: File 'icons/pro.png' in resource 'main-menu' is invalid.
[2026-09-26 14:06:58] WARNING: File 'icons/reportpanel.png' in resource 'main-menu' is invalid.
[2026-09-26 14:06:58] WARNING: File 'icons/rope.png' in resource 'main-menu' is invalid.
[2026-09-26 14:06:58] WARNING: File 'icons/seatbelt.png' in resource 'main-menu' is invalid.
[2026-09-26 14:06:58] WARNING: File 'icons/silver_member.png' in resource 'main-menu' is invalid.
[2026-09-26 14:06:58] WARNING: File 'icons/support_badge.png' in resource 'main-menu' is invalid.
[2026-09-26 14:06:58] WARNING: File 'icons/support_badge_4.png' in resource 'main-menu' is invalid.
[2026-09-26 14:06:58] WARNING: File 'icons/tagmode.png' in resource 'main-menu' is invalid.
[2026-09-26 14:06:58] WARNING: File 'icons/togpm.png' in resource 'main-menu' is invalid.
[2026-09-26 14:06:58] WARNING: File 'icons/vehicle_engine.png' in resource 'main-menu' is invalid.
[2026-09-26 14:06:58] WARNING: File 'icons/vehicle_handbrake.png' in resource 'main-menu' is invalid.
[2026-09-26 14:06:58] WARNING: File 'icons/vehicle_lights.png' in resource 'main-menu' is invalid.
[2026-09-26 14:06:58] WARNING: File 'icons/vehicle_lock.png' in resource 'main-menu' is invalid.
[2026-09-26 14:06:58] WARNING: File 'icons/vehicle_seatbelt.png' in resource 'main-menu' is invalid.
[2026-09-26 14:06:58] WARNING: File 'icons/verified.png' in resource 'main-menu' is invalid.
[2026-09-26 14:06:58] WARNING: File 'icons/walkingstyle.png' in resource 'main-menu' is invalid.
[2026-09-26 14:06:58] WARNING: File 'icons/warrior.png' in resource 'main-menu' is invalid.
[2026-09-26 14:06:58] WARNING: File 'icons/youtuber.png' in resource 'main-menu' is invalid.
[2026-09-26 14:06:58] SCRIPT ERROR: main-menu\s_main.lua:33: cannot use '...' outside a vararg function near '...'
[2026-09-26 14:06:58] ERROR: Loading script failed: main-menu\s_main.lua:33: cannot use '...' outside a vararg function near '...'
[2026-09-26 14:06:59] WARNING: realism-system/c_backup_bleepers.lua(Line 333) [Client] getControlState is deprecated and may not work in future versions. Please replace with getPedControlState.
[2026-09-26 14:06:59] WARNING: realism-system/c_cruise_control.lua(Line 141) [Client] setControlState is deprecated and may not work in future versions. Please replace with setPedControlState.
[2026-09-26 14:06:59] WARNING: realism-system/c_cruise_control.lua(Line 149) [Client] setControlState is deprecated and may not work in future versions. Please replace with setPedControlState.
[2026-09-26 14:06:59] WARNING: realism-system/c_cruise_control.lua(Line 201) [Client] setControlState is deprecated and may not work in future versions. Please replace with setPedControlState.
[2026-09-26 14:06:59] WARNING: realism-system/c_fpview.lua(Line 439) [Client] getControlState is deprecated and may not work in future versions. Please replace with getPedControlState.
[2026-09-26 14:06:59] WARNING: realism-system/c_fpview.lua(Line 451) [Client] getControlState is deprecated and may not work in future versions. Please replace with getPedControlState.
[2026-09-26 14:06:59] WARNING: realism-system/c_fpview.lua(Line 463) [Client] getControlState is deprecated and may not work in future versions. Please replace with getPedControlState.
[2026-09-26 14:06:59] WARNING: realism-system/c_heli_rotors.lua(Line 17) [Client] getHelicopterRotorSpeed is deprecated and may not work in future versions. Please replace with getVehicleRotorSpeed.
[2026-09-26 14:06:59] WARNING: realism-system/c_heli_rotors.lua(Line 21) [Client] getHelicopterRotorSpeed is deprecated and may not work in future versions. Please replace with getVehicleRotorSpeed.
[2026-09-26 14:06:59] WARNING: realism-system/c_heli_rotors.lua(Line 25) [Client] setHelicopterRotorSpeed is deprecated and may not work in future versions. Please replace with setVehicleRotorSpeed.
[2026-09-26 14:06:59] WARNING: realism-system/c_carrealism.lua(Line 353) [Client] getControlState is deprecated and may not work in future versions. Please replace with getPedControlState.
[2026-09-26 14:06:59] WARNING: realism-system/handbrake_c.lua(Line 217) [Client] getControlState is deprecated and may not work in future versions. Please replace with getPedControlState.
[2026-09-26 14:06:59] WARNING: realism-system/handbrake_c.lua(Line 221) [Client] setControlState is deprecated and may not work in future versions. Please replace with setPedControlState.
[2026-09-26 14:06:59] Some files in 'realism-system' use deprecated functions.
[2026-09-26 14:06:59] Use the 'upgrade' command to perform a basic upgrade of resources.
[2026-09-26 14:06:59] WARNING: report-system/c_external_report_box.lua(Line 265) [Client] getControlState is deprecated and may not work in future versions. Please replace with getPedControlState.
[2026-09-26 14:06:59] WARNING: report-system/c_top_right_box.lua(Line 84) [Client] getControlState is deprecated and may not work in future versions. Please replace with getPedControlState.
[2026-09-26 14:06:59] Some files in 'report-system' use deprecated functions.
[2026-09-26 14:06:59] Use the 'upgrade' command to perform a basic upgrade of resources.
[2026-09-26 14:06:59] INFO: Loaded 0 reports.
[2026-09-26 14:06:59] WARNING: File 'icons/premium.png' in resource 'scoreboard' is invalid.
[2026-09-26 14:06:59] WARNING: File 'icons/booster.png' in resource 'scoreboard' is invalid.
[2026-09-26 14:06:59] WARNING: File 'icons/classic.png' in resource 'scoreboard' is invalid.
[2026-09-26 14:06:59] WARNING: File 'icons/gold_member.png' in resource 'scoreboard' is invalid.
[2026-09-26 14:06:59] WARNING: File 'icons/verified.png' in resource 'scoreboard' is invalid.
[2026-09-26 14:06:59] WARNING: File 'icons/youtuber.png' in resource 'scoreboard' is invalid.
[2026-09-26 14:06:59] WARNING: shop-system/s_generalshop_system.lua(Line 672) [Server] setVehicleTurnVelocity is deprecated and may not work in future versions. Please replace with setElementAngularVelocity.
[2026-09-26 14:06:59] Some files in 'shop-system' use deprecated functions.
[2026-09-26 14:06:59] Use the 'upgrade' command to perform a basic upgrade of resources.
[2026-09-26 14:06:59] WARNING: spike-system/c_spikes.lua(Line 93) [Client] getVehicleTurnVelocity is deprecated and may not work in future versions. Please replace with getElementAngularVelocity.
[2026-09-26 14:06:59] WARNING: spike-system/c_spikes.lua(Line 97) [Client] setVehicleTurnVelocity is deprecated and may not work in future versions. Please replace with setElementAngularVelocity.
[2026-09-26 14:06:59] Some files in 'spike-system' use deprecated functions.
[2026-09-26 14:06:59] Use the 'upgrade' command to perform a basic upgrade of resources.
[2026-09-26 14:06:59] WARNING: vehicle-interiors/s_vehicle_interiors.lua(Line 1936) [Server] setVehicleTurnVelocity is deprecated and may not work in future versions. Please replace with setElementAngularVelocity.
[2026-09-26 14:06:59] Some files in 'vehicle-interiors' use deprecated functions.
[2026-09-26 14:06:59] Use the 'upgrade' command to perform a basic upgrade of resources.
[2026-09-26 14:06:59] WARNING: superman/c_superman.lua(Line 1352) [Client] getControlState is deprecated and may not work in future versions. Please replace with getPedControlState.
[2026-09-26 14:06:59] WARNING: superman/c_superman.lua(Line 1391) [Client] getControlState is deprecated and may not work in future versions. Please replace with getPedControlState.
[2026-09-26 14:06:59] WARNING: superman/c_superman.lua(Line 1399) [Client] getControlState is deprecated and may not work in future versions. Please replace with getPedControlState.
[2026-09-26 14:06:59] WARNING: superman/c_superman.lua(Line 1415) [Client] getControlState is deprecated and may not work in future versions. Please replace with getPedControlState.
[2026-09-26 14:06:59] WARNING: superman/c_superman.lua(Line 1423) [Client] getControlState is deprecated and may not work in future versions. Please replace with getPedControlState.
[2026-09-26 14:06:59] WARNING: superman/c_superman.lua(Line 1459) [Client] getControlState is deprecated and may not work in future versions. Please replace with getPedControlState.
[2026-09-26 14:06:59] WARNING: superman/c_superman.lua(Line 1487) [Client] getControlState is deprecated and may not work in future versions. Please replace with getPedControlState.
[2026-09-26 14:06:59] WARNING: superman/c_superman.lua(Line 1499) [Client] getControlState is deprecated and may not work in future versions. Please replace with getPedControlState.
[2026-09-26 14:06:59] WARNING: superman/c_superman.lua(Line 2094) [Client] getControlState is deprecated and may not work in future versions. Please replace with getPedControlState.
[2026-09-26 14:06:59] Some files in 'superman' use deprecated functions.
[2026-09-26 14:06:59] Use the 'upgrade' command to perform a basic upgrade of resources.
[2026-09-26 14:06:59] WARNING: gate-manager/s_gate_manager.lua(Line 802) [Server] setVehicleTurnVelocity is deprecated and may not work in future versions. Please replace with setElementAngularVelocity.
[2026-09-26 14:06:59] Some files in 'gate-manager' use deprecated functions.
[2026-09-26 14:06:59] Use the 'upgrade' command to perform a basic upgrade of resources.
[2026-09-26 14:07:00] WARNING: sfia/s_airtrack.lua(Line 227) [Server] showPlayerHudComponent is deprecated and may not work in future versions. Please replace with setPlayerHudComponentVisible.
[2026-09-26 14:07:00] WARNING: sfia/s_airtrack.lua(Line 263) [Server] showPlayerHudComponent is deprecated and may not work in future versions. Please replace with setPlayerHudComponentVisible.
[2026-09-26 14:07:00] Some files in 'sfia' use deprecated functions.
[2026-09-26 14:07:00] Use the 'upgrade' command to perform a basic upgrade of resources.
[2026-09-26 14:07:00] WARNING: vehicle-manager/s_vehicle_commands.lua(Line 789) [Server] setVehicleTurnVelocity is deprecated and may not work in future versions. Please replace with setElementAngularVelocity.
[2026-09-26 14:07:00] Some files in 'vehicle-manager' use deprecated functions.
[2026-09-26 14:07:00] Use the 'upgrade' command to perform a basic upgrade of resources.
[2026-09-26 14:07:00] INFO: Loaded 0 texture records for all interiors in 0ms
[2026-09-26 14:07:00] WARNING: announcement/client.lua(Line 76) [Client] getControlState is deprecated and may not work in future versions. Please replace with getPedControlState.
[2026-09-26 14:07:00] Some files in 'announcement' use deprecated functions.
[2026-09-26 14:07:00] Use the 'upgrade' command to perform a basic upgrade of resources.
[2026-09-26 14:07:00] INFO: LeFire Script loaded ...
[2026-09-26 14:07:00] INFO: Loaded 0 animated texture records in 0ms
[2026-09-26 14:07:00] INFO: PRISON-SYSTEM: Loaded 24 cell gates from s_gates.lua
[2026-09-26 14:07:01] WARNING: vrp/client.lua(Line 246) [Client] showPlayerHudComponent is deprecated and may not work in future versions. Please replace with setPlayerHudComponentVisible.
[2026-09-26 14:07:01] Some files in 'vrp' use deprecated functions.
[2026-09-26 14:07:01] Use the 'upgrade' command to perform a basic upgrade of resources.
[2026-09-26 14:07:01] Querying MTA master server... success! (Auto detected IP:129.224.207.74)
[2026-09-26 14:07:01] Authorized serial account protection is enabled for the ACL group(s): `Admin`  See http://multitheftauto.com/authserial
[2026-09-26 14:07:01] WARNING: <owner_email_address> not set
[2026-09-26 14:07:01] Server started and is ready to accept connections!
[2026-09-26 14:07:01] To stop the server, type 'shutdown' or press Ctrl-C
[2026-09-26 14:07:01] Type 'help' for a list of commands.
[2026-09-26 14:07:04] INFO: [WEATHER] / Line 57 / SQL Settings for weather successfully altered.
[2026-09-26 14:07:28] INFO: [ELEVATOR] Spawning 0 elevators will be finished in approx. 0 seconds.
[2026-09-26 14:07:56] CONNECT: GlossyHarp91 connected (IP: 127.0.0.1  Serial: 5476DADC39B41BA9B017E8EF2EE22433  Version: 1.6.0-9.24149.0)
[2026-09-26 14:07:57] JOIN: GlossyHarp91 joined the game (IP: 127.0.0.1)
[2026-09-26 14:07:57] NICK: GlossyHarp91 is now known as Direct-Hosting.6694
[2026-09-26 14:07:58] Stopping item-texture
[2026-09-26 14:07:58] Starting item-texture
[2026-09-26 14:07:58] INFO: item-texture: Loading textures for 0 world items
[2026-09-26 14:07:58] INFO: item-texture: 0 clients waiting on initial sync.
[2026-09-26 14:07:58] INFO: item-texture: 0 textured elements were added for initial sync.
[2026-09-26 14:07:58] item-texture restarted successfully
[2026-09-26 14:08:32] INFO: Loading 2 account settings to client #1
[2026-09-26 14:08:41] NICK: Direct-Hosting.6694 is now known as Robson_Walton
[2026-09-26 14:09:20] ERROR: faction-system\s_faction_system.lua:1619: attempt to index field 'characterfrom' (a boolean value)
[2026-09-26 14:09:26] ERROR: faction-system\s_faction_system.lua:1619: attempt to index field 'characterfrom' (a boolean value)  [DUP x86]
[2026-09-26 14:16:58] INFO: [JOB-SYSTEM-TRUCKER] Fetched 0 actual orders sucessfully from SQL
[2026-09-26 14:22:28] ACL: Denied 'Robson_Walton' access to command 'start'
[2026-09-26 14:22:43] Stopping main-menu
[2026-09-26 14:22:43] Starting main-menu
[2026-09-26 14:22:43] SCRIPT ERROR: main-menu\s_main.lua:33: cannot use '...' outside a vararg function near '...'
[2026-09-26 14:22:43] ERROR: Loading script failed: main-menu\s_main.lua:33: cannot use '...' outside a vararg function near '...'
[2026-09-26 14:22:43] main-menu restarted successfully
[2026-09-26 14:26:58] INFO: [JOB-SYSTEM-TRUCKER] Fetched 0 actual orders sucessfully from SQL
[2026-09-26 14:36:04] INFO: [WEATHER] / Line 57 / SQL Settings for weather successfully altered.
[2026-09-26 14:36:58] INFO: [JOB-SYSTEM-TRUCKER] Fetched 0 actual orders sucessfully from SQL
[2026-09-26 14:38:48] Server stopped!
[2026-09-26 14:38:48] Stopping resources............................................
[2026-09-26 14:38:48] INFO: [Factions] Saving duty allow changes...
[2026-09-26 14:38:48] INFO: [Factions] Completed in 0 seconds.
[2026-09-26 14:38:49] ERROR: pool\server\s_pool.lua:601: exports: Call to non-running server resource (data) [string "?"]
[2026-09-26 14:38:49] ERROR: pool\server\s_pool.lua:605: exports: Call to non-running server resource (data) [string "?"]
[2026-09-26 14:38:49] ERROR: report-system\s_reports.lua:459: exports: Call to non-running server resource (data) [string "?"]
[2026-09-26 14:38:49] ERROR: shop-system\faction_drop_s.lua:563: exports: Call to non-running server resource (data) [string "?"]
[2026-09-26 14:38:49] ERROR: vehicle-interiors\s_vehicle_interiors.lua:593: exports: Call to non-running server resource (anticheat) [string "?"]
[2026-09-26 14:38:50] ERROR: vehicle-interiors\s_vehicle_interiors.lua:593: exports: Call to non-running server resource (anticheat) [string "?"]  [DUP x10]
[2026-09-26 14:38:50] Closing SQLite3 database
==================================================================
= Multi Theft Auto: San Andreas v1.6
==================================================================
= Server name      : Direct Backup V3
= Server IP address: auto
= Server port      : 22221
= 
= Log file         : ../MTA/server/mods/deathmatch/logs/server.log
= Maximum players  : 32
= HTTP port        : 22221
= Voice Chat       : Disabled
= Bandwidth saving : None
==================================================================
[2026-09-26 14:48:57] WARNING: Ignoring duplicate client file in resource 'vrp': 'Imagens/Fundo.png'
[2026-09-26 14:48:57] Resources: 163 loaded, 0 failed
[2026-09-26 14:48:57] Starting resources...
[2026-09-26 14:48:57] [MYSQL] Connected to database 'pdz' at 127.0.0.1:3306
[2026-09-26 14:48:57] Server minclientversion is now 1.6.0-9.24109.0
[2026-09-26 14:48:57] WARNING: hud/c_overlay_top_right.lua(Line 106) [Client] getControlState is deprecated and may not work in future versions. Please replace with getPedControlState.
[2026-09-26 14:48:57] WARNING: hud/c_overlay_bottom_center.lua(Line 90) [Client] getControlState is deprecated and may not work in future versions. Please replace with getPedControlState.
[2026-09-26 14:48:57] Some files in 'hud' use deprecated functions.
[2026-09-26 14:48:57] Use the 'upgrade' command to perform a basic upgrade of resources.
[2026-09-26 14:48:58] WARNING: account/c_main.lua(Line 5) [Client] showPlayerHudComponent is deprecated and may not work in future versions. Please replace with setPlayerHudComponentVisible.
[2026-09-26 14:48:58] WARNING: account/c_main.lua(Line 7) [Client] showPlayerHudComponent is deprecated and may not work in future versions. Please replace with setPlayerHudComponentVisible.
[2026-09-26 14:48:58] WARNING: account/c_main.lua(Line 9) [Client] showPlayerHudComponent is deprecated and may not work in future versions. Please replace with setPlayerHudComponentVisible.
[2026-09-26 14:48:58] WARNING: account/c_main.lua(Line 11) [Client] showPlayerHudComponent is deprecated and may not work in future versions. Please replace with setPlayerHudComponentVisible.
[2026-09-26 14:48:58] WARNING: account/c_main.lua(Line 13) [Client] showPlayerHudComponent is deprecated and may not work in future versions. Please replace with setPlayerHudComponentVisible.
[2026-09-26 14:48:58] WARNING: account/c_main.lua(Line 15) [Client] showPlayerHudComponent is deprecated and may not work in future versions. Please replace with setPlayerHudComponentVisible.
[2026-09-26 14:48:58] WARNING: account/c_main.lua(Line 17) [Client] showPlayerHudComponent is deprecated and may not work in future versions. Please replace with setPlayerHudComponentVisible.
[2026-09-26 14:48:58] WARNING: account/c_main.lua(Line 19) [Client] showPlayerHudComponent is deprecated and may not work in future versions. Please replace with setPlayerHudComponentVisible.
[2026-09-26 14:48:58] WARNING: account/c_main.lua(Line 21) [Client] showPlayerHudComponent is deprecated and may not work in future versions. Please replace with setPlayerHudComponentVisible.
[2026-09-26 14:48:58] WARNING: account/c_main.lua(Line 23) [Client] showPlayerHudComponent is deprecated and may not work in future versions. Please replace with setPlayerHudComponentVisible.
[2026-09-26 14:48:58] WARNING: account/c_main.lua(Line 25) [Client] showPlayerHudComponent is deprecated and may not work in future versions. Please replace with setPlayerHudComponentVisible.
[2026-09-26 14:48:58] WARNING: account/c_characters.lua(Line 13) [Client] showPlayerHudComponent is deprecated and may not work in future versions. Please replace with setPlayerHudComponentVisible.
[2026-09-26 14:48:58] WARNING: account/c_options.lua(Line 519) [Client] setControlState is deprecated and may not work in future versions. Please replace with setPedControlState.
[2026-09-26 14:48:58] Some files in 'account' use deprecated functions.
[2026-09-26 14:48:58] Use the 'upgrade' command to perform a basic upgrade of resources.
[2026-09-26 14:48:58] WARNING: admin-system/Player/s_teleport.lua(Line 123) [Server] setVehicleTurnVelocity is deprecated and may not work in future versions. Please replace with setElementAngularVelocity.
[2026-09-26 14:48:58] WARNING: admin-system/Player/s_teleport.lua(Line 313) [Server] setVehicleTurnVelocity is deprecated and may not work in future versions. Please replace with setElementAngularVelocity.
[2026-09-26 14:48:58] WARNING: admin-system/Player/s_teleport.lua(Line 534) [Server] setVehicleTurnVelocity is deprecated and may not work in future versions. Please replace with setElementAngularVelocity.
[2026-09-26 14:48:58] WARNING: admin-system/Player/s_teleport.lua(Line 792) [Server] setVehicleTurnVelocity is deprecated and may not work in future versions. Please replace with setElementAngularVelocity.
[2026-09-26 14:48:58] WARNING: admin-system/Player/s_teleport.lua(Line 1176) [Server] setVehicleTurnVelocity is deprecated and may not work in future versions. Please replace with setElementAngularVelocity.
[2026-09-26 14:48:58] WARNING: admin-system/Player/s_teleport.lua(Line 1326) [Server] setVehicleTurnVelocity is deprecated and may not work in future versions. Please replace with setElementAngularVelocity.
[2026-09-26 14:48:58] WARNING: admin-system/c_overlay.lua(Line 460) [Client] getControlState is deprecated and may not work in future versions. Please replace with getPedControlState.
[2026-09-26 14:48:58] Some files in 'admin-system' use deprecated functions.
[2026-09-26 14:48:58] Use the 'upgrade' command to perform a basic upgrade of resources.
[2026-09-26 14:48:58] Server password cleared
[2026-09-26 14:48:58] WARNING: driveby/driveby_client.lua(Line 1024) [Client] setControlState is deprecated and may not work in future versions. Please replace with setPedControlState.
[2026-09-26 14:48:58] Some files in 'driveby' use deprecated functions.
[2026-09-26 14:48:58] Use the 'upgrade' command to perform a basic upgrade of resources.
[2026-09-26 14:48:58] WARNING: elevator-system/s_elevator_system.lua(Line 1445) [Server] setVehicleTurnVelocity is deprecated and may not work in future versions. Please replace with setElementAngularVelocity.
[2026-09-26 14:48:58] WARNING: elevator-system/s_elevator_system.lua(Line 1553) [Server] setVehicleTurnVelocity is deprecated and may not work in future versions. Please replace with setElementAngularVelocity.
[2026-09-26 14:48:58] Some files in 'elevator-system' use deprecated functions.
[2026-09-26 14:48:58] Use the 'upgrade' command to perform a basic upgrade of resources.
[2026-09-26 14:48:58] WARNING: fuel-system/s_fuel_peds.lua(Line 2522) [Server] setVehicleTurnVelocity is deprecated and may not work in future versions. Please replace with setElementAngularVelocity.
[2026-09-26 14:48:58] Some files in 'fuel-system' use deprecated functions.
[2026-09-26 14:48:58] Use the 'upgrade' command to perform a basic upgrade of resources.
[2026-09-26 14:48:58] Please wait...
[2026-09-26 14:48:59] WARNING: heligrab/c_heli.lua(Line 756) [Client] getControlState is deprecated and may not work in future versions. Please replace with getPedControlState.
[2026-09-26 14:48:59] Some files in 'heligrab' use deprecated functions.
[2026-09-26 14:48:59] Use the 'upgrade' command to perform a basic upgrade of resources.
[2026-09-26 14:48:59] WARNING: item-system/c_itemchange.lua(Line 9) [Client] showPlayerHudComponent is deprecated and may not work in future versions. Please replace with setPlayerHudComponentVisible.
[2026-09-26 14:48:59] WARNING: item-system/c_itemchange.lua(Line 13) [Client] showPlayerHudComponent is deprecated and may not work in future versions. Please replace with setPlayerHudComponentVisible.
[2026-09-26 14:48:59] Some files in 'item-system' use deprecated functions.
[2026-09-26 14:48:59] Use the 'upgrade' command to perform a basic upgrade of resources.
[2026-09-26 14:48:59] WARNING: item-texture\s_itemtexture.lua:173: Bad argument @ 'getElementsByType' [Expected element at argument 2, got boolean]
[2026-09-26 14:48:59] INFO: item-texture: Loading textures for 0 world items
[2026-09-26 14:48:59] INFO: item-texture: 0 clients waiting on initial sync.
[2026-09-26 14:48:59] INFO: item-texture: 0 textured elements were added for initial sync.
[2026-09-26 14:48:59] INFO: [ITEM WORLD] Loading 0 world items will be finished in approximately 0.05 seconds.
[2026-09-26 14:48:59] WARNING: job-system-trucker/s_trucker_job.lua(Line 2690) [Server] setVehicleTurnVelocity is deprecated and may not work in future versions. Please replace with setElementAngularVelocity.
[2026-09-26 14:48:59] WARNING: job-system-trucker/s_trucker_job.lua(Line 2750) [Server] setVehicleTurnVelocity is deprecated and may not work in future versions. Please replace with setElementAngularVelocity.
[2026-09-26 14:48:59] WARNING: job-system-trucker/s_trucker_job.lua(Line 2810) [Server] setVehicleTurnVelocity is deprecated and may not work in future versions. Please replace with setElementAngularVelocity.
[2026-09-26 14:48:59] WARNING: job-system-trucker/s_trucker_job.lua(Line 2870) [Server] setVehicleTurnVelocity is deprecated and may not work in future versions. Please replace with setElementAngularVelocity.
[2026-09-26 14:48:59] WARNING: job-system-trucker/c_overlay.lua(Line 1166) [Client] getControlState is deprecated and may not work in future versions. Please replace with getPedControlState.
[2026-09-26 14:48:59] Some files in 'job-system-trucker' use deprecated functions.
[2026-09-26 14:48:59] Use the 'upgrade' command to perform a basic upgrade of resources.
[2026-09-26 14:49:00] INFO: [JOB-SYSTEM-TRUCKER] Fetched 2 actual orders sucessfully from SQL
[2026-09-26 14:49:00] WARNING: pd-system/c_policedeagle.lua(Line 437) [Client] getControlState is deprecated and may not work in future versions. Please replace with getPedControlState.
[2026-09-26 14:49:00] WARNING: pd-system/c_policeshotgun.lua(Line 331) [Client] getControlState is deprecated and may not work in future versions. Please replace with getPedControlState.
[2026-09-26 14:49:00] Some files in 'pd-system' use deprecated functions.
[2026-09-26 14:49:00] Use the 'upgrade' command to perform a basic upgrade of resources.
[2026-09-26 14:49:00] WARNING: File 'icons/admin3.png' in resource 'main-menu' is invalid.
[2026-09-26 14:49:00] WARNING: File 'icons/admin_badge.png' in resource 'main-menu' is invalid.
[2026-09-26 14:49:00] WARNING: File 'icons/AFK.png' in resource 'main-menu' is invalid.
[2026-09-26 14:49:00] WARNING: File 'icons/blindfold.png' in resource 'main-menu' is invalid.
[2026-09-26 14:49:00] WARNING: File 'icons/booster.png' in resource 'main-menu' is invalid.
[2026-09-26 14:49:00] WARNING: File 'icons/car_lights.png' in resource 'main-menu' is invalid.
[2026-09-26 14:49:00] WARNING: File 'icons/car_lock.png' in resource 'main-menu' is invalid.
[2026-09-26 14:49:00] WARNING: File 'icons/classic.png' in resource 'main-menu' is invalid.
[2026-09-26 14:49:00] WARNING: File 'icons/developer_badge.png' in resource 'main-menu' is invalid.
[2026-09-26 14:49:00] WARNING: File 'icons/developer_badge2.png' in resource 'main-menu' is invalid.
[2026-09-26 14:49:00] WARNING: File 'icons/diamond.png' in resource 'main-menu' is invalid.
[2026-09-26 14:49:00] WARNING: File 'icons/discord_tag.png' in resource 'main-menu' is invalid.
[2026-09-26 14:49:00] WARNING: File 'icons/engine.png' in resource 'main-menu' is invalid.
[2026-09-26 14:49:00] WARNING: File 'icons/facbadge.png' in resource 'main-menu' is invalid.
[2026-09-26 14:49:00] WARNING: File 'icons/gasmask.png' in resource 'main-menu' is invalid.
[2026-09-26 14:49:00] WARNING: File 'icons/gloves.png' in resource 'main-menu' is invalid.
[2026-09-26 14:49:00] WARNING: File 'icons/gold_member.png' in resource 'main-menu' is invalid.
[2026-09-26 14:49:00] WARNING: File 'icons/handbrake.png' in resource 'main-menu' is invalid.
[2026-09-26 14:49:00] WARNING: File 'icons/handcuffs.png' in resource 'main-menu' is invalid.
[2026-09-26 14:49:00] WARNING: File 'icons/head_turning.png' in resource 'main-menu' is invalid.
[2026-09-26 14:49:00] WARNING: File 'icons/heart.png' in resource 'main-menu' is invalid.
[2026-09-26 14:49:00] WARNING: File 'icons/mask.png' in resource 'main-menu' is invalid.
[2026-09-26 14:49:00] WARNING: File 'icons/medical_mask.png' in resource 'main-menu' is invalid.
[2026-09-26 14:49:00] WARNING: File 'icons/phone.png' in resource 'main-menu' is invalid.
[2026-09-26 14:49:00] WARNING: File 'icons/police.png' in resource 'main-menu' is invalid.
[2026-09-26 14:49:00] WARNING: File 'icons/premium.png' in resource 'main-menu' is invalid.
[2026-09-26 14:49:00] WARNING: File 'icons/pro.png' in resource 'main-menu' is invalid.
[2026-09-26 14:49:00] WARNING: File 'icons/reportpanel.png' in resource 'main-menu' is invalid.
[2026-09-26 14:49:00] WARNING: File 'icons/rope.png' in resource 'main-menu' is invalid.
[2026-09-26 14:49:00] WARNING: File 'icons/seatbelt.png' in resource 'main-menu' is invalid.
[2026-09-26 14:49:00] WARNING: File 'icons/silver_member.png' in resource 'main-menu' is invalid.
[2026-09-26 14:49:00] WARNING: File 'icons/support_badge.png' in resource 'main-menu' is invalid.
[2026-09-26 14:49:00] WARNING: File 'icons/support_badge_4.png' in resource 'main-menu' is invalid.
[2026-09-26 14:49:00] WARNING: File 'icons/tagmode.png' in resource 'main-menu' is invalid.
[2026-09-26 14:49:00] WARNING: File 'icons/togpm.png' in resource 'main-menu' is invalid.
[2026-09-26 14:49:00] WARNING: File 'icons/vehicle_engine.png' in resource 'main-menu' is invalid.
[2026-09-26 14:49:00] WARNING: File 'icons/vehicle_handbrake.png' in resource 'main-menu' is invalid.
[2026-09-26 14:49:00] WARNING: File 'icons/vehicle_lights.png' in resource 'main-menu' is invalid.
[2026-09-26 14:49:00] WARNING: File 'icons/vehicle_lock.png' in resource 'main-menu' is invalid.
[2026-09-26 14:49:00] WARNING: File 'icons/vehicle_seatbelt.png' in resource 'main-menu' is invalid.
[2026-09-26 14:49:00] WARNING: File 'icons/verified.png' in resource 'main-menu' is invalid.
[2026-09-26 14:49:00] WARNING: File 'icons/walkingstyle.png' in resource 'main-menu' is invalid.
[2026-09-26 14:49:00] WARNING: File 'icons/warrior.png' in resource 'main-menu' is invalid.
[2026-09-26 14:49:00] WARNING: File 'icons/youtuber.png' in resource 'main-menu' is invalid.
[2026-09-26 14:49:00] SCRIPT ERROR: main-menu\s_main.lua:33: cannot use '...' outside a vararg function near '...'
[2026-09-26 14:49:00] ERROR: Loading script failed: main-menu\s_main.lua:33: cannot use '...' outside a vararg function near '...'
[2026-09-26 14:49:00] WARNING: realism-system/c_backup_bleepers.lua(Line 333) [Client] getControlState is deprecated and may not work in future versions. Please replace with getPedControlState.
[2026-09-26 14:49:00] WARNING: realism-system/c_cruise_control.lua(Line 141) [Client] setControlState is deprecated and may not work in future versions. Please replace with setPedControlState.
[2026-09-26 14:49:00] WARNING: realism-system/c_cruise_control.lua(Line 149) [Client] setControlState is deprecated and may not work in future versions. Please replace with setPedControlState.
[2026-09-26 14:49:00] WARNING: realism-system/c_cruise_control.lua(Line 201) [Client] setControlState is deprecated and may not work in future versions. Please replace with setPedControlState.
[2026-09-26 14:49:00] WARNING: realism-system/c_fpview.lua(Line 439) [Client] getControlState is deprecated and may not work in future versions. Please replace with getPedControlState.
[2026-09-26 14:49:00] WARNING: realism-system/c_fpview.lua(Line 451) [Client] getControlState is deprecated and may not work in future versions. Please replace with getPedControlState.
[2026-09-26 14:49:00] WARNING: realism-system/c_fpview.lua(Line 463) [Client] getControlState is deprecated and may not work in future versions. Please replace with getPedControlState.
[2026-09-26 14:49:00] WARNING: realism-system/c_heli_rotors.lua(Line 17) [Client] getHelicopterRotorSpeed is deprecated and may not work in future versions. Please replace with getVehicleRotorSpeed.
[2026-09-26 14:49:00] WARNING: realism-system/c_heli_rotors.lua(Line 21) [Client] getHelicopterRotorSpeed is deprecated and may not work in future versions. Please replace with getVehicleRotorSpeed.
[2026-09-26 14:49:00] WARNING: realism-system/c_heli_rotors.lua(Line 25) [Client] setHelicopterRotorSpeed is deprecated and may not work in future versions. Please replace with setVehicleRotorSpeed.
[2026-09-26 14:49:00] WARNING: realism-system/c_carrealism.lua(Line 353) [Client] getControlState is deprecated and may not work in future versions. Please replace with getPedControlState.
[2026-09-26 14:49:00] WARNING: realism-system/handbrake_c.lua(Line 217) [Client] getControlState is deprecated and may not work in future versions. Please replace with getPedControlState.
[2026-09-26 14:49:00] WARNING: realism-system/handbrake_c.lua(Line 221) [Client] setControlState is deprecated and may not work in future versions. Please replace with setPedControlState.
[2026-09-26 14:49:00] Some files in 'realism-system' use deprecated functions.
[2026-09-26 14:49:00] Use the 'upgrade' command to perform a basic upgrade of resources.
[2026-09-26 14:49:00] WARNING: report-system/c_external_report_box.lua(Line 265) [Client] getControlState is deprecated and may not work in future versions. Please replace with getPedControlState.
[2026-09-26 14:49:00] WARNING: report-system/c_top_right_box.lua(Line 84) [Client] getControlState is deprecated and may not work in future versions. Please replace with getPedControlState.
[2026-09-26 14:49:00] Some files in 'report-system' use deprecated functions.
[2026-09-26 14:49:00] Use the 'upgrade' command to perform a basic upgrade of resources.
[2026-09-26 14:49:00] INFO: Loaded 0 reports.
[2026-09-26 14:49:00] WARNING: File 'icons/premium.png' in resource 'scoreboard' is invalid.
[2026-09-26 14:49:00] WARNING: File 'icons/booster.png' in resource 'scoreboard' is invalid.
[2026-09-26 14:49:00] WARNING: File 'icons/classic.png' in resource 'scoreboard' is invalid.
[2026-09-26 14:49:00] WARNING: File 'icons/gold_member.png' in resource 'scoreboard' is invalid.
[2026-09-26 14:49:00] WARNING: File 'icons/verified.png' in resource 'scoreboard' is invalid.
[2026-09-26 14:49:00] WARNING: File 'icons/youtuber.png' in resource 'scoreboard' is invalid.
[2026-09-26 14:49:00] WARNING: shop-system/s_generalshop_system.lua(Line 672) [Server] setVehicleTurnVelocity is deprecated and may not work in future versions. Please replace with setElementAngularVelocity.
[2026-09-26 14:49:00] Some files in 'shop-system' use deprecated functions.
[2026-09-26 14:49:00] Use the 'upgrade' command to perform a basic upgrade of resources.
[2026-09-26 14:49:00] WARNING: spike-system/c_spikes.lua(Line 93) [Client] getVehicleTurnVelocity is deprecated and may not work in future versions. Please replace with getElementAngularVelocity.
[2026-09-26 14:49:00] WARNING: spike-system/c_spikes.lua(Line 97) [Client] setVehicleTurnVelocity is deprecated and may not work in future versions. Please replace with setElementAngularVelocity.
[2026-09-26 14:49:00] Some files in 'spike-system' use deprecated functions.
[2026-09-26 14:49:00] Use the 'upgrade' command to perform a basic upgrade of resources.
[2026-09-26 14:49:01] WARNING: vehicle-interiors/s_vehicle_interiors.lua(Line 1936) [Server] setVehicleTurnVelocity is deprecated and may not work in future versions. Please replace with setElementAngularVelocity.
[2026-09-26 14:49:01] Some files in 'vehicle-interiors' use deprecated functions.
[2026-09-26 14:49:01] Use the 'upgrade' command to perform a basic upgrade of resources.
[2026-09-26 14:49:01] WARNING: superman/c_superman.lua(Line 1352) [Client] getControlState is deprecated and may not work in future versions. Please replace with getPedControlState.
[2026-09-26 14:49:01] WARNING: superman/c_superman.lua(Line 1391) [Client] getControlState is deprecated and may not work in future versions. Please replace with getPedControlState.
[2026-09-26 14:49:01] WARNING: superman/c_superman.lua(Line 1399) [Client] getControlState is deprecated and may not work in future versions. Please replace with getPedControlState.
[2026-09-26 14:49:01] WARNING: superman/c_superman.lua(Line 1415) [Client] getControlState is deprecated and may not work in future versions. Please replace with getPedControlState.
[2026-09-26 14:49:01] WARNING: superman/c_superman.lua(Line 1423) [Client] getControlState is deprecated and may not work in future versions. Please replace with getPedControlState.
[2026-09-26 14:49:01] WARNING: superman/c_superman.lua(Line 1459) [Client] getControlState is deprecated and may not work in future versions. Please replace with getPedControlState.
[2026-09-26 14:49:01] WARNING: superman/c_superman.lua(Line 1487) [Client] getControlState is deprecated and may not work in future versions. Please replace with getPedControlState.
[2026-09-26 14:49:01] WARNING: superman/c_superman.lua(Line 1499) [Client] getControlState is deprecated and may not work in future versions. Please replace with getPedControlState.
[2026-09-26 14:49:01] WARNING: superman/c_superman.lua(Line 2094) [Client] getControlState is deprecated and may not work in future versions. Please replace with getPedControlState.
[2026-09-26 14:49:01] Some files in 'superman' use deprecated functions.
[2026-09-26 14:49:01] Use the 'upgrade' command to perform a basic upgrade of resources.
[2026-09-26 14:49:01] WARNING: gate-manager/s_gate_manager.lua(Line 802) [Server] setVehicleTurnVelocity is deprecated and may not work in future versions. Please replace with setElementAngularVelocity.
[2026-09-26 14:49:01] Some files in 'gate-manager' use deprecated functions.
[2026-09-26 14:49:01] Use the 'upgrade' command to perform a basic upgrade of resources.
[2026-09-26 14:49:02] WARNING: sfia/s_airtrack.lua(Line 227) [Server] showPlayerHudComponent is deprecated and may not work in future versions. Please replace with setPlayerHudComponentVisible.
[2026-09-26 14:49:02] WARNING: sfia/s_airtrack.lua(Line 263) [Server] showPlayerHudComponent is deprecated and may not work in future versions. Please replace with setPlayerHudComponentVisible.
[2026-09-26 14:49:02] Some files in 'sfia' use deprecated functions.
[2026-09-26 14:49:02] Use the 'upgrade' command to perform a basic upgrade of resources.
[2026-09-26 14:49:02] WARNING: vehicle-manager/s_vehicle_commands.lua(Line 789) [Server] setVehicleTurnVelocity is deprecated and may not work in future versions. Please replace with setElementAngularVelocity.
[2026-09-26 14:49:02] Some files in 'vehicle-manager' use deprecated functions.
[2026-09-26 14:49:02] Use the 'upgrade' command to perform a basic upgrade of resources.
[2026-09-26 14:49:03] INFO: Loaded 0 texture records for all interiors in 1ms
[2026-09-26 14:49:03] WARNING: announcement/client.lua(Line 76) [Client] getControlState is deprecated and may not work in future versions. Please replace with getPedControlState.
[2026-09-26 14:49:03] Some files in 'announcement' use deprecated functions.
[2026-09-26 14:49:03] Use the 'upgrade' command to perform a basic upgrade of resources.
[2026-09-26 14:49:03] INFO: LeFire Script loaded ...
[2026-09-26 14:49:03] INFO: Loaded 0 animated texture records in 0ms
[2026-09-26 14:49:03] INFO: PRISON-SYSTEM: Loaded 24 cell gates from s_gates.lua
[2026-09-26 14:49:03] WARNING: vrp/client.lua(Line 246) [Client] showPlayerHudComponent is deprecated and may not work in future versions. Please replace with setPlayerHudComponentVisible.
[2026-09-26 14:49:03] Some files in 'vrp' use deprecated functions.
[2026-09-26 14:49:03] Use the 'upgrade' command to perform a basic upgrade of resources.
[2026-09-26 14:49:03] Querying MTA master server... success! (Auto detected IP:46.58.137.171)
[2026-09-26 14:49:03] Authorized serial account protection is enabled for the ACL group(s): `Admin`  See http://multitheftauto.com/authserial
[2026-09-26 14:49:03] WARNING: <owner_email_address> not set
[2026-09-26 14:49:03] Server started and is ready to accept connections!
[2026-09-26 14:49:03] To stop the server, type 'shutdown' or press Ctrl-C
[2026-09-26 14:49:03] Type 'help' for a list of commands.
[2026-09-26 14:49:06] INFO: [WEATHER] / Line 57 / SQL Settings for weather successfully altered.
[2026-09-26 14:49:28] INFO: [ELEVATOR] Spawning 0 elevators will be finished in approx. 0 seconds.
[2026-09-26 14:49:59] Stopping item-texture
[2026-09-26 14:49:59] Starting item-texture
[2026-09-26 14:49:59] INFO: item-texture: Loading textures for 0 world items
[2026-09-26 14:49:59] INFO: item-texture: 0 clients waiting on initial sync.
[2026-09-26 14:49:59] INFO: item-texture: 0 textured elements were added for initial sync.
[2026-09-26 14:49:59] item-texture restarted successfully
[2026-09-26 14:59:00] INFO: [JOB-SYSTEM-TRUCKER] Fetched 0 actual orders sucessfully from SQL
[2026-09-26 15:02:28] Server stopped!
[2026-09-26 15:02:28] Stopping resources............................................
[2026-09-26 15:02:28] INFO: [Factions] Saving duty allow changes...
[2026-09-26 15:02:28] INFO: [Factions] Completed in 0 seconds.
[2026-09-26 15:02:29] ERROR: pool\server\s_pool.lua:601: exports: Call to non-running server resource (data) [string "?"]
[2026-09-26 15:02:29] ERROR: pool\server\s_pool.lua:605: exports: Call to non-running server resource (data) [string "?"]
[2026-09-26 15:02:29] ERROR: report-system\s_reports.lua:459: exports: Call to non-running server resource (data) [string "?"]
[2026-09-26 15:02:29] ERROR: shop-system\faction_drop_s.lua:563: exports: Call to non-running server resource (data) [string "?"]
[2026-09-26 15:02:29] ERROR: vehicle-interiors\s_vehicle_interiors.lua:593: exports: Call to non-running server resource (anticheat) [string "?"]
[2026-09-26 15:02:29] ERROR: vehicle-interiors\s_vehicle_interiors.lua:593: exports: Call to non-running server resource (anticheat) [string "?"]  [DUP x10]
[2026-09-26 15:02:29] Closing SQLite3 database
==================================================================
= Multi Theft Auto: San Andreas v1.6
==================================================================
= Server name      : Direct Backup V3
= Server IP address: auto
= Server port      : 22221
= 
= Log file         : ../MTA/server/mods/deathmatch/logs/server.log
= Maximum players  : 32
= HTTP port        : 22221
= Voice Chat       : Disabled
= Bandwidth saving : None
==================================================================
[2026-09-26 17:24:12] WARNING: Ignoring duplicate client file in resource 'vrp': 'Imagens/Fundo.png'
[2026-09-26 17:24:12] Resources: 163 loaded, 0 failed
[2026-09-26 17:24:12] Starting resources...
[2026-09-26 17:24:14] [MYSQL] Connected to database 'pdz' at 127.0.0.1:3306
[2026-09-26 17:24:14] Server minclientversion is now 1.6.0-9.24109.0
[2026-09-26 17:24:14] WARNING: hud/c_overlay_top_right.lua(Line 106) [Client] getControlState is deprecated and may not work in future versions. Please replace with getPedControlState.
[2026-09-26 17:24:14] WARNING: hud/c_overlay_bottom_center.lua(Line 90) [Client] getControlState is deprecated and may not work in future versions. Please replace with getPedControlState.
[2026-09-26 17:24:14] Some files in 'hud' use deprecated functions.
[2026-09-26 17:24:14] Use the 'upgrade' command to perform a basic upgrade of resources.
[2026-09-26 17:24:15] WARNING: account/c_main.lua(Line 5) [Client] showPlayerHudComponent is deprecated and may not work in future versions. Please replace with setPlayerHudComponentVisible.
[2026-09-26 17:24:15] WARNING: account/c_main.lua(Line 7) [Client] showPlayerHudComponent is deprecated and may not work in future versions. Please replace with setPlayerHudComponentVisible.
[2026-09-26 17:24:15] WARNING: account/c_main.lua(Line 9) [Client] showPlayerHudComponent is deprecated and may not work in future versions. Please replace with setPlayerHudComponentVisible.
[2026-09-26 17:24:15] WARNING: account/c_main.lua(Line 11) [Client] showPlayerHudComponent is deprecated and may not work in future versions. Please replace with setPlayerHudComponentVisible.
[2026-09-26 17:24:15] WARNING: account/c_main.lua(Line 13) [Client] showPlayerHudComponent is deprecated and may not work in future versions. Please replace with setPlayerHudComponentVisible.
[2026-09-26 17:24:15] WARNING: account/c_main.lua(Line 15) [Client] showPlayerHudComponent is deprecated and may not work in future versions. Please replace with setPlayerHudComponentVisible.
[2026-09-26 17:24:15] WARNING: account/c_main.lua(Line 17) [Client] showPlayerHudComponent is deprecated and may not work in future versions. Please replace with setPlayerHudComponentVisible.
[2026-09-26 17:24:15] WARNING: account/c_main.lua(Line 19) [Client] showPlayerHudComponent is deprecated and may not work in future versions. Please replace with setPlayerHudComponentVisible.
[2026-09-26 17:24:15] WARNING: account/c_main.lua(Line 21) [Client] showPlayerHudComponent is deprecated and may not work in future versions. Please replace with setPlayerHudComponentVisible.
[2026-09-26 17:24:15] WARNING: account/c_main.lua(Line 23) [Client] showPlayerHudComponent is deprecated and may not work in future versions. Please replace with setPlayerHudComponentVisible.
[2026-09-26 17:24:15] WARNING: account/c_main.lua(Line 25) [Client] showPlayerHudComponent is deprecated and may not work in future versions. Please replace with setPlayerHudComponentVisible.
[2026-09-26 17:24:15] WARNING: account/c_characters.lua(Line 13) [Client] showPlayerHudComponent is deprecated and may not work in future versions. Please replace with setPlayerHudComponentVisible.
[2026-09-26 17:24:15] WARNING: account/c_options.lua(Line 519) [Client] setControlState is deprecated and may not work in future versions. Please replace with setPedControlState.
[2026-09-26 17:24:15] Some files in 'account' use deprecated functions.
[2026-09-26 17:24:15] Use the 'upgrade' command to perform a basic upgrade of resources.
[2026-09-26 17:24:15] WARNING: admin-system/Player/s_teleport.lua(Line 123) [Server] setVehicleTurnVelocity is deprecated and may not work in future versions. Please replace with setElementAngularVelocity.
[2026-09-26 17:24:15] WARNING: admin-system/Player/s_teleport.lua(Line 313) [Server] setVehicleTurnVelocity is deprecated and may not work in future versions. Please replace with setElementAngularVelocity.
[2026-09-26 17:24:15] WARNING: admin-system/Player/s_teleport.lua(Line 534) [Server] setVehicleTurnVelocity is deprecated and may not work in future versions. Please replace with setElementAngularVelocity.
[2026-09-26 17:24:15] WARNING: admin-system/Player/s_teleport.lua(Line 792) [Server] setVehicleTurnVelocity is deprecated and may not work in future versions. Please replace with setElementAngularVelocity.
[2026-09-26 17:24:15] WARNING: admin-system/Player/s_teleport.lua(Line 1176) [Server] setVehicleTurnVelocity is deprecated and may not work in future versions. Please replace with setElementAngularVelocity.
[2026-09-26 17:24:15] WARNING: admin-system/Player/s_teleport.lua(Line 1326) [Server] setVehicleTurnVelocity is deprecated and may not work in future versions. Please replace with setElementAngularVelocity.
[2026-09-26 17:24:15] WARNING: admin-system/c_overlay.lua(Line 460) [Client] getControlState is deprecated and may not work in future versions. Please replace with getPedControlState.
[2026-09-26 17:24:15] Some files in 'admin-system' use deprecated functions.
[2026-09-26 17:24:15] Use the 'upgrade' command to perform a basic upgrade of resources.
[2026-09-26 17:24:15] Server password cleared
[2026-09-26 17:24:15] WARNING: driveby/driveby_client.lua(Line 1024) [Client] setControlState is deprecated and may not work in future versions. Please replace with setPedControlState.
[2026-09-26 17:24:15] Some files in 'driveby' use deprecated functions.
[2026-09-26 17:24:15] Use the 'upgrade' command to perform a basic upgrade of resources.
[2026-09-26 17:24:15] WARNING: elevator-system/s_elevator_system.lua(Line 1445) [Server] setVehicleTurnVelocity is deprecated and may not work in future versions. Please replace with setElementAngularVelocity.
[2026-09-26 17:24:15] WARNING: elevator-system/s_elevator_system.lua(Line 1553) [Server] setVehicleTurnVelocity is deprecated and may not work in future versions. Please replace with setElementAngularVelocity.
[2026-09-26 17:24:15] Some files in 'elevator-system' use deprecated functions.
[2026-09-26 17:24:15] Use the 'upgrade' command to perform a basic upgrade of resources.
[2026-09-26 17:24:15] WARNING: fuel-system/s_fuel_peds.lua(Line 2522) [Server] setVehicleTurnVelocity is deprecated and may not work in future versions. Please replace with setElementAngularVelocity.
[2026-09-26 17:24:15] Some files in 'fuel-system' use deprecated functions.
[2026-09-26 17:24:15] Use the 'upgrade' command to perform a basic upgrade of resources.
[2026-09-26 17:24:15] Please wait...
[2026-09-26 17:24:16] WARNING: heligrab/c_heli.lua(Line 756) [Client] getControlState is deprecated and may not work in future versions. Please replace with getPedControlState.
[2026-09-26 17:24:16] Some files in 'heligrab' use deprecated functions.
[2026-09-26 17:24:16] Use the 'upgrade' command to perform a basic upgrade of resources.
[2026-09-26 17:24:16] WARNING: item-system/c_itemchange.lua(Line 9) [Client] showPlayerHudComponent is deprecated and may not work in future versions. Please replace with setPlayerHudComponentVisible.
[2026-09-26 17:24:16] WARNING: item-system/c_itemchange.lua(Line 13) [Client] showPlayerHudComponent is deprecated and may not work in future versions. Please replace with setPlayerHudComponentVisible.
[2026-09-26 17:24:16] Some files in 'item-system' use deprecated functions.
[2026-09-26 17:24:16] Use the 'upgrade' command to perform a basic upgrade of resources.
[2026-09-26 17:24:16] WARNING: item-texture\s_itemtexture.lua:173: Bad argument @ 'getElementsByType' [Expected element at argument 2, got boolean]
[2026-09-26 17:24:16] INFO: item-texture: Loading textures for 0 world items
[2026-09-26 17:24:16] INFO: item-texture: 0 clients waiting on initial sync.
[2026-09-26 17:24:16] INFO: item-texture: 0 textured elements were added for initial sync.
[2026-09-26 17:24:16] INFO: [ITEM WORLD] Loading 0 world items will be finished in approximately 0.05 seconds.
[2026-09-26 17:24:16] WARNING: job-system-trucker/s_trucker_job.lua(Line 2690) [Server] setVehicleTurnVelocity is deprecated and may not work in future versions. Please replace with setElementAngularVelocity.
[2026-09-26 17:24:16] WARNING: job-system-trucker/s_trucker_job.lua(Line 2750) [Server] setVehicleTurnVelocity is deprecated and may not work in future versions. Please replace with setElementAngularVelocity.
[2026-09-26 17:24:16] WARNING: job-system-trucker/s_trucker_job.lua(Line 2810) [Server] setVehicleTurnVelocity is deprecated and may not work in future versions. Please replace with setElementAngularVelocity.
[2026-09-26 17:24:16] WARNING: job-system-trucker/s_trucker_job.lua(Line 2870) [Server] setVehicleTurnVelocity is deprecated and may not work in future versions. Please replace with setElementAngularVelocity.
[2026-09-26 17:24:16] WARNING: job-system-trucker/c_overlay.lua(Line 1166) [Client] getControlState is deprecated and may not work in future versions. Please replace with getPedControlState.
[2026-09-26 17:24:16] Some files in 'job-system-trucker' use deprecated functions.
[2026-09-26 17:24:16] Use the 'upgrade' command to perform a basic upgrade of resources.
[2026-09-26 17:24:16] INFO: [JOB-SYSTEM-TRUCKER] Fetched 2 actual orders sucessfully from SQL
[2026-09-26 17:24:16] WARNING: pd-system/c_policedeagle.lua(Line 437) [Client] getControlState is deprecated and may not work in future versions. Please replace with getPedControlState.
[2026-09-26 17:24:16] WARNING: pd-system/c_policeshotgun.lua(Line 331) [Client] getControlState is deprecated and may not work in future versions. Please replace with getPedControlState.
[2026-09-26 17:24:16] Some files in 'pd-system' use deprecated functions.
[2026-09-26 17:24:16] Use the 'upgrade' command to perform a basic upgrade of resources.
[2026-09-26 17:24:16] WARNING: File 'icons/admin3.png' in resource 'main-menu' is invalid.
[2026-09-26 17:24:16] WARNING: File 'icons/admin_badge.png' in resource 'main-menu' is invalid.
[2026-09-26 17:24:16] WARNING: File 'icons/AFK.png' in resource 'main-menu' is invalid.
[2026-09-26 17:24:16] WARNING: File 'icons/blindfold.png' in resource 'main-menu' is invalid.
[2026-09-26 17:24:16] WARNING: File 'icons/booster.png' in resource 'main-menu' is invalid.
[2026-09-26 17:24:16] WARNING: File 'icons/car_lights.png' in resource 'main-menu' is invalid.
[2026-09-26 17:24:16] WARNING: File 'icons/car_lock.png' in resource 'main-menu' is invalid.
[2026-09-26 17:24:16] WARNING: File 'icons/classic.png' in resource 'main-menu' is invalid.
[2026-09-26 17:24:16] WARNING: File 'icons/developer_badge.png' in resource 'main-menu' is invalid.
[2026-09-26 17:24:16] WARNING: File 'icons/developer_badge2.png' in resource 'main-menu' is invalid.
[2026-09-26 17:24:16] WARNING: File 'icons/diamond.png' in resource 'main-menu' is invalid.
[2026-09-26 17:24:16] WARNING: File 'icons/discord_tag.png' in resource 'main-menu' is invalid.
[2026-09-26 17:24:16] WARNING: File 'icons/engine.png' in resource 'main-menu' is invalid.
[2026-09-26 17:24:16] WARNING: File 'icons/facbadge.png' in resource 'main-menu' is invalid.
[2026-09-26 17:24:16] WARNING: File 'icons/gasmask.png' in resource 'main-menu' is invalid.
[2026-09-26 17:24:16] WARNING: File 'icons/gloves.png' in resource 'main-menu' is invalid.
[2026-09-26 17:24:16] WARNING: File 'icons/gold_member.png' in resource 'main-menu' is invalid.
[2026-09-26 17:24:16] WARNING: File 'icons/handbrake.png' in resource 'main-menu' is invalid.
[2026-09-26 17:24:16] WARNING: File 'icons/handcuffs.png' in resource 'main-menu' is invalid.
[2026-09-26 17:24:16] WARNING: File 'icons/head_turning.png' in resource 'main-menu' is invalid.
[2026-09-26 17:24:16] WARNING: File 'icons/heart.png' in resource 'main-menu' is invalid.
[2026-09-26 17:24:16] WARNING: File 'icons/mask.png' in resource 'main-menu' is invalid.
[2026-09-26 17:24:16] WARNING: File 'icons/medical_mask.png' in resource 'main-menu' is invalid.
[2026-09-26 17:24:16] WARNING: File 'icons/phone.png' in resource 'main-menu' is invalid.
[2026-09-26 17:24:16] WARNING: File 'icons/police.png' in resource 'main-menu' is invalid.
[2026-09-26 17:24:16] WARNING: File 'icons/premium.png' in resource 'main-menu' is invalid.
[2026-09-26 17:24:16] WARNING: File 'icons/pro.png' in resource 'main-menu' is invalid.
[2026-09-26 17:24:16] WARNING: File 'icons/reportpanel.png' in resource 'main-menu' is invalid.
[2026-09-26 17:24:16] WARNING: File 'icons/rope.png' in resource 'main-menu' is invalid.
[2026-09-26 17:24:16] WARNING: File 'icons/seatbelt.png' in resource 'main-menu' is invalid.
[2026-09-26 17:24:16] WARNING: File 'icons/silver_member.png' in resource 'main-menu' is invalid.
[2026-09-26 17:24:16] WARNING: File 'icons/support_badge.png' in resource 'main-menu' is invalid.
[2026-09-26 17:24:16] WARNING: File 'icons/support_badge_4.png' in resource 'main-menu' is invalid.
[2026-09-26 17:24:16] WARNING: File 'icons/tagmode.png' in resource 'main-menu' is invalid.
[2026-09-26 17:24:16] WARNING: File 'icons/togpm.png' in resource 'main-menu' is invalid.
[2026-09-26 17:24:16] WARNING: File 'icons/vehicle_engine.png' in resource 'main-menu' is invalid.
[2026-09-26 17:24:16] WARNING: File 'icons/vehicle_handbrake.png' in resource 'main-menu' is invalid.
[2026-09-26 17:24:16] WARNING: File 'icons/vehicle_lights.png' in resource 'main-menu' is invalid.
[2026-09-26 17:24:16] WARNING: File 'icons/vehicle_lock.png' in resource 'main-menu' is invalid.
[2026-09-26 17:24:16] WARNING: File 'icons/vehicle_seatbelt.png' in resource 'main-menu' is invalid.
[2026-09-26 17:24:16] WARNING: File 'icons/verified.png' in resource 'main-menu' is invalid.
[2026-09-26 17:24:16] WARNING: File 'icons/walkingstyle.png' in resource 'main-menu' is invalid.
[2026-09-26 17:24:16] WARNING: File 'icons/warrior.png' in resource 'main-menu' is invalid.
[2026-09-26 17:24:16] WARNING: File 'icons/youtuber.png' in resource 'main-menu' is invalid.
[2026-09-26 17:24:16] SCRIPT ERROR: main-menu\s_main.lua:33: cannot use '...' outside a vararg function near '...'
[2026-09-26 17:24:16] ERROR: Loading script failed: main-menu\s_main.lua:33: cannot use '...' outside a vararg function near '...'
[2026-09-26 17:24:16] WARNING: realism-system/c_backup_bleepers.lua(Line 333) [Client] getControlState is deprecated and may not work in future versions. Please replace with getPedControlState.
[2026-09-26 17:24:16] WARNING: realism-system/c_cruise_control.lua(Line 141) [Client] setControlState is deprecated and may not work in future versions. Please replace with setPedControlState.
[2026-09-26 17:24:16] WARNING: realism-system/c_cruise_control.lua(Line 149) [Client] setControlState is deprecated and may not work in future versions. Please replace with setPedControlState.
[2026-09-26 17:24:16] WARNING: realism-system/c_cruise_control.lua(Line 201) [Client] setControlState is deprecated and may not work in future versions. Please replace with setPedControlState.
[2026-09-26 17:24:16] WARNING: realism-system/c_fpview.lua(Line 439) [Client] getControlState is deprecated and may not work in future versions. Please replace with getPedControlState.
[2026-09-26 17:24:16] WARNING: realism-system/c_fpview.lua(Line 451) [Client] getControlState is deprecated and may not work in future versions. Please replace with getPedControlState.
[2026-09-26 17:24:16] WARNING: realism-system/c_fpview.lua(Line 463) [Client] getControlState is deprecated and may not work in future versions. Please replace with getPedControlState.
[2026-09-26 17:24:16] WARNING: realism-system/c_heli_rotors.lua(Line 17) [Client] getHelicopterRotorSpeed is deprecated and may not work in future versions. Please replace with getVehicleRotorSpeed.
[2026-09-26 17:24:16] WARNING: realism-system/c_heli_rotors.lua(Line 21) [Client] getHelicopterRotorSpeed is deprecated and may not work in future versions. Please replace with getVehicleRotorSpeed.
[2026-09-26 17:24:16] WARNING: realism-system/c_heli_rotors.lua(Line 25) [Client] setHelicopterRotorSpeed is deprecated and may not work in future versions. Please replace with setVehicleRotorSpeed.
[2026-09-26 17:24:16] WARNING: realism-system/c_carrealism.lua(Line 353) [Client] getControlState is deprecated and may not work in future versions. Please replace with getPedControlState.
[2026-09-26 17:24:16] WARNING: realism-system/handbrake_c.lua(Line 217) [Client] getControlState is deprecated and may not work in future versions. Please replace with getPedControlState.
[2026-09-26 17:24:16] WARNING: realism-system/handbrake_c.lua(Line 221) [Client] setControlState is deprecated and may not work in future versions. Please replace with setPedControlState.
[2026-09-26 17:24:16] Some files in 'realism-system' use deprecated functions.
[2026-09-26 17:24:16] Use the 'upgrade' command to perform a basic upgrade of resources.
[2026-09-26 17:24:17] WARNING: report-system/c_external_report_box.lua(Line 265) [Client] getControlState is deprecated and may not work in future versions. Please replace with getPedControlState.
[2026-09-26 17:24:17] WARNING: report-system/c_top_right_box.lua(Line 84) [Client] getControlState is deprecated and may not work in future versions. Please replace with getPedControlState.
[2026-09-26 17:24:17] Some files in 'report-system' use deprecated functions.
[2026-09-26 17:24:17] Use the 'upgrade' command to perform a basic upgrade of resources.
[2026-09-26 17:24:17] INFO: Loaded 0 reports.
[2026-09-26 17:24:17] WARNING: File 'icons/premium.png' in resource 'scoreboard' is invalid.
[2026-09-26 17:24:17] WARNING: File 'icons/booster.png' in resource 'scoreboard' is invalid.
[2026-09-26 17:24:17] WARNING: File 'icons/classic.png' in resource 'scoreboard' is invalid.
[2026-09-26 17:24:17] WARNING: File 'icons/gold_member.png' in resource 'scoreboard' is invalid.
[2026-09-26 17:24:17] WARNING: File 'icons/verified.png' in resource 'scoreboard' is invalid.
[2026-09-26 17:24:17] WARNING: File 'icons/youtuber.png' in resource 'scoreboard' is invalid.
[2026-09-26 17:24:17] WARNING: shop-system/s_generalshop_system.lua(Line 672) [Server] setVehicleTurnVelocity is deprecated and may not work in future versions. Please replace with setElementAngularVelocity.
[2026-09-26 17:24:17] Some files in 'shop-system' use deprecated functions.
[2026-09-26 17:24:17] Use the 'upgrade' command to perform a basic upgrade of resources.
[2026-09-26 17:24:17] WARNING: spike-system/c_spikes.lua(Line 93) [Client] getVehicleTurnVelocity is deprecated and may not work in future versions. Please replace with getElementAngularVelocity.
[2026-09-26 17:24:17] WARNING: spike-system/c_spikes.lua(Line 97) [Client] setVehicleTurnVelocity is deprecated and may not work in future versions. Please replace with setElementAngularVelocity.
[2026-09-26 17:24:17] Some files in 'spike-system' use deprecated functions.
[2026-09-26 17:24:17] Use the 'upgrade' command to perform a basic upgrade of resources.
[2026-09-26 17:24:17] WARNING: vehicle-interiors/s_vehicle_interiors.lua(Line 1936) [Server] setVehicleTurnVelocity is deprecated and may not work in future versions. Please replace with setElementAngularVelocity.
[2026-09-26 17:24:17] Some files in 'vehicle-interiors' use deprecated functions.
[2026-09-26 17:24:17] Use the 'upgrade' command to perform a basic upgrade of resources.
[2026-09-26 17:24:17] WARNING: superman/c_superman.lua(Line 1352) [Client] getControlState is deprecated and may not work in future versions. Please replace with getPedControlState.
[2026-09-26 17:24:17] WARNING: superman/c_superman.lua(Line 1391) [Client] getControlState is deprecated and may not work in future versions. Please replace with getPedControlState.
[2026-09-26 17:24:17] WARNING: superman/c_superman.lua(Line 1399) [Client] getControlState is deprecated and may not work in future versions. Please replace with getPedControlState.
[2026-09-26 17:24:17] WARNING: superman/c_superman.lua(Line 1415) [Client] getControlState is deprecated and may not work in future versions. Please replace with getPedControlState.
[2026-09-26 17:24:17] WARNING: superman/c_superman.lua(Line 1423) [Client] getControlState is deprecated and may not work in future versions. Please replace with getPedControlState.
[2026-09-26 17:24:17] WARNING: superman/c_superman.lua(Line 1459) [Client] getControlState is deprecated and may not work in future versions. Please replace with getPedControlState.
[2026-09-26 17:24:17] WARNING: superman/c_superman.lua(Line 1487) [Client] getControlState is deprecated and may not work in future versions. Please replace with getPedControlState.
[2026-09-26 17:24:17] WARNING: superman/c_superman.lua(Line 1499) [Client] getControlState is deprecated and may not work in future versions. Please replace with getPedControlState.
[2026-09-26 17:24:17] WARNING: superman/c_superman.lua(Line 2094) [Client] getControlState is deprecated and may not work in future versions. Please replace with getPedControlState.
[2026-09-26 17:24:17] Some files in 'superman' use deprecated functions.
[2026-09-26 17:24:17] Use the 'upgrade' command to perform a basic upgrade of resources.
[2026-09-26 17:24:17] WARNING: gate-manager/s_gate_manager.lua(Line 802) [Server] setVehicleTurnVelocity is deprecated and may not work in future versions. Please replace with setElementAngularVelocity.
[2026-09-26 17:24:17] Some files in 'gate-manager' use deprecated functions.
[2026-09-26 17:24:17] Use the 'upgrade' command to perform a basic upgrade of resources.
[2026-09-26 17:24:18] WARNING: sfia/s_airtrack.lua(Line 227) [Server] showPlayerHudComponent is deprecated and may not work in future versions. Please replace with setPlayerHudComponentVisible.
[2026-09-26 17:24:18] WARNING: sfia/s_airtrack.lua(Line 263) [Server] showPlayerHudComponent is deprecated and may not work in future versions. Please replace with setPlayerHudComponentVisible.
[2026-09-26 17:24:18] Some files in 'sfia' use deprecated functions.
[2026-09-26 17:24:18] Use the 'upgrade' command to perform a basic upgrade of resources.
[2026-09-26 17:24:18] WARNING: vehicle-manager/s_vehicle_commands.lua(Line 789) [Server] setVehicleTurnVelocity is deprecated and may not work in future versions. Please replace with setElementAngularVelocity.
[2026-09-26 17:24:18] Some files in 'vehicle-manager' use deprecated functions.
[2026-09-26 17:24:18] Use the 'upgrade' command to perform a basic upgrade of resources.
[2026-09-26 17:24:18] INFO: Loaded 0 texture records for all interiors in 0ms
[2026-09-26 17:24:18] WARNING: announcement/client.lua(Line 76) [Client] getControlState is deprecated and may not work in future versions. Please replace with getPedControlState.
[2026-09-26 17:24:18] Some files in 'announcement' use deprecated functions.
[2026-09-26 17:24:18] Use the 'upgrade' command to perform a basic upgrade of resources.
[2026-09-26 17:24:18] INFO: LeFire Script loaded ...
[2026-09-26 17:24:18] INFO: Loaded 0 animated texture records in 0ms
[2026-09-26 17:24:18] INFO: PRISON-SYSTEM: Loaded 24 cell gates from s_gates.lua
[2026-09-26 17:24:19] WARNING: vrp/client.lua(Line 246) [Client] showPlayerHudComponent is deprecated and may not work in future versions. Please replace with setPlayerHudComponentVisible.
[2026-09-26 17:24:19] Some files in 'vrp' use deprecated functions.
[2026-09-26 17:24:19] Use the 'upgrade' command to perform a basic upgrade of resources.
[2026-09-26 17:24:19] Querying MTA master server... success! (Auto detected IP:185.225.40.32)
[2026-09-26 17:24:19] Authorized serial account protection is enabled for the ACL group(s): `Admin`  See http://multitheftauto.com/authserial
[2026-09-26 17:24:19] WARNING: <owner_email_address> not set
[2026-09-26 17:24:19] Server started and is ready to accept connections!
[2026-09-26 17:24:19] To stop the server, type 'shutdown' or press Ctrl-C
[2026-09-26 17:24:19] Type 'help' for a list of commands.
[2026-09-26 17:24:22] INFO: [WEATHER] / Line 57 / SQL Settings for weather successfully altered.
[2026-09-26 17:24:44] CONNECT: GlossyHarp91 connected (IP: 127.0.0.1  Serial: 5476DADC39B41BA9B017E8EF2EE22433  Version: 1.6.0-9.24149.0)
[2026-09-26 17:24:45] JOIN: GlossyHarp91 joined the game (IP: 127.0.0.1)
[2026-09-26 17:24:45] NICK: GlossyHarp91 is now known as Direct-Hosting.6694
[2026-09-26 17:24:45] INFO: [ELEVATOR] Spawning 0 elevators will be finished in approx. 0 seconds.
[2026-09-26 17:25:16] Stopping item-texture
[2026-09-26 17:25:16] Starting item-texture
[2026-09-26 17:25:16] INFO: item-texture: Loading textures for 0 world items
[2026-09-26 17:25:16] INFO: item-texture: 0 clients waiting on initial sync.
[2026-09-26 17:25:16] INFO: item-texture: 0 textured elements were added for initial sync.
[2026-09-26 17:25:16] item-texture restarted successfully
[2026-09-26 17:25:20] INFO: Loading 2 account settings to client #1
[2026-09-26 17:25:28] NICK: Direct-Hosting.6694 is now known as Robson_Walton
[2026-09-26 17:26:44] ERROR: faction-system\s_faction_system.lua:1619: attempt to index field 'characterfrom' (a boolean value)
[2026-09-26 17:26:50] ERROR: faction-system\s_faction_system.lua:1619: attempt to index field 'characterfrom' (a boolean value)  [DUP x362]
[2026-09-26 17:26:50] ERROR: faction-system\s_faction_system.lua:1619: attempt to index field 'characterfrom' (a boolean value)
[2026-09-26 17:26:56] ERROR: faction-system\s_faction_system.lua:1619: attempt to index field 'characterfrom' (a boolean value)  [DUP x350]
[2026-09-26 17:28:54] ERROR: faction-system\s_faction_system.lua:1619: attempt to index field 'characterfrom' (a boolean value)
[2026-09-26 17:29:00] ERROR: faction-system\s_faction_system.lua:1619: attempt to index field 'characterfrom' (a boolean value)  [DUP x127]
[2026-09-26 17:29:51] ERROR: integration\s_forums.lua:49: attempt to concatenate local 'firstID' (a boolean value)
[2026-09-26 17:29:51] ERROR: admin-system\Player\s_player_commands.lua:5747: call: failed to call 'integration:createForumThread' [string "?"]
[2026-09-26 17:29:57] ERROR: integration\s_forums.lua:49: attempt to concatenate local 'firstID' (a boolean value)  [DUP x7]
[2026-09-26 17:29:57] ERROR: admin-system\Player\s_player_commands.lua:5747: call: failed to call 'integration:createForumThread' [string "?"]  [DUP x7]
[2026-09-26 17:29:57] ERROR: integration\s_forums.lua:49: attempt to concatenate local 'firstID' (a boolean value)
[2026-09-26 17:29:57] ERROR: admin-system\Player\s_player_commands.lua:5747: call: failed to call 'integration:createForumThread' [string "?"]
[2026-09-26 17:30:03] ERROR: integration\s_forums.lua:49: attempt to concatenate local 'firstID' (a boolean value)  [DUP x11]
[2026-09-26 17:30:03] ERROR: admin-system\Player\s_player_commands.lua:5747: call: failed to call 'integration:createForumThread' [string "?"]  [DUP x11]
[2026-09-26 17:30:03] ERROR: integration\s_forums.lua:49: attempt to concatenate local 'firstID' (a boolean value)
[2026-09-26 17:30:03] ERROR: admin-system\Player\s_player_commands.lua:5747: call: failed to call 'integration:createForumThread' [string "?"]
[2026-09-26 17:30:09] ERROR: integration\s_forums.lua:49: attempt to concatenate local 'firstID' (a boolean value)  [DUP x7]
[2026-09-26 17:30:09] ERROR: admin-system\Player\s_player_commands.lua:5747: call: failed to call 'integration:createForumThread' [string "?"]  [DUP x7]
[2026-09-26 17:30:09] ERROR: integration\s_forums.lua:49: attempt to concatenate local 'firstID' (a boolean value)
[2026-09-26 17:30:09] ERROR: admin-system\Player\s_player_commands.lua:5747: call: failed to call 'integration:createForumThread' [string "?"]
[2026-09-26 17:30:15] ERROR: integration\s_forums.lua:49: attempt to concatenate local 'firstID' (a boolean value)  [DUP x4]
[2026-09-26 17:30:15] ERROR: admin-system\Player\s_player_commands.lua:5747: call: failed to call 'integration:createForumThread' [string "?"]  [DUP x4]
[2026-09-26 17:30:15] ERROR: integration\s_forums.lua:49: attempt to concatenate local 'firstID' (a boolean value)
[2026-09-26 17:30:15] ERROR: admin-system\Player\s_player_commands.lua:5747: call: failed to call 'integration:createForumThread' [string "?"]
[2026-09-26 17:30:21] ERROR: integration\s_forums.lua:49: attempt to concatenate local 'firstID' (a boolean value)  [DUP x3]
[2026-09-26 17:30:21] ERROR: admin-system\Player\s_player_commands.lua:5747: call: failed to call 'integration:createForumThread' [string "?"]  [DUP x3]
[2026-09-26 17:30:21] ERROR: integration\s_forums.lua:49: attempt to concatenate local 'firstID' (a boolean value)
[2026-09-26 17:30:21] ERROR: admin-system\Player\s_player_commands.lua:5747: call: failed to call 'integration:createForumThread' [string "?"]
[2026-09-26 17:30:27] ERROR: integration\s_forums.lua:49: attempt to concatenate local 'firstID' (a boolean value)  [DUP x4]
[2026-09-26 17:30:27] ERROR: admin-system\Player\s_player_commands.lua:5747: call: failed to call 'integration:createForumThread' [string "?"]  [DUP x4]
[2026-09-26 17:30:27] ERROR: integration\s_forums.lua:49: attempt to concatenate local 'firstID' (a boolean value)
[2026-09-26 17:30:27] ERROR: admin-system\Player\s_player_commands.lua:5747: call: failed to call 'integration:createForumThread' [string "?"]
[2026-09-26 17:32:05] WARNING: interior-system\s_interior_system.lua:55: Bad argument @ 'getResourceState' [Expected resource-data at argument 1, got boolean]
[2026-09-26 17:34:16] INFO: [JOB-SYSTEM-TRUCKER] Fetched 0 actual orders sucessfully from SQL
[2026-09-26 17:34:25] WARNING: interior-system\s_interior_system.lua:55: Bad argument @ 'getResourceState' [Expected resource-data at argument 1, got boolean]
[2026-09-26 17:34:47] WARNING: interior-system\s_interior_system.lua:55: Bad argument @ 'getResourceState' [Expected resource-data at argument 1, got boolean]
[2026-09-26 17:39:23] WARNING: interior-system\s_interior_system.lua:55: Bad argument @ 'getResourceState' [Expected resource-data at argument 1, got boolean]
[2026-09-26 17:40:22] WARNING: interior-system\s_interior_system.lua:55: Bad argument @ 'getResourceState' [Expected resource-data at argument 1, got boolean]
[2026-09-26 17:40:41] WARNING: interior-system\s_interior_system.lua:55: Bad argument @ 'getResourceState' [Expected resource-data at argument 1, got boolean]
[2026-09-26 17:40:47] WARNING: interior-system\s_interior_system.lua:55: Bad argument @ 'getResourceState' [Expected resource-data at argument 1, got boolean]
[2026-09-26 17:41:10] WARNING: interior-system\s_interior_system.lua:55: Bad argument @ 'getResourceState' [Expected resource-data at argument 1, got boolean]
[2026-09-26 17:41:18] WARNING: interior-system\s_interior_system.lua:55: Bad argument @ 'getResourceState' [Expected resource-data at argument 1, got boolean]
[2026-09-26 17:44:16] INFO: [JOB-SYSTEM-TRUCKER] Fetched 0 actual orders sucessfully from SQL
[2026-09-26 17:44:33] WARNING: interior-system\s_interior_system.lua:55: Bad argument @ 'getResourceState' [Expected resource-data at argument 1, got boolean]
[2026-09-26 17:44:40] WARNING: interior-system\s_interior_system.lua:55: Bad argument @ 'getResourceState' [Expected resource-data at argument 1, got boolean]
[2026-09-26 17:46:48] Stopping faction-system
[2026-09-26 17:46:48] INFO: [Factions] Saving duty allow changes...
[2026-09-26 17:46:48] INFO: [Factions] Completed in 0 seconds.
[2026-09-26 17:46:48] Resource 'faction-system' changed, reloading and starting
[2026-09-26 17:46:48] Starting faction-system
[2026-09-26 17:46:48] faction-system restarted successfully
[2026-09-26 17:47:05] ERROR: faction-system\s_faction_system.lua:1619: attempt to index field 'characterfrom' (a boolean value)
[2026-09-26 17:47:11] ERROR: faction-system\s_faction_system.lua:1619: attempt to index field 'characterfrom' (a boolean value)  [DUP x115]
[2026-09-26 17:50:28] WARNING: interior-system\s_interior_system.lua:55: Bad argument @ 'getResourceState' [Expected resource-data at argument 1, got boolean]
[2026-09-26 17:52:13] ERROR: faction-system\s_faction_system.lua:1619: attempt to index field 'characterfrom' (a boolean value)
[2026-09-26 17:52:19] ERROR: faction-system\s_faction_system.lua:1619: attempt to index field 'characterfrom' (a boolean value)  [DUP x91]
[2026-09-26 17:52:22] ERROR: faction-system\s_faction_system.lua:1619: attempt to index field 'characterfrom' (a boolean value)
[2026-09-26 17:52:28] ERROR: faction-system\s_faction_system.lua:1619: attempt to index field 'characterfrom' (a boolean value)  [DUP x49]
[2026-09-26 17:53:22] INFO: [WEATHER] / Line 57 / SQL Settings for weather successfully altered.
[2026-09-26 17:53:59] INFO: (frozen=0)
[2026-09-26 17:53:59] INFO: frozen='0'
[2026-09-26 17:53:59] INFO: reloadPed(1)
[2026-09-26 17:53:59] INFO: ped = userdata: 00002B32
[2026-09-26 17:54:16] INFO: [JOB-SYSTEM-TRUCKER] Fetched 0 actual orders sucessfully from SQL
[2026-09-26 17:54:55] INFO: (frozen=1)
[2026-09-26 17:54:55] INFO: frozen='1'
[2026-09-26 17:54:55] INFO: reloadPed(1)
[2026-09-26 17:54:55] INFO: ped = userdata: 00002B33
[2026-09-26 17:55:13] INFO: reloadPed(1)
[2026-09-26 17:55:13] INFO: ped = userdata: 00002BB5
[2026-09-26 17:55:13] INFO: Successfully respawned ped with dbid 1
[2026-09-26 17:55:26] INFO: (frozen=1)
[2026-09-26 17:55:26] INFO: frozen='1'
[2026-09-26 17:55:26] INFO: reloadPed(1)
[2026-09-26 17:55:26] INFO: ped = userdata: 00002BB6
[2026-09-26 17:55:35] INFO: reloadPed(1)
[2026-09-26 17:55:35] INFO: ped = userdata: 00002BB7
[2026-09-26 17:55:35] INFO: Successfully respawned ped with dbid 1
[2026-09-26 18:04:16] INFO: [JOB-SYSTEM-TRUCKER] Fetched 0 actual orders sucessfully from SQL
